solid 
 facet normal  0.000000e+00 -1.000000e+00  0.000000e+00
   outer loop
     vertex  1.250000e+02 -1.185000e+02  0.000000e+00
     vertex  1.892000e+02 -1.185000e+02  0.000000e+00
     vertex  1.892000e+02 -1.185000e+02  1.510000e+00
   endloop
 endfacet
 facet normal  0.000000e+00 -1.000000e+00  0.000000e+00
   outer loop
     vertex  1.250000e+02 -1.185000e+02  0.000000e+00
     vertex  1.892000e+02 -1.185000e+02  1.510000e+00
     vertex  1.250000e+02 -1.185000e+02  1.510000e+00
   endloop
 endfacet
 facet normal  1.000000e+00 -0.000000e+00  0.000000e+00
   outer loop
     vertex  1.892000e+02 -1.185000e+02  1.510000e+00
     vertex  1.892000e+02 -7.000000e+01  0.000000e+00
     vertex  1.892000e+02 -7.000000e+01  1.510000e+00
   endloop
 endfacet
 facet normal  1.000000e+00  0.000000e+00  0.000000e+00
   outer loop
     vertex  1.892000e+02 -1.185000e+02  0.000000e+00
     vertex  1.892000e+02 -7.000000e+01  0.000000e+00
     vertex  1.892000e+02 -1.185000e+02  1.510000e+00
   endloop
 endfacet
 facet normal -1.000000e+00 -0.000000e+00  0.000000e+00
   outer loop
     vertex  1.250000e+02 -7.000000e+01  1.510000e+00
     vertex  1.250000e+02 -1.185000e+02  0.000000e+00
     vertex  1.250000e+02 -1.185000e+02  1.510000e+00
   endloop
 endfacet
 facet normal -1.000000e+00  0.000000e+00  0.000000e+00
   outer loop
     vertex  1.250000e+02 -7.000000e+01  0.000000e+00
     vertex  1.250000e+02 -1.185000e+02  0.000000e+00
     vertex  1.250000e+02 -7.000000e+01  1.510000e+00
   endloop
 endfacet
 facet normal -0.000000e+00  0.000000e+00 -1.000000e+00
   outer loop
     vertex  1.376875e+02 -1.082099e+02  0.000000e+00
     vertex  1.250000e+02 -1.185000e+02  0.000000e+00
     vertex  1.375115e+02 -1.080748e+02  0.000000e+00
   endloop
 endfacet
 facet normal  0.000000e+00 -0.000000e+00 -1.000000e+00
   outer loop
     vertex  1.373764e+02 -1.078988e+02  0.000000e+00
     vertex  1.375115e+02 -1.080748e+02  0.000000e+00
     vertex  1.250000e+02 -1.185000e+02  0.000000e+00
   endloop
 endfacet
 facet normal -0.000000e+00  0.000000e+00 -1.000000e+00
   outer loop
     vertex  1.378925e+02 -1.082948e+02  0.000000e+00
     vertex  1.250000e+02 -1.185000e+02  0.000000e+00
     vertex  1.376875e+02 -1.082099e+02  0.000000e+00
   endloop
 endfacet
 facet normal  0.000000e+00 -0.000000e+00 -1.000000e+00
   outer loop
     vertex  1.372915e+02 -1.076937e+02  0.000000e+00
     vertex  1.373764e+02 -1.078988e+02  0.000000e+00
     vertex  1.250000e+02 -1.185000e+02  0.000000e+00
   endloop
 endfacet
 facet normal  0.000000e+00 -0.000000e+00 -1.000000e+00
   outer loop
     vertex  1.372625e+02 -1.074737e+02  0.000000e+00
     vertex  1.372915e+02 -1.076937e+02  0.000000e+00
     vertex  1.250000e+02 -1.185000e+02  0.000000e+00
   endloop
 endfacet
 facet normal -0.000000e+00  0.000000e+00 -1.000000e+00
   outer loop
     vertex  1.381125e+02 -1.083238e+02  0.000000e+00
     vertex  1.250000e+02 -1.185000e+02  0.000000e+00
     vertex  1.378925e+02 -1.082948e+02  0.000000e+00
   endloop
 endfacet
 facet normal  0.000000e+00  0.000000e+00 -1.000000e+00
   outer loop
     vertex  1.383325e+02 -1.082948e+02  0.000000e+00
     vertex  1.250000e+02 -1.185000e+02  0.000000e+00
     vertex  1.381125e+02 -1.083238e+02  0.000000e+00
   endloop
 endfacet
 facet normal  0.000000e+00  0.000000e+00 -1.000000e+00
   outer loop
     vertex  1.366983e+02 -1.038080e+02  0.000000e+00
     vertex  1.373764e+02 -1.070487e+02  0.000000e+00
     vertex  1.372915e+02 -1.072538e+02  0.000000e+00
   endloop
 endfacet
 facet normal  0.000000e+00  0.000000e+00 -1.000000e+00
   outer loop
     vertex  1.371125e+02 -1.041258e+02  0.000000e+00
     vertex  1.375115e+02 -1.068727e+02  0.000000e+00
     vertex  1.373764e+02 -1.070487e+02  0.000000e+00
   endloop
 endfacet
 facet normal  0.000000e+00  0.000000e+00 -1.000000e+00
   outer loop
     vertex  1.371125e+02 -1.041258e+02  0.000000e+00
     vertex  1.376875e+02 -1.067376e+02  0.000000e+00
     vertex  1.375115e+02 -1.068727e+02  0.000000e+00
   endloop
 endfacet
 facet normal -0.000000e+00 -0.000000e+00 -1.000000e+00
   outer loop
     vertex  1.371125e+02 -1.041258e+02  0.000000e+00
     vertex  1.373764e+02 -1.070487e+02  0.000000e+00
     vertex  1.366983e+02 -1.038080e+02  0.000000e+00
   endloop
 endfacet
 facet normal  0.000000e+00  0.000000e+00 -1.000000e+00
   outer loop
     vertex  1.363804e+02 -1.033937e+02  0.000000e+00
     vertex  1.372915e+02 -1.072538e+02  0.000000e+00
     vertex  1.372625e+02 -1.074737e+02  0.000000e+00
   endloop
 endfacet
 facet normal  0.000000e+00 -0.000000e+00 -1.000000e+00
   outer loop
     vertex  1.363804e+02 -1.033937e+02  0.000000e+00
     vertex  1.372625e+02 -1.074737e+02  0.000000e+00
     vertex  1.250000e+02 -1.185000e+02  0.000000e+00
   endloop
 endfacet
 facet normal  0.000000e+00  0.000000e+00 -1.000000e+00
   outer loop
     vertex  1.363804e+02 -1.033937e+02  0.000000e+00
     vertex  1.366983e+02 -1.038080e+02  0.000000e+00
     vertex  1.372915e+02 -1.072538e+02  0.000000e+00
   endloop
 endfacet
 facet normal  0.000000e+00  0.000000e+00 -1.000000e+00
   outer loop
     vertex  1.375949e+02 -1.043256e+02  0.000000e+00
     vertex  1.378925e+02 -1.066527e+02  0.000000e+00
     vertex  1.376875e+02 -1.067376e+02  0.000000e+00
   endloop
 endfacet
 facet normal -0.000000e+00 -0.000000e+00 -1.000000e+00
   outer loop
     vertex  1.375949e+02 -1.043256e+02  0.000000e+00
     vertex  1.376875e+02 -1.067376e+02  0.000000e+00
     vertex  1.371125e+02 -1.041258e+02  0.000000e+00
   endloop
 endfacet
 facet normal  0.000000e+00 -0.000000e+00 -1.000000e+00
   outer loop
     vertex  1.361806e+02 -1.029114e+02  0.000000e+00
     vertex  1.363804e+02 -1.033937e+02  0.000000e+00
     vertex  1.250000e+02 -1.185000e+02  0.000000e+00
   endloop
 endfacet
 facet normal  0.000000e+00 -0.000000e+00 -1.000000e+00
   outer loop
     vertex  1.361125e+02 -1.023937e+02  0.000000e+00
     vertex  1.361806e+02 -1.029114e+02  0.000000e+00
     vertex  1.250000e+02 -1.185000e+02  0.000000e+00
   endloop
 endfacet
 facet normal  0.000000e+00 -0.000000e+00 -1.000000e+00
   outer loop
     vertex  1.381125e+02 -1.043937e+02  0.000000e+00
     vertex  1.381125e+02 -1.066237e+02  0.000000e+00
     vertex  1.378925e+02 -1.066527e+02  0.000000e+00
   endloop
 endfacet
 facet normal  0.000000e+00  0.000000e+00 -1.000000e+00
   outer loop
     vertex  1.381125e+02 -1.043937e+02  0.000000e+00
     vertex  1.383325e+02 -1.066527e+02  0.000000e+00
     vertex  1.381125e+02 -1.066237e+02  0.000000e+00
   endloop
 endfacet
 facet normal -0.000000e+00  0.000000e+00 -1.000000e+00
   outer loop
     vertex  1.381125e+02 -1.043937e+02  0.000000e+00
     vertex  1.378925e+02 -1.066527e+02  0.000000e+00
     vertex  1.375949e+02 -1.043256e+02  0.000000e+00
   endloop
 endfacet
 facet normal  0.000000e+00  0.000000e+00 -1.000000e+00
   outer loop
     vertex  1.361806e+02 -1.018761e+02  0.000000e+00
     vertex  1.361125e+02 -1.023937e+02  0.000000e+00
     vertex  1.250000e+02 -1.185000e+02  0.000000e+00
   endloop
 endfacet
 facet normal  0.000000e+00  0.000000e+00 -1.000000e+00
   outer loop
     vertex  1.386301e+02 -1.043256e+02  0.000000e+00
     vertex  1.385375e+02 -1.067376e+02  0.000000e+00
     vertex  1.383325e+02 -1.066527e+02  0.000000e+00
   endloop
 endfacet
 facet normal  0.000000e+00  0.000000e+00 -1.000000e+00
   outer loop
     vertex  1.386301e+02 -1.043256e+02  0.000000e+00
     vertex  1.383325e+02 -1.066527e+02  0.000000e+00
     vertex  1.381125e+02 -1.043937e+02  0.000000e+00
   endloop
 endfacet
 facet normal  0.000000e+00  0.000000e+00 -1.000000e+00
   outer loop
     vertex  1.391125e+02 -1.041258e+02  0.000000e+00
     vertex  1.387135e+02 -1.068727e+02  0.000000e+00
     vertex  1.385375e+02 -1.067376e+02  0.000000e+00
   endloop
 endfacet
 facet normal  0.000000e+00  0.000000e+00 -1.000000e+00
   outer loop
     vertex  1.391125e+02 -1.041258e+02  0.000000e+00
     vertex  1.388486e+02 -1.070487e+02  0.000000e+00
     vertex  1.387135e+02 -1.068727e+02  0.000000e+00
   endloop
 endfacet
 facet normal  0.000000e+00  0.000000e+00 -1.000000e+00
   outer loop
     vertex  1.391125e+02 -1.041258e+02  0.000000e+00
     vertex  1.385375e+02 -1.067376e+02  0.000000e+00
     vertex  1.386301e+02 -1.043256e+02  0.000000e+00
   endloop
 endfacet
 facet normal  0.000000e+00  0.000000e+00 -1.000000e+00
   outer loop
     vertex  1.426622e+02 -1.054641e+02  0.000000e+00
     vertex  1.389625e+02 -1.074737e+02  0.000000e+00
     vertex  1.389335e+02 -1.072538e+02  0.000000e+00
   endloop
 endfacet
 facet normal  0.000000e+00  0.000000e+00 -1.000000e+00
   outer loop
     vertex  1.425430e+02 -1.053088e+02  0.000000e+00
     vertex  1.389335e+02 -1.072538e+02  0.000000e+00
     vertex  1.388486e+02 -1.070487e+02  0.000000e+00
   endloop
 endfacet
 facet normal  0.000000e+00 -0.000000e+00 -1.000000e+00
   outer loop
     vertex  1.425430e+02 -1.053088e+02  0.000000e+00
     vertex  1.426622e+02 -1.054641e+02  0.000000e+00
     vertex  1.389335e+02 -1.072538e+02  0.000000e+00
   endloop
 endfacet
 facet normal  0.000000e+00  0.000000e+00 -1.000000e+00
   outer loop
     vertex  1.428175e+02 -1.055833e+02  0.000000e+00
     vertex  1.389335e+02 -1.076937e+02  0.000000e+00
     vertex  1.389625e+02 -1.074737e+02  0.000000e+00
   endloop
 endfacet
 facet normal -0.000000e+00  0.000000e+00 -1.000000e+00
   outer loop
     vertex  1.428175e+02 -1.055833e+02  0.000000e+00
     vertex  1.389625e+02 -1.074737e+02  0.000000e+00
     vertex  1.426622e+02 -1.054641e+02  0.000000e+00
   endloop
 endfacet
 facet normal  0.000000e+00  0.000000e+00 -1.000000e+00
   outer loop
     vertex  1.429984e+02 -1.056582e+02  0.000000e+00
     vertex  1.388486e+02 -1.078987e+02  0.000000e+00
     vertex  1.389335e+02 -1.076937e+02  0.000000e+00
   endloop
 endfacet
 facet normal -0.000000e+00  0.000000e+00 -1.000000e+00
   outer loop
     vertex  1.429984e+02 -1.056582e+02  0.000000e+00
     vertex  1.389335e+02 -1.076937e+02  0.000000e+00
     vertex  1.428175e+02 -1.055833e+02  0.000000e+00
   endloop
 endfacet
 facet normal  0.000000e+00 -0.000000e+00 -1.000000e+00
   outer loop
     vertex  1.424681e+02 -1.051279e+02  0.000000e+00
     vertex  1.425430e+02 -1.053088e+02  0.000000e+00
     vertex  1.388486e+02 -1.070487e+02  0.000000e+00
   endloop
 endfacet
 facet normal -0.000000e+00  0.000000e+00 -1.000000e+00
   outer loop
     vertex  1.424681e+02 -1.051279e+02  0.000000e+00
     vertex  1.388486e+02 -1.070487e+02  0.000000e+00
     vertex  1.391125e+02 -1.041258e+02  0.000000e+00
   endloop
 endfacet
 facet normal  0.000000e+00  0.000000e+00 -1.000000e+00
   outer loop
     vertex  1.424681e+02 -1.051279e+02  0.000000e+00
     vertex  1.391125e+02 -1.041258e+02  0.000000e+00
     vertex  1.395267e+02 -1.038080e+02  0.000000e+00
   endloop
 endfacet
 facet normal -0.000000e+00 -0.000000e+00 -1.000000e+00
   outer loop
     vertex  1.424425e+02 -1.049338e+02  0.000000e+00
     vertex  1.424681e+02 -1.051279e+02  0.000000e+00
     vertex  1.395267e+02 -1.038080e+02  0.000000e+00
   endloop
 endfacet
 facet normal  0.000000e+00  0.000000e+00 -1.000000e+00
   outer loop
     vertex  1.431925e+02 -1.056838e+02  0.000000e+00
     vertex  1.387135e+02 -1.080748e+02  0.000000e+00
     vertex  1.388486e+02 -1.078987e+02  0.000000e+00
   endloop
 endfacet
 facet normal -0.000000e+00  0.000000e+00 -1.000000e+00
   outer loop
     vertex  1.431925e+02 -1.056838e+02  0.000000e+00
     vertex  1.388486e+02 -1.078987e+02  0.000000e+00
     vertex  1.429984e+02 -1.056582e+02  0.000000e+00
   endloop
 endfacet
 facet normal  0.000000e+00  0.000000e+00 -1.000000e+00
   outer loop
     vertex  1.424681e+02 -1.047396e+02  0.000000e+00
     vertex  1.395267e+02 -1.038080e+02  0.000000e+00
     vertex  1.398446e+02 -1.033937e+02  0.000000e+00
   endloop
 endfacet
 facet normal -0.000000e+00  0.000000e+00 -1.000000e+00
   outer loop
     vertex  1.424681e+02 -1.047396e+02  0.000000e+00
     vertex  1.424425e+02 -1.049338e+02  0.000000e+00
     vertex  1.395267e+02 -1.038080e+02  0.000000e+00
   endloop
 endfacet
 facet normal  0.000000e+00  0.000000e+00 -1.000000e+00
   outer loop
     vertex  1.433866e+02 -1.056582e+02  0.000000e+00
     vertex  1.387135e+02 -1.080748e+02  0.000000e+00
     vertex  1.431925e+02 -1.056838e+02  0.000000e+00
   endloop
 endfacet
 facet normal -0.000000e+00  0.000000e+00 -1.000000e+00
   outer loop
     vertex  1.425430e+02 -1.045588e+02  0.000000e+00
     vertex  1.424681e+02 -1.047396e+02  0.000000e+00
     vertex  1.398446e+02 -1.033937e+02  0.000000e+00
   endloop
 endfacet
 facet normal  0.000000e+00  0.000000e+00 -1.000000e+00
   outer loop
     vertex  1.425430e+02 -1.045588e+02  0.000000e+00
     vertex  1.398446e+02 -1.033937e+02  0.000000e+00
     vertex  1.400444e+02 -1.029114e+02  0.000000e+00
   endloop
 endfacet
 facet normal -0.000000e+00  0.000000e+00 -1.000000e+00
   outer loop
     vertex  1.426622e+02 -1.044034e+02  0.000000e+00
     vertex  1.425430e+02 -1.045588e+02  0.000000e+00
     vertex  1.400444e+02 -1.029114e+02  0.000000e+00
   endloop
 endfacet
 facet normal -0.000000e+00  0.000000e+00 -1.000000e+00
   outer loop
     vertex  1.428175e+02 -1.042842e+02  0.000000e+00
     vertex  1.426622e+02 -1.044034e+02  0.000000e+00
     vertex  1.400444e+02 -1.029114e+02  0.000000e+00
   endloop
 endfacet
 facet normal  0.000000e+00  0.000000e+00 -1.000000e+00
   outer loop
     vertex  1.428175e+02 -1.042842e+02  0.000000e+00
     vertex  1.400444e+02 -1.029114e+02  0.000000e+00
     vertex  1.401125e+02 -1.023937e+02  0.000000e+00
   endloop
 endfacet
 facet normal -0.000000e+00  0.000000e+00 -1.000000e+00
   outer loop
     vertex  1.429984e+02 -1.042093e+02  0.000000e+00
     vertex  1.428175e+02 -1.042842e+02  0.000000e+00
     vertex  1.401125e+02 -1.023937e+02  0.000000e+00
   endloop
 endfacet
 facet normal  0.000000e+00  0.000000e+00 -1.000000e+00
   outer loop
     vertex  1.429984e+02 -1.042093e+02  0.000000e+00
     vertex  1.401125e+02 -1.023937e+02  0.000000e+00
     vertex  1.400444e+02 -1.018761e+02  0.000000e+00
   endloop
 endfacet
 facet normal -0.000000e+00  0.000000e+00 -1.000000e+00
   outer loop
     vertex  1.431925e+02 -1.041838e+02  0.000000e+00
     vertex  1.429984e+02 -1.042093e+02  0.000000e+00
     vertex  1.400444e+02 -1.018761e+02  0.000000e+00
   endloop
 endfacet
 facet normal  0.000000e+00 -0.000000e+00 -1.000000e+00
   outer loop
     vertex  1.373764e+02 -9.773875e+01  0.000000e+00
     vertex  1.375115e+02 -9.791479e+01  0.000000e+00
     vertex  1.371125e+02 -1.006617e+02  0.000000e+00
   endloop
 endfacet
 facet normal  0.000000e+00  0.000000e+00 -1.000000e+00
   outer loop
     vertex  1.373764e+02 -9.773875e+01  0.000000e+00
     vertex  1.371125e+02 -1.006617e+02  0.000000e+00
     vertex  1.366983e+02 -1.009795e+02  0.000000e+00
   endloop
 endfacet
 facet normal -0.000000e+00  0.000000e+00 -1.000000e+00
   outer loop
     vertex  1.376875e+02 -9.804987e+01  0.000000e+00
     vertex  1.371125e+02 -1.006617e+02  0.000000e+00
     vertex  1.375115e+02 -9.791479e+01  0.000000e+00
   endloop
 endfacet
 facet normal  0.000000e+00  0.000000e+00 -1.000000e+00
   outer loop
     vertex  1.376875e+02 -9.804987e+01  0.000000e+00
     vertex  1.375949e+02 -1.004619e+02  0.000000e+00
     vertex  1.371125e+02 -1.006617e+02  0.000000e+00
   endloop
 endfacet
 facet normal -0.000000e+00  0.000000e+00 -1.000000e+00
   outer loop
     vertex  1.378925e+02 -9.813479e+01  0.000000e+00
     vertex  1.375949e+02 -1.004619e+02  0.000000e+00
     vertex  1.376875e+02 -9.804987e+01  0.000000e+00
   endloop
 endfacet
 facet normal  0.000000e+00 -0.000000e+00 -1.000000e+00
   outer loop
     vertex  1.378925e+02 -9.813479e+01  0.000000e+00
     vertex  1.381125e+02 -1.003937e+02  0.000000e+00
     vertex  1.375949e+02 -1.004619e+02  0.000000e+00
   endloop
 endfacet
 facet normal  0.000000e+00  0.000000e+00 -1.000000e+00
   outer loop
     vertex  1.372915e+02 -9.753375e+01  0.000000e+00
     vertex  1.366983e+02 -1.009795e+02  0.000000e+00
     vertex  1.363804e+02 -1.013937e+02  0.000000e+00
   endloop
 endfacet
 facet normal  0.000000e+00 -0.000000e+00 -1.000000e+00
   outer loop
     vertex  1.372915e+02 -9.753375e+01  0.000000e+00
     vertex  1.373764e+02 -9.773875e+01  0.000000e+00
     vertex  1.366983e+02 -1.009795e+02  0.000000e+00
   endloop
 endfacet
 facet normal  0.000000e+00  0.000000e+00 -1.000000e+00
   outer loop
     vertex  1.372625e+02 -9.731375e+01  0.000000e+00
     vertex  1.363804e+02 -1.013937e+02  0.000000e+00
     vertex  1.361806e+02 -1.018761e+02  0.000000e+00
   endloop
 endfacet
 facet normal  0.000000e+00 -0.000000e+00 -1.000000e+00
   outer loop
     vertex  1.372625e+02 -9.731375e+01  0.000000e+00
     vertex  1.372915e+02 -9.753375e+01  0.000000e+00
     vertex  1.363804e+02 -1.013937e+02  0.000000e+00
   endloop
 endfacet
 facet normal -0.000000e+00 -0.000000e+00 -1.000000e+00
   outer loop
     vertex  1.381125e+02 -9.816375e+01  0.000000e+00
     vertex  1.381125e+02 -1.003937e+02  0.000000e+00
     vertex  1.378925e+02 -9.813479e+01  0.000000e+00
   endloop
 endfacet
 facet normal  0.000000e+00 -0.000000e+00 -1.000000e+00
   outer loop
     vertex  1.383325e+02 -9.813479e+01  0.000000e+00
     vertex  1.386301e+02 -1.004619e+02  0.000000e+00
     vertex  1.381125e+02 -1.003937e+02  0.000000e+00
   endloop
 endfacet
 facet normal  0.000000e+00  0.000000e+00 -1.000000e+00
   outer loop
     vertex  1.383325e+02 -9.813479e+01  0.000000e+00
     vertex  1.381125e+02 -1.003937e+02  0.000000e+00
     vertex  1.381125e+02 -9.816375e+01  0.000000e+00
   endloop
 endfacet
 facet normal  0.000000e+00  0.000000e+00 -1.000000e+00
   outer loop
     vertex  1.372915e+02 -9.709375e+01  0.000000e+00
     vertex  1.372625e+02 -9.731375e+01  0.000000e+00
     vertex  1.361806e+02 -1.018761e+02  0.000000e+00
   endloop
 endfacet
 facet normal -0.000000e+00  0.000000e+00 -1.000000e+00
   outer loop
     vertex  1.402775e+02 -9.923327e+01  0.000000e+00
     vertex  1.391125e+02 -1.006617e+02  0.000000e+00
     vertex  1.401222e+02 -9.911408e+01  0.000000e+00
   endloop
 endfacet
 facet normal  0.000000e+00  0.000000e+00 -1.000000e+00
   outer loop
     vertex  1.402775e+02 -9.923327e+01  0.000000e+00
     vertex  1.395267e+02 -1.009795e+02  0.000000e+00
     vertex  1.391125e+02 -1.006617e+02  0.000000e+00
   endloop
 endfacet
 facet normal  0.000000e+00 -0.000000e+00 -1.000000e+00
   outer loop
     vertex  1.400030e+02 -9.895875e+01  0.000000e+00
     vertex  1.401222e+02 -9.911408e+01  0.000000e+00
     vertex  1.391125e+02 -1.006617e+02  0.000000e+00
   endloop
 endfacet
 facet normal  0.000000e+00  0.000000e+00 -1.000000e+00
   outer loop
     vertex  1.400030e+02 -9.895875e+01  0.000000e+00
     vertex  1.391125e+02 -1.006617e+02  0.000000e+00
     vertex  1.386301e+02 -1.004619e+02  0.000000e+00
   endloop
 endfacet
 facet normal  0.000000e+00  0.000000e+00 -1.000000e+00
   outer loop
     vertex  1.399281e+02 -9.877786e+01  0.000000e+00
     vertex  1.383325e+02 -9.813479e+01  0.000000e+00
     vertex  1.385375e+02 -9.804987e+01  0.000000e+00
   endloop
 endfacet
 facet normal  0.000000e+00 -0.000000e+00 -1.000000e+00
   outer loop
     vertex  1.399281e+02 -9.877786e+01  0.000000e+00
     vertex  1.400030e+02 -9.895875e+01  0.000000e+00
     vertex  1.386301e+02 -1.004619e+02  0.000000e+00
   endloop
 endfacet
 facet normal -0.000000e+00  0.000000e+00 -1.000000e+00
   outer loop
     vertex  1.399281e+02 -9.877786e+01  0.000000e+00
     vertex  1.386301e+02 -1.004619e+02  0.000000e+00
     vertex  1.383325e+02 -9.813479e+01  0.000000e+00
   endloop
 endfacet
 facet normal -0.000000e+00  0.000000e+00 -1.000000e+00
   outer loop
     vertex  1.404584e+02 -9.930819e+01  0.000000e+00
     vertex  1.395267e+02 -1.009795e+02  0.000000e+00
     vertex  1.402775e+02 -9.923327e+01  0.000000e+00
   endloop
 endfacet
 facet normal  0.000000e+00  0.000000e+00 -1.000000e+00
   outer loop
     vertex  1.399025e+02 -9.858375e+01  0.000000e+00
     vertex  1.385375e+02 -9.804987e+01  0.000000e+00
     vertex  1.387135e+02 -9.791479e+01  0.000000e+00
   endloop
 endfacet
 facet normal -0.000000e+00 -0.000000e+00 -1.000000e+00
   outer loop
     vertex  1.399025e+02 -9.858375e+01  0.000000e+00
     vertex  1.399281e+02 -9.877786e+01  0.000000e+00
     vertex  1.385375e+02 -9.804987e+01  0.000000e+00
   endloop
 endfacet
 facet normal -0.000000e+00  0.000000e+00 -1.000000e+00
   outer loop
     vertex  1.406525e+02 -9.933375e+01  0.000000e+00
     vertex  1.395267e+02 -1.009795e+02  0.000000e+00
     vertex  1.404584e+02 -9.930819e+01  0.000000e+00
   endloop
 endfacet
 facet normal  0.000000e+00  0.000000e+00 -1.000000e+00
   outer loop
     vertex  1.406525e+02 -9.933375e+01  0.000000e+00
     vertex  1.398446e+02 -1.013937e+02  0.000000e+00
     vertex  1.395267e+02 -1.009795e+02  0.000000e+00
   endloop
 endfacet
 facet normal  0.000000e+00  0.000000e+00 -1.000000e+00
   outer loop
     vertex  1.399281e+02 -9.838964e+01  0.000000e+00
     vertex  1.387135e+02 -9.791479e+01  0.000000e+00
     vertex  1.388486e+02 -9.773875e+01  0.000000e+00
   endloop
 endfacet
 facet normal -0.000000e+00  0.000000e+00 -1.000000e+00
   outer loop
     vertex  1.399281e+02 -9.838964e+01  0.000000e+00
     vertex  1.399025e+02 -9.858375e+01  0.000000e+00
     vertex  1.387135e+02 -9.791479e+01  0.000000e+00
   endloop
 endfacet
 facet normal  0.000000e+00  0.000000e+00 -1.000000e+00
   outer loop
     vertex  1.408466e+02 -9.930819e+01  0.000000e+00
     vertex  1.398446e+02 -1.013937e+02  0.000000e+00
     vertex  1.406525e+02 -9.933375e+01  0.000000e+00
   endloop
 endfacet
 facet normal  0.000000e+00  0.000000e+00 -1.000000e+00
   outer loop
     vertex  1.408466e+02 -9.930819e+01  0.000000e+00
     vertex  1.400444e+02 -1.018761e+02  0.000000e+00
     vertex  1.398446e+02 -1.013937e+02  0.000000e+00
   endloop
 endfacet
 facet normal  0.000000e+00  0.000000e+00 -1.000000e+00
   outer loop
     vertex  1.410275e+02 -9.923327e+01  0.000000e+00
     vertex  1.400444e+02 -1.018761e+02  0.000000e+00
     vertex  1.408466e+02 -9.930819e+01  0.000000e+00
   endloop
 endfacet
 facet normal  0.000000e+00 -0.000000e+00 -1.000000e+00
   outer loop
     vertex  1.410275e+02 -9.923327e+01  0.000000e+00
     vertex  1.431925e+02 -1.041838e+02  0.000000e+00
     vertex  1.400444e+02 -1.018761e+02  0.000000e+00
   endloop
 endfacet
 facet normal -0.000000e+00  0.000000e+00 -1.000000e+00
   outer loop
     vertex  1.400030e+02 -9.820875e+01  0.000000e+00
     vertex  1.399281e+02 -9.838964e+01  0.000000e+00
     vertex  1.388486e+02 -9.773875e+01  0.000000e+00
   endloop
 endfacet
 facet normal  0.000000e+00  0.000000e+00 -1.000000e+00
   outer loop
     vertex  1.400030e+02 -9.820875e+01  0.000000e+00
     vertex  1.388486e+02 -9.773875e+01  0.000000e+00
     vertex  1.389335e+02 -9.753375e+01  0.000000e+00
   endloop
 endfacet
 facet normal -0.000000e+00  0.000000e+00 -1.000000e+00
   outer loop
     vertex  1.401222e+02 -9.805342e+01  0.000000e+00
     vertex  1.400030e+02 -9.820875e+01  0.000000e+00
     vertex  1.389335e+02 -9.753375e+01  0.000000e+00
   endloop
 endfacet
 facet normal  0.000000e+00  0.000000e+00 -1.000000e+00
   outer loop
     vertex  1.401222e+02 -9.805342e+01  0.000000e+00
     vertex  1.389335e+02 -9.753375e+01  0.000000e+00
     vertex  1.389625e+02 -9.731375e+01  0.000000e+00
   endloop
 endfacet
 facet normal  0.000000e+00 -0.000000e+00 -1.000000e+00
   outer loop
     vertex  1.411828e+02 -9.911408e+01  0.000000e+00
     vertex  1.431925e+02 -1.041838e+02  0.000000e+00
     vertex  1.410275e+02 -9.923327e+01  0.000000e+00
   endloop
 endfacet
 facet normal  0.000000e+00  0.000000e+00 -1.000000e+00
   outer loop
     vertex  1.411828e+02 -9.911408e+01  0.000000e+00
     vertex  1.433866e+02 -1.042093e+02  0.000000e+00
     vertex  1.431925e+02 -1.041838e+02  0.000000e+00
   endloop
 endfacet
 facet normal -0.000000e+00  0.000000e+00 -1.000000e+00
   outer loop
     vertex  1.402775e+02 -9.793423e+01  0.000000e+00
     vertex  1.401222e+02 -9.805342e+01  0.000000e+00
     vertex  1.389625e+02 -9.731375e+01  0.000000e+00
   endloop
 endfacet
 facet normal  0.000000e+00  0.000000e+00 -1.000000e+00
   outer loop
     vertex  1.402775e+02 -9.793423e+01  0.000000e+00
     vertex  1.389625e+02 -9.731375e+01  0.000000e+00
     vertex  1.389335e+02 -9.709375e+01  0.000000e+00
   endloop
 endfacet
 facet normal  0.000000e+00  0.000000e+00 -1.000000e+00
   outer loop
     vertex  1.413020e+02 -9.895875e+01  0.000000e+00
     vertex  1.435675e+02 -1.042842e+02  0.000000e+00
     vertex  1.433866e+02 -1.042093e+02  0.000000e+00
   endloop
 endfacet
 facet normal  0.000000e+00 -0.000000e+00 -1.000000e+00
   outer loop
     vertex  1.413020e+02 -9.895875e+01  0.000000e+00
     vertex  1.433866e+02 -1.042093e+02  0.000000e+00
     vertex  1.411828e+02 -9.911408e+01  0.000000e+00
   endloop
 endfacet
 facet normal  0.000000e+00 -0.000000e+00 -1.000000e+00
   outer loop
     vertex  1.413769e+02 -9.877786e+01  0.000000e+00
     vertex  1.435675e+02 -1.042842e+02  0.000000e+00
     vertex  1.413020e+02 -9.895875e+01  0.000000e+00
   endloop
 endfacet
 facet normal  0.000000e+00  0.000000e+00 -1.000000e+00
   outer loop
     vertex  1.413769e+02 -9.877786e+01  0.000000e+00
     vertex  1.437228e+02 -1.044034e+02  0.000000e+00
     vertex  1.435675e+02 -1.042842e+02  0.000000e+00
   endloop
 endfacet
 facet normal  0.000000e+00  0.000000e+00 -1.000000e+00
   outer loop
     vertex  1.404584e+02 -9.785931e+01  0.000000e+00
     vertex  1.389335e+02 -9.709375e+01  0.000000e+00
     vertex  1.388486e+02 -9.688875e+01  0.000000e+00
   endloop
 endfacet
 facet normal -0.000000e+00  0.000000e+00 -1.000000e+00
   outer loop
     vertex  1.404584e+02 -9.785931e+01  0.000000e+00
     vertex  1.402775e+02 -9.793423e+01  0.000000e+00
     vertex  1.389335e+02 -9.709375e+01  0.000000e+00
   endloop
 endfacet
 facet normal -0.000000e+00  0.000000e+00 -1.000000e+00
   outer loop
     vertex  1.406525e+02 -9.783375e+01  0.000000e+00
     vertex  1.404584e+02 -9.785931e+01  0.000000e+00
     vertex  1.388486e+02 -9.688875e+01  0.000000e+00
   endloop
 endfacet
 facet normal  0.000000e+00  0.000000e+00 -1.000000e+00
   outer loop
     vertex  1.406525e+02 -9.783375e+01  0.000000e+00
     vertex  1.388486e+02 -9.688875e+01  0.000000e+00
     vertex  1.387135e+02 -9.671271e+01  0.000000e+00
   endloop
 endfacet
 facet normal  0.000000e+00 -0.000000e+00 -1.000000e+00
   outer loop
     vertex  1.414025e+02 -9.858375e+01  0.000000e+00
     vertex  1.437228e+02 -1.044034e+02  0.000000e+00
     vertex  1.413769e+02 -9.877786e+01  0.000000e+00
   endloop
 endfacet
 facet normal  0.000000e+00  0.000000e+00 -1.000000e+00
   outer loop
     vertex  1.408466e+02 -9.785931e+01  0.000000e+00
     vertex  1.406525e+02 -9.783375e+01  0.000000e+00
     vertex  1.387135e+02 -9.671271e+01  0.000000e+00
   endloop
 endfacet
 facet normal  0.000000e+00  0.000000e+00 -1.000000e+00
   outer loop
     vertex  1.565615e+02 -1.080748e+02  0.000000e+00
     vertex  1.387135e+02 -1.080748e+02  0.000000e+00
     vertex  1.433866e+02 -1.056582e+02  0.000000e+00
   endloop
 endfacet
 facet normal -0.000000e+00  0.000000e+00 -1.000000e+00
   outer loop
     vertex  1.565615e+02 -1.080748e+02  0.000000e+00
     vertex  1.385375e+02 -1.082099e+02  0.000000e+00
     vertex  1.387135e+02 -1.080748e+02  0.000000e+00
   endloop
 endfacet
 facet normal  0.000000e+00  0.000000e+00 -1.000000e+00
   outer loop
     vertex  1.565615e+02 -1.080748e+02  0.000000e+00
     vertex  1.433866e+02 -1.056582e+02  0.000000e+00
     vertex  1.435675e+02 -1.055833e+02  0.000000e+00
   endloop
 endfacet
 facet normal  0.000000e+00  0.000000e+00 -1.000000e+00
   outer loop
     vertex  1.373764e+02 -8.884875e+01  0.000000e+00
     vertex  1.375115e+02 -8.902479e+01  0.000000e+00
     vertex  1.375115e+02 -9.671271e+01  0.000000e+00
   endloop
 endfacet
 facet normal  0.000000e+00 -0.000000e+00 -1.000000e+00
   outer loop
     vertex  1.373764e+02 -8.884875e+01  0.000000e+00
     vertex  1.373764e+02 -9.688875e+01  0.000000e+00
     vertex  1.372915e+02 -9.709375e+01  0.000000e+00
   endloop
 endfacet
 facet normal  0.000000e+00  0.000000e+00 -1.000000e+00
   outer loop
     vertex  1.373764e+02 -8.884875e+01  0.000000e+00
     vertex  1.375115e+02 -9.671271e+01  0.000000e+00
     vertex  1.373764e+02 -9.688875e+01  0.000000e+00
   endloop
 endfacet
 facet normal -0.000000e+00  0.000000e+00 -1.000000e+00
   outer loop
     vertex  1.376875e+02 -8.915987e+01  0.000000e+00
     vertex  1.375115e+02 -9.671271e+01  0.000000e+00
     vertex  1.375115e+02 -8.902479e+01  0.000000e+00
   endloop
 endfacet
 facet normal  0.000000e+00 -0.000000e+00 -1.000000e+00
   outer loop
     vertex  1.376875e+02 -8.915987e+01  0.000000e+00
     vertex  1.376875e+02 -9.657763e+01  0.000000e+00
     vertex  1.375115e+02 -9.671271e+01  0.000000e+00
   endloop
 endfacet
 facet normal  0.000000e+00  0.000000e+00 -1.000000e+00
   outer loop
     vertex  1.376875e+02 -8.915987e+01  0.000000e+00
     vertex  1.378925e+02 -9.649271e+01  0.000000e+00
     vertex  1.376875e+02 -9.657763e+01  0.000000e+00
   endloop
 endfacet
 facet normal  0.000000e+00  0.000000e+00 -1.000000e+00
   outer loop
     vertex  1.567375e+02 -1.082099e+02  0.000000e+00
     vertex  1.385375e+02 -1.082099e+02  0.000000e+00
     vertex  1.565615e+02 -1.080748e+02  0.000000e+00
   endloop
 endfacet
 facet normal -0.000000e+00  0.000000e+00 -1.000000e+00
   outer loop
     vertex  1.567375e+02 -1.082099e+02  0.000000e+00
     vertex  1.383325e+02 -1.082948e+02  0.000000e+00
     vertex  1.385375e+02 -1.082099e+02  0.000000e+00
   endloop
 endfacet
 facet normal -0.000000e+00 -0.000000e+00 -1.000000e+00
   outer loop
     vertex  1.564264e+02 -1.078988e+02  0.000000e+00
     vertex  1.565615e+02 -1.080748e+02  0.000000e+00
     vertex  1.435675e+02 -1.055833e+02  0.000000e+00
   endloop
 endfacet
 facet normal  0.000000e+00  0.000000e+00 -1.000000e+00
   outer loop
     vertex  1.564264e+02 -1.078988e+02  0.000000e+00
     vertex  1.435675e+02 -1.055833e+02  0.000000e+00
     vertex  1.437228e+02 -1.054641e+02  0.000000e+00
   endloop
 endfacet
 facet normal -0.000000e+00 -0.000000e+00 -1.000000e+00
   outer loop
     vertex  1.378925e+02 -8.924479e+01  0.000000e+00
     vertex  1.378925e+02 -9.649271e+01  0.000000e+00
     vertex  1.376875e+02 -8.915987e+01  0.000000e+00
   endloop
 endfacet
 facet normal  0.000000e+00  0.000000e+00 -1.000000e+00
   outer loop
     vertex  1.372915e+02 -8.864375e+01  0.000000e+00
     vertex  1.373764e+02 -8.884875e+01  0.000000e+00
     vertex  1.372915e+02 -9.709375e+01  0.000000e+00
   endloop
 endfacet
 facet normal -0.000000e+00  0.000000e+00 -1.000000e+00
   outer loop
     vertex  1.569425e+02 -1.082948e+02  0.000000e+00
     vertex  1.250000e+02 -1.185000e+02  0.000000e+00
     vertex  1.383325e+02 -1.082948e+02  0.000000e+00
   endloop
 endfacet
 facet normal  0.000000e+00  0.000000e+00 -1.000000e+00
   outer loop
     vertex  1.569425e+02 -1.082948e+02  0.000000e+00
     vertex  1.383325e+02 -1.082948e+02  0.000000e+00
     vertex  1.567375e+02 -1.082099e+02  0.000000e+00
   endloop
 endfacet
 facet normal  0.000000e+00  0.000000e+00 -1.000000e+00
   outer loop
     vertex  1.563415e+02 -1.076937e+02  0.000000e+00
     vertex  1.437228e+02 -1.054641e+02  0.000000e+00
     vertex  1.438420e+02 -1.053088e+02  0.000000e+00
   endloop
 endfacet
 facet normal -0.000000e+00 -0.000000e+00 -1.000000e+00
   outer loop
     vertex  1.563415e+02 -1.076937e+02  0.000000e+00
     vertex  1.564264e+02 -1.078988e+02  0.000000e+00
     vertex  1.437228e+02 -1.054641e+02  0.000000e+00
   endloop
 endfacet
 facet normal -0.000000e+00  0.000000e+00 -1.000000e+00
   outer loop
     vertex  1.381125e+02 -8.927375e+01  0.000000e+00
     vertex  1.378925e+02 -9.649271e+01  0.000000e+00
     vertex  1.378925e+02 -8.924479e+01  0.000000e+00
   endloop
 endfacet
 facet normal  0.000000e+00 -0.000000e+00 -1.000000e+00
   outer loop
     vertex  1.381125e+02 -8.927375e+01  0.000000e+00
     vertex  1.381125e+02 -9.646375e+01  0.000000e+00
     vertex  1.378925e+02 -9.649271e+01  0.000000e+00
   endloop
 endfacet
 facet normal -0.000000e+00  0.000000e+00 -1.000000e+00
   outer loop
     vertex  1.571625e+02 -1.083238e+02  0.000000e+00
     vertex  1.250000e+02 -1.185000e+02  0.000000e+00
     vertex  1.569425e+02 -1.082948e+02  0.000000e+00
   endloop
 endfacet
 facet normal -0.000000e+00 -0.000000e+00 -1.000000e+00
   outer loop
     vertex  1.563125e+02 -1.074738e+02  0.000000e+00
     vertex  1.563415e+02 -1.076937e+02  0.000000e+00
     vertex  1.438420e+02 -1.053088e+02  0.000000e+00
   endloop
 endfacet
 facet normal  0.000000e+00  0.000000e+00 -1.000000e+00
   outer loop
     vertex  1.563125e+02 -1.074738e+02  0.000000e+00
     vertex  1.438420e+02 -1.053088e+02  0.000000e+00
     vertex  1.439169e+02 -1.051279e+02  0.000000e+00
   endloop
 endfacet
 facet normal  0.000000e+00 -0.000000e+00 -1.000000e+00
   outer loop
     vertex  1.383325e+02 -8.924479e+01  0.000000e+00
     vertex  1.383325e+02 -9.649271e+01  0.000000e+00
     vertex  1.381125e+02 -9.646375e+01  0.000000e+00
   endloop
 endfacet
 facet normal  0.000000e+00  0.000000e+00 -1.000000e+00
   outer loop
     vertex  1.383325e+02 -8.924479e+01  0.000000e+00
     vertex  1.385375e+02 -9.657763e+01  0.000000e+00
     vertex  1.383325e+02 -9.649271e+01  0.000000e+00
   endloop
 endfacet
 facet normal  0.000000e+00  0.000000e+00 -1.000000e+00
   outer loop
     vertex  1.383325e+02 -8.924479e+01  0.000000e+00
     vertex  1.381125e+02 -9.646375e+01  0.000000e+00
     vertex  1.381125e+02 -8.927375e+01  0.000000e+00
   endloop
 endfacet
 facet normal  0.000000e+00 -0.000000e+00 -1.000000e+00
   outer loop
     vertex  1.385375e+02 -8.915987e+01  0.000000e+00
     vertex  1.385375e+02 -9.657763e+01  0.000000e+00
     vertex  1.383325e+02 -8.924479e+01  0.000000e+00
   endloop
 endfacet
 facet normal  0.000000e+00  0.000000e+00 -1.000000e+00
   outer loop
     vertex  1.387135e+02 -8.902479e+01  0.000000e+00
     vertex  1.387135e+02 -9.671271e+01  0.000000e+00
     vertex  1.385375e+02 -9.657763e+01  0.000000e+00
   endloop
 endfacet
 facet normal  0.000000e+00 -0.000000e+00 -1.000000e+00
   outer loop
     vertex  1.387135e+02 -8.902479e+01  0.000000e+00
     vertex  1.408466e+02 -9.785931e+01  0.000000e+00
     vertex  1.387135e+02 -9.671271e+01  0.000000e+00
   endloop
 endfacet
 facet normal  0.000000e+00  0.000000e+00 -1.000000e+00
   outer loop
     vertex  1.387135e+02 -8.902479e+01  0.000000e+00
     vertex  1.410275e+02 -9.793423e+01  0.000000e+00
     vertex  1.408466e+02 -9.785931e+01  0.000000e+00
   endloop
 endfacet
 facet normal  0.000000e+00  0.000000e+00 -1.000000e+00
   outer loop
     vertex  1.387135e+02 -8.902479e+01  0.000000e+00
     vertex  1.385375e+02 -9.657763e+01  0.000000e+00
     vertex  1.385375e+02 -8.915987e+01  0.000000e+00
   endloop
 endfacet
 facet normal  0.000000e+00  0.000000e+00 -1.000000e+00
   outer loop
     vertex  1.366983e+02 -8.475796e+01  0.000000e+00
     vertex  1.373764e+02 -8.799875e+01  0.000000e+00
     vertex  1.372915e+02 -8.820375e+01  0.000000e+00
   endloop
 endfacet
 facet normal  0.000000e+00  0.000000e+00 -1.000000e+00
   outer loop
     vertex  1.557483e+02 -1.038080e+02  0.000000e+00
     vertex  1.564264e+02 -1.070488e+02  0.000000e+00
     vertex  1.563415e+02 -1.072538e+02  0.000000e+00
   endloop
 endfacet
 facet normal  0.000000e+00  0.000000e+00 -1.000000e+00
   outer loop
     vertex  1.371125e+02 -8.507580e+01  0.000000e+00
     vertex  1.375115e+02 -8.782271e+01  0.000000e+00
     vertex  1.373764e+02 -8.799875e+01  0.000000e+00
   endloop
 endfacet
 facet normal  0.000000e+00  0.000000e+00 -1.000000e+00
   outer loop
     vertex  1.371125e+02 -8.507580e+01  0.000000e+00
     vertex  1.376875e+02 -8.768763e+01  0.000000e+00
     vertex  1.375115e+02 -8.782271e+01  0.000000e+00
   endloop
 endfacet
 facet normal -0.000000e+00 -0.000000e+00 -1.000000e+00
   outer loop
     vertex  1.371125e+02 -8.507580e+01  0.000000e+00
     vertex  1.373764e+02 -8.799875e+01  0.000000e+00
     vertex  1.366983e+02 -8.475796e+01  0.000000e+00
   endloop
 endfacet
 facet normal  0.000000e+00  0.000000e+00 -1.000000e+00
   outer loop
     vertex  1.363804e+02 -8.434375e+01  0.000000e+00
     vertex  1.372915e+02 -8.820375e+01  0.000000e+00
     vertex  1.372625e+02 -8.842375e+01  0.000000e+00
   endloop
 endfacet
 facet normal  0.000000e+00  0.000000e+00 -1.000000e+00
   outer loop
     vertex  1.363804e+02 -8.434375e+01  0.000000e+00
     vertex  1.366983e+02 -8.475796e+01  0.000000e+00
     vertex  1.372915e+02 -8.820375e+01  0.000000e+00
   endloop
 endfacet
 facet normal -0.000000e+00 -0.000000e+00 -1.000000e+00
   outer loop
     vertex  1.561625e+02 -1.041258e+02  0.000000e+00
     vertex  1.564264e+02 -1.070488e+02  0.000000e+00
     vertex  1.557483e+02 -1.038080e+02  0.000000e+00
   endloop
 endfacet
 facet normal  0.000000e+00  0.000000e+00 -1.000000e+00
   outer loop
     vertex  1.561625e+02 -1.041258e+02  0.000000e+00
     vertex  1.565615e+02 -1.068727e+02  0.000000e+00
     vertex  1.564264e+02 -1.070488e+02  0.000000e+00
   endloop
 endfacet
 facet normal  0.000000e+00  0.000000e+00 -1.000000e+00
   outer loop
     vertex  1.561625e+02 -1.041258e+02  0.000000e+00
     vertex  1.567375e+02 -1.067376e+02  0.000000e+00
     vertex  1.565615e+02 -1.068727e+02  0.000000e+00
   endloop
 endfacet
 facet normal  0.000000e+00  0.000000e+00 -1.000000e+00
   outer loop
     vertex  1.554304e+02 -1.033937e+02  0.000000e+00
     vertex  1.439169e+02 -1.051279e+02  0.000000e+00
     vertex  1.439425e+02 -1.049338e+02  0.000000e+00
   endloop
 endfacet
 facet normal  0.000000e+00 -0.000000e+00 -1.000000e+00
   outer loop
     vertex  1.554304e+02 -1.033937e+02  0.000000e+00
     vertex  1.563125e+02 -1.074738e+02  0.000000e+00
     vertex  1.439169e+02 -1.051279e+02  0.000000e+00
   endloop
 endfacet
 facet normal  0.000000e+00  0.000000e+00 -1.000000e+00
   outer loop
     vertex  1.554304e+02 -1.033937e+02  0.000000e+00
     vertex  1.557483e+02 -1.038080e+02  0.000000e+00
     vertex  1.563415e+02 -1.072538e+02  0.000000e+00
   endloop
 endfacet
 facet normal  0.000000e+00  0.000000e+00 -1.000000e+00
   outer loop
     vertex  1.554304e+02 -1.033937e+02  0.000000e+00
     vertex  1.563415e+02 -1.072538e+02  0.000000e+00
     vertex  1.563125e+02 -1.074738e+02  0.000000e+00
   endloop
 endfacet
 facet normal  0.000000e+00  0.000000e+00 -1.000000e+00
   outer loop
     vertex  1.375949e+02 -8.527560e+01  0.000000e+00
     vertex  1.378925e+02 -8.760271e+01  0.000000e+00
     vertex  1.376875e+02 -8.768763e+01  0.000000e+00
   endloop
 endfacet
 facet normal -0.000000e+00 -0.000000e+00 -1.000000e+00
   outer loop
     vertex  1.375949e+02 -8.527560e+01  0.000000e+00
     vertex  1.376875e+02 -8.768763e+01  0.000000e+00
     vertex  1.371125e+02 -8.507580e+01  0.000000e+00
   endloop
 endfacet
 facet normal  0.000000e+00  0.000000e+00 -1.000000e+00
   outer loop
     vertex  1.361806e+02 -8.386139e+01  0.000000e+00
     vertex  1.372625e+02 -8.842375e+01  0.000000e+00
     vertex  1.372915e+02 -8.864375e+01  0.000000e+00
   endloop
 endfacet
 facet normal  0.000000e+00  0.000000e+00 -1.000000e+00
   outer loop
     vertex  1.361806e+02 -8.386139e+01  0.000000e+00
     vertex  1.363804e+02 -8.434375e+01  0.000000e+00
     vertex  1.372625e+02 -8.842375e+01  0.000000e+00
   endloop
 endfacet
 facet normal -0.000000e+00 -0.000000e+00 -1.000000e+00
   outer loop
     vertex  1.566449e+02 -1.043256e+02  0.000000e+00
     vertex  1.567375e+02 -1.067376e+02  0.000000e+00
     vertex  1.561625e+02 -1.041258e+02  0.000000e+00
   endloop
 endfacet
 facet normal  0.000000e+00  0.000000e+00 -1.000000e+00
   outer loop
     vertex  1.566449e+02 -1.043256e+02  0.000000e+00
     vertex  1.569425e+02 -1.066527e+02  0.000000e+00
     vertex  1.567375e+02 -1.067376e+02  0.000000e+00
   endloop
 endfacet
 facet normal  0.000000e+00 -0.000000e+00 -1.000000e+00
   outer loop
     vertex  1.552306e+02 -1.029114e+02  0.000000e+00
     vertex  1.554304e+02 -1.033937e+02  0.000000e+00
     vertex  1.439425e+02 -1.049338e+02  0.000000e+00
   endloop
 endfacet
 facet normal  0.000000e+00  0.000000e+00 -1.000000e+00
   outer loop
     vertex  1.552306e+02 -1.029114e+02  0.000000e+00
     vertex  1.439425e+02 -1.049338e+02  0.000000e+00
     vertex  1.439169e+02 -1.047396e+02  0.000000e+00
   endloop
 endfacet
 facet normal  0.000000e+00 -0.000000e+00 -1.000000e+00
   outer loop
     vertex  1.381125e+02 -8.534375e+01  0.000000e+00
     vertex  1.381125e+02 -8.757375e+01  0.000000e+00
     vertex  1.378925e+02 -8.760271e+01  0.000000e+00
   endloop
 endfacet
 facet normal  0.000000e+00  0.000000e+00 -1.000000e+00
   outer loop
     vertex  1.381125e+02 -8.534375e+01  0.000000e+00
     vertex  1.383325e+02 -8.760271e+01  0.000000e+00
     vertex  1.381125e+02 -8.757375e+01  0.000000e+00
   endloop
 endfacet
 facet normal -0.000000e+00  0.000000e+00 -1.000000e+00
   outer loop
     vertex  1.381125e+02 -8.534375e+01  0.000000e+00
     vertex  1.378925e+02 -8.760271e+01  0.000000e+00
     vertex  1.375949e+02 -8.527560e+01  0.000000e+00
   endloop
 endfacet
 facet normal  0.000000e+00 -0.000000e+00 -1.000000e+00
   outer loop
     vertex  1.551625e+02 -1.023937e+02  0.000000e+00
     vertex  1.552306e+02 -1.029114e+02  0.000000e+00
     vertex  1.439169e+02 -1.047396e+02  0.000000e+00
   endloop
 endfacet
 facet normal  0.000000e+00  0.000000e+00 -1.000000e+00
   outer loop
     vertex  1.551625e+02 -1.023937e+02  0.000000e+00
     vertex  1.439169e+02 -1.047396e+02  0.000000e+00
     vertex  1.438420e+02 -1.045588e+02  0.000000e+00
   endloop
 endfacet
 facet normal -0.000000e+00  0.000000e+00 -1.000000e+00
   outer loop
     vertex  1.571625e+02 -1.043937e+02  0.000000e+00
     vertex  1.569425e+02 -1.066527e+02  0.000000e+00
     vertex  1.566449e+02 -1.043256e+02  0.000000e+00
   endloop
 endfacet
 facet normal  0.000000e+00 -0.000000e+00 -1.000000e+00
   outer loop
     vertex  1.571625e+02 -1.043937e+02  0.000000e+00
     vertex  1.571625e+02 -1.066238e+02  0.000000e+00
     vertex  1.569425e+02 -1.066527e+02  0.000000e+00
   endloop
 endfacet
 facet normal  0.000000e+00  0.000000e+00 -1.000000e+00
   outer loop
     vertex  1.571625e+02 -1.043937e+02  0.000000e+00
     vertex  1.573825e+02 -1.066527e+02  0.000000e+00
     vertex  1.571625e+02 -1.066238e+02  0.000000e+00
   endloop
 endfacet
 facet normal  0.000000e+00  0.000000e+00 -1.000000e+00
   outer loop
     vertex  1.386301e+02 -8.527560e+01  0.000000e+00
     vertex  1.385375e+02 -8.768763e+01  0.000000e+00
     vertex  1.383325e+02 -8.760271e+01  0.000000e+00
   endloop
 endfacet
 facet normal  0.000000e+00  0.000000e+00 -1.000000e+00
   outer loop
     vertex  1.386301e+02 -8.527560e+01  0.000000e+00
     vertex  1.383325e+02 -8.760271e+01  0.000000e+00
     vertex  1.381125e+02 -8.534375e+01  0.000000e+00
   endloop
 endfacet
 facet normal -0.000000e+00  0.000000e+00 -1.000000e+00
   outer loop
     vertex  1.552306e+02 -1.018761e+02  0.000000e+00
     vertex  1.437228e+02 -1.044034e+02  0.000000e+00
     vertex  1.414025e+02 -9.858375e+01  0.000000e+00
   endloop
 endfacet
 facet normal  0.000000e+00  0.000000e+00 -1.000000e+00
   outer loop
     vertex  1.552306e+02 -1.018761e+02  0.000000e+00
     vertex  1.438420e+02 -1.045588e+02  0.000000e+00
     vertex  1.437228e+02 -1.044034e+02  0.000000e+00
   endloop
 endfacet
 facet normal  0.000000e+00  0.000000e+00 -1.000000e+00
   outer loop
     vertex  1.552306e+02 -1.018761e+02  0.000000e+00
     vertex  1.551625e+02 -1.023937e+02  0.000000e+00
     vertex  1.438420e+02 -1.045588e+02  0.000000e+00
   endloop
 endfacet
 facet normal  0.000000e+00  0.000000e+00 -1.000000e+00
   outer loop
     vertex  1.576801e+02 -1.043256e+02  0.000000e+00
     vertex  1.573825e+02 -1.066527e+02  0.000000e+00
     vertex  1.571625e+02 -1.043937e+02  0.000000e+00
   endloop
 endfacet
 facet normal  0.000000e+00  0.000000e+00 -1.000000e+00
   outer loop
     vertex  1.576801e+02 -1.043256e+02  0.000000e+00
     vertex  1.575875e+02 -1.067376e+02  0.000000e+00
     vertex  1.573825e+02 -1.066527e+02  0.000000e+00
   endloop
 endfacet
 facet normal  0.000000e+00  0.000000e+00 -1.000000e+00
   outer loop
     vertex  1.391125e+02 -8.507580e+01  0.000000e+00
     vertex  1.387135e+02 -8.782271e+01  0.000000e+00
     vertex  1.385375e+02 -8.768763e+01  0.000000e+00
   endloop
 endfacet
 facet normal  0.000000e+00  0.000000e+00 -1.000000e+00
   outer loop
     vertex  1.391125e+02 -8.507580e+01  0.000000e+00
     vertex  1.388486e+02 -8.799875e+01  0.000000e+00
     vertex  1.387135e+02 -8.782271e+01  0.000000e+00
   endloop
 endfacet
 facet normal  0.000000e+00  0.000000e+00 -1.000000e+00
   outer loop
     vertex  1.391125e+02 -8.507580e+01  0.000000e+00
     vertex  1.385375e+02 -8.768763e+01  0.000000e+00
     vertex  1.386301e+02 -8.527560e+01  0.000000e+00
   endloop
 endfacet
 facet normal  0.000000e+00  0.000000e+00 -1.000000e+00
   outer loop
     vertex  1.581625e+02 -1.041258e+02  0.000000e+00
     vertex  1.575875e+02 -1.067376e+02  0.000000e+00
     vertex  1.576801e+02 -1.043256e+02  0.000000e+00
   endloop
 endfacet
 facet normal  0.000000e+00  0.000000e+00 -1.000000e+00
   outer loop
     vertex  1.581625e+02 -1.041258e+02  0.000000e+00
     vertex  1.577635e+02 -1.068727e+02  0.000000e+00
     vertex  1.575875e+02 -1.067376e+02  0.000000e+00
   endloop
 endfacet
 facet normal  0.000000e+00  0.000000e+00 -1.000000e+00
   outer loop
     vertex  1.581625e+02 -1.041258e+02  0.000000e+00
     vertex  1.578986e+02 -1.070488e+02  0.000000e+00
     vertex  1.577635e+02 -1.068727e+02  0.000000e+00
   endloop
 endfacet
 facet normal -0.000000e+00  0.000000e+00 -1.000000e+00
   outer loop
     vertex  1.554304e+02 -1.013937e+02  0.000000e+00
     vertex  1.552306e+02 -1.018761e+02  0.000000e+00
     vertex  1.414025e+02 -9.858375e+01  0.000000e+00
   endloop
 endfacet
 facet normal  0.000000e+00  0.000000e+00 -1.000000e+00
   outer loop
     vertex  1.250000e+02 -7.000000e+01  0.000000e+00
     vertex  1.361806e+02 -1.018761e+02  0.000000e+00
     vertex  1.250000e+02 -1.185000e+02  0.000000e+00
   endloop
 endfacet
 facet normal  0.000000e+00  0.000000e+00 -1.000000e+00
   outer loop
     vertex  1.250000e+02 -7.000000e+01  0.000000e+00
     vertex  1.361806e+02 -8.386139e+01  0.000000e+00
     vertex  1.372915e+02 -8.864375e+01  0.000000e+00
   endloop
 endfacet
 facet normal  0.000000e+00  0.000000e+00 -1.000000e+00
   outer loop
     vertex  1.250000e+02 -7.000000e+01  0.000000e+00
     vertex  1.372915e+02 -9.709375e+01  0.000000e+00
     vertex  1.361806e+02 -1.018761e+02  0.000000e+00
   endloop
 endfacet
 facet normal  0.000000e+00  0.000000e+00 -1.000000e+00
   outer loop
     vertex  1.250000e+02 -7.000000e+01  0.000000e+00
     vertex  1.361125e+02 -8.334375e+01  0.000000e+00
     vertex  1.361806e+02 -8.386139e+01  0.000000e+00
   endloop
 endfacet
 facet normal  0.000000e+00  0.000000e+00 -1.000000e+00
   outer loop
     vertex  1.250000e+02 -7.000000e+01  0.000000e+00
     vertex  1.361806e+02 -8.282611e+01  0.000000e+00
     vertex  1.361125e+02 -8.334375e+01  0.000000e+00
   endloop
 endfacet
 facet normal  0.000000e+00  0.000000e+00 -1.000000e+00
   outer loop
     vertex  1.250000e+02 -7.000000e+01  0.000000e+00
     vertex  1.372915e+02 -8.864375e+01  0.000000e+00
     vertex  1.372915e+02 -9.709375e+01  0.000000e+00
   endloop
 endfacet
 facet normal  0.000000e+00  0.000000e+00 -1.000000e+00
   outer loop
     vertex  1.250000e+02 -7.000000e+01  0.000000e+00
     vertex  1.363804e+02 -8.234375e+01  0.000000e+00
     vertex  1.361806e+02 -8.282611e+01  0.000000e+00
   endloop
 endfacet
 facet normal  0.000000e+00  0.000000e+00 -1.000000e+00
   outer loop
     vertex  1.426622e+02 -8.641408e+01  0.000000e+00
     vertex  1.389625e+02 -8.842375e+01  0.000000e+00
     vertex  1.389335e+02 -8.820375e+01  0.000000e+00
   endloop
 endfacet
 facet normal  0.000000e+00  0.000000e+00 -1.000000e+00
   outer loop
     vertex  1.617122e+02 -1.054641e+02  0.000000e+00
     vertex  1.580125e+02 -1.074738e+02  0.000000e+00
     vertex  1.579835e+02 -1.072538e+02  0.000000e+00
   endloop
 endfacet
 facet normal  0.000000e+00 -0.000000e+00 -1.000000e+00
   outer loop
     vertex  1.425430e+02 -8.625875e+01  0.000000e+00
     vertex  1.426622e+02 -8.641408e+01  0.000000e+00
     vertex  1.389335e+02 -8.820375e+01  0.000000e+00
   endloop
 endfacet
 facet normal  0.000000e+00  0.000000e+00 -1.000000e+00
   outer loop
     vertex  1.425430e+02 -8.625875e+01  0.000000e+00
     vertex  1.389335e+02 -8.820375e+01  0.000000e+00
     vertex  1.388486e+02 -8.799875e+01  0.000000e+00
   endloop
 endfacet
 facet normal  0.000000e+00  0.000000e+00 -1.000000e+00
   outer loop
     vertex  1.428175e+02 -8.653327e+01  0.000000e+00
     vertex  1.389335e+02 -8.864375e+01  0.000000e+00
     vertex  1.389625e+02 -8.842375e+01  0.000000e+00
   endloop
 endfacet
 facet normal -0.000000e+00  0.000000e+00 -1.000000e+00
   outer loop
     vertex  1.428175e+02 -8.653327e+01  0.000000e+00
     vertex  1.389625e+02 -8.842375e+01  0.000000e+00
     vertex  1.426622e+02 -8.641408e+01  0.000000e+00
   endloop
 endfacet
 facet normal  0.000000e+00 -0.000000e+00 -1.000000e+00
   outer loop
     vertex  1.615930e+02 -1.053088e+02  0.000000e+00
     vertex  1.617122e+02 -1.054641e+02  0.000000e+00
     vertex  1.579835e+02 -1.072538e+02  0.000000e+00
   endloop
 endfacet
 facet normal  0.000000e+00  0.000000e+00 -1.000000e+00
   outer loop
     vertex  1.615930e+02 -1.053088e+02  0.000000e+00
     vertex  1.579835e+02 -1.072538e+02  0.000000e+00
     vertex  1.578986e+02 -1.070488e+02  0.000000e+00
   endloop
 endfacet
 facet normal -0.000000e+00  0.000000e+00 -1.000000e+00
   outer loop
     vertex  1.618675e+02 -1.055833e+02  0.000000e+00
     vertex  1.580125e+02 -1.074738e+02  0.000000e+00
     vertex  1.617122e+02 -1.054641e+02  0.000000e+00
   endloop
 endfacet
 facet normal  0.000000e+00  0.000000e+00 -1.000000e+00
   outer loop
     vertex  1.618675e+02 -1.055833e+02  0.000000e+00
     vertex  1.579835e+02 -1.076937e+02  0.000000e+00
     vertex  1.580125e+02 -1.074738e+02  0.000000e+00
   endloop
 endfacet
 facet normal -0.000000e+00  0.000000e+00 -1.000000e+00
   outer loop
     vertex  1.429984e+02 -8.660819e+01  0.000000e+00
     vertex  1.389335e+02 -8.864375e+01  0.000000e+00
     vertex  1.428175e+02 -8.653327e+01  0.000000e+00
   endloop
 endfacet
 facet normal  0.000000e+00  0.000000e+00 -1.000000e+00
   outer loop
     vertex  1.429984e+02 -8.660819e+01  0.000000e+00
     vertex  1.388486e+02 -8.884875e+01  0.000000e+00
     vertex  1.389335e+02 -8.864375e+01  0.000000e+00
   endloop
 endfacet
 facet normal  0.000000e+00  0.000000e+00 -1.000000e+00
   outer loop
     vertex  1.424681e+02 -8.607786e+01  0.000000e+00
     vertex  1.391125e+02 -8.507580e+01  0.000000e+00
     vertex  1.395267e+02 -8.475796e+01  0.000000e+00
   endloop
 endfacet
 facet normal -0.000000e+00  0.000000e+00 -1.000000e+00
   outer loop
     vertex  1.424681e+02 -8.607786e+01  0.000000e+00
     vertex  1.388486e+02 -8.799875e+01  0.000000e+00
     vertex  1.391125e+02 -8.507580e+01  0.000000e+00
   endloop
 endfacet
 facet normal  0.000000e+00 -0.000000e+00 -1.000000e+00
   outer loop
     vertex  1.424681e+02 -8.607786e+01  0.000000e+00
     vertex  1.425430e+02 -8.625875e+01  0.000000e+00
     vertex  1.388486e+02 -8.799875e+01  0.000000e+00
   endloop
 endfacet
 facet normal  0.000000e+00  0.000000e+00 -1.000000e+00
   outer loop
     vertex  1.615181e+02 -1.051279e+02  0.000000e+00
     vertex  1.581625e+02 -1.041258e+02  0.000000e+00
     vertex  1.585767e+02 -1.038080e+02  0.000000e+00
   endloop
 endfacet
 facet normal  0.000000e+00 -0.000000e+00 -1.000000e+00
   outer loop
     vertex  1.615181e+02 -1.051279e+02  0.000000e+00
     vertex  1.615930e+02 -1.053088e+02  0.000000e+00
     vertex  1.578986e+02 -1.070488e+02  0.000000e+00
   endloop
 endfacet
 facet normal -0.000000e+00  0.000000e+00 -1.000000e+00
   outer loop
     vertex  1.615181e+02 -1.051279e+02  0.000000e+00
     vertex  1.578986e+02 -1.070488e+02  0.000000e+00
     vertex  1.581625e+02 -1.041258e+02  0.000000e+00
   endloop
 endfacet
 facet normal -0.000000e+00  0.000000e+00 -1.000000e+00
   outer loop
     vertex  1.620484e+02 -1.056582e+02  0.000000e+00
     vertex  1.579835e+02 -1.076937e+02  0.000000e+00
     vertex  1.618675e+02 -1.055833e+02  0.000000e+00
   endloop
 endfacet
 facet normal  0.000000e+00  0.000000e+00 -1.000000e+00
   outer loop
     vertex  1.620484e+02 -1.056582e+02  0.000000e+00
     vertex  1.578986e+02 -1.078988e+02  0.000000e+00
     vertex  1.579835e+02 -1.076937e+02  0.000000e+00
   endloop
 endfacet
 facet normal -0.000000e+00 -0.000000e+00 -1.000000e+00
   outer loop
     vertex  1.424425e+02 -8.588375e+01  0.000000e+00
     vertex  1.424681e+02 -8.607786e+01  0.000000e+00
     vertex  1.395267e+02 -8.475796e+01  0.000000e+00
   endloop
 endfacet
 facet normal  0.000000e+00  0.000000e+00 -1.000000e+00
   outer loop
     vertex  1.431925e+02 -8.663375e+01  0.000000e+00
     vertex  1.387135e+02 -8.902479e+01  0.000000e+00
     vertex  1.388486e+02 -8.884875e+01  0.000000e+00
   endloop
 endfacet
 facet normal  0.000000e+00  0.000000e+00 -1.000000e+00
   outer loop
     vertex  1.431925e+02 -8.663375e+01  0.000000e+00
     vertex  1.410275e+02 -9.793423e+01  0.000000e+00
     vertex  1.387135e+02 -8.902479e+01  0.000000e+00
   endloop
 endfacet
 facet normal -0.000000e+00  0.000000e+00 -1.000000e+00
   outer loop
     vertex  1.431925e+02 -8.663375e+01  0.000000e+00
     vertex  1.388486e+02 -8.884875e+01  0.000000e+00
     vertex  1.429984e+02 -8.660819e+01  0.000000e+00
   endloop
 endfacet
 facet normal -0.000000e+00  0.000000e+00 -1.000000e+00
   outer loop
     vertex  1.622425e+02 -1.056838e+02  0.000000e+00
     vertex  1.578986e+02 -1.078988e+02  0.000000e+00
     vertex  1.620484e+02 -1.056582e+02  0.000000e+00
   endloop
 endfacet
 facet normal  0.000000e+00  0.000000e+00 -1.000000e+00
   outer loop
     vertex  1.622425e+02 -1.056838e+02  0.000000e+00
     vertex  1.577635e+02 -1.080748e+02  0.000000e+00
     vertex  1.578986e+02 -1.078988e+02  0.000000e+00
   endloop
 endfacet
 facet normal -0.000000e+00 -0.000000e+00 -1.000000e+00
   outer loop
     vertex  1.614925e+02 -1.049338e+02  0.000000e+00
     vertex  1.615181e+02 -1.051279e+02  0.000000e+00
     vertex  1.585767e+02 -1.038080e+02  0.000000e+00
   endloop
 endfacet
 facet normal  0.000000e+00  0.000000e+00 -1.000000e+00
   outer loop
     vertex  1.433866e+02 -8.660819e+01  0.000000e+00
     vertex  1.411828e+02 -9.805342e+01  0.000000e+00
     vertex  1.410275e+02 -9.793423e+01  0.000000e+00
   endloop
 endfacet
 facet normal  0.000000e+00  0.000000e+00 -1.000000e+00
   outer loop
     vertex  1.433866e+02 -8.660819e+01  0.000000e+00
     vertex  1.410275e+02 -9.793423e+01  0.000000e+00
     vertex  1.431925e+02 -8.663375e+01  0.000000e+00
   endloop
 endfacet
 facet normal -0.000000e+00  0.000000e+00 -1.000000e+00
   outer loop
     vertex  1.424681e+02 -8.568964e+01  0.000000e+00
     vertex  1.424425e+02 -8.588375e+01  0.000000e+00
     vertex  1.395267e+02 -8.475796e+01  0.000000e+00
   endloop
 endfacet
 facet normal  0.000000e+00  0.000000e+00 -1.000000e+00
   outer loop
     vertex  1.424681e+02 -8.568964e+01  0.000000e+00
     vertex  1.395267e+02 -8.475796e+01  0.000000e+00
     vertex  1.398446e+02 -8.434375e+01  0.000000e+00
   endloop
 endfacet
 facet normal  0.000000e+00  0.000000e+00 -1.000000e+00
   outer loop
     vertex  1.624366e+02 -1.056582e+02  0.000000e+00
     vertex  1.577635e+02 -1.080748e+02  0.000000e+00
     vertex  1.622425e+02 -1.056838e+02  0.000000e+00
   endloop
 endfacet
 facet normal  0.000000e+00  0.000000e+00 -1.000000e+00
   outer loop
     vertex  1.624366e+02 -1.056582e+02  0.000000e+00
     vertex  1.575875e+02 -1.082099e+02  0.000000e+00
     vertex  1.577635e+02 -1.080748e+02  0.000000e+00
   endloop
 endfacet
 facet normal  0.000000e+00  0.000000e+00 -1.000000e+00
   outer loop
     vertex  1.615181e+02 -1.047396e+02  0.000000e+00
     vertex  1.585767e+02 -1.038080e+02  0.000000e+00
     vertex  1.588946e+02 -1.033937e+02  0.000000e+00
   endloop
 endfacet
 facet normal -0.000000e+00  0.000000e+00 -1.000000e+00
   outer loop
     vertex  1.615181e+02 -1.047396e+02  0.000000e+00
     vertex  1.614925e+02 -1.049338e+02  0.000000e+00
     vertex  1.585767e+02 -1.038080e+02  0.000000e+00
   endloop
 endfacet
 facet normal -0.000000e+00  0.000000e+00 -1.000000e+00
   outer loop
     vertex  1.425430e+02 -8.550875e+01  0.000000e+00
     vertex  1.424681e+02 -8.568964e+01  0.000000e+00
     vertex  1.398446e+02 -8.434375e+01  0.000000e+00
   endloop
 endfacet
 facet normal  0.000000e+00  0.000000e+00 -1.000000e+00
   outer loop
     vertex  1.425430e+02 -8.550875e+01  0.000000e+00
     vertex  1.398446e+02 -8.434375e+01  0.000000e+00
     vertex  1.400444e+02 -8.386139e+01  0.000000e+00
   endloop
 endfacet
 facet normal  0.000000e+00  0.000000e+00 -1.000000e+00
   outer loop
     vertex  1.435675e+02 -8.653327e+01  0.000000e+00
     vertex  1.411828e+02 -9.805342e+01  0.000000e+00
     vertex  1.433866e+02 -8.660819e+01  0.000000e+00
   endloop
 endfacet
 facet normal  0.000000e+00  0.000000e+00 -1.000000e+00
   outer loop
     vertex  1.435675e+02 -8.653327e+01  0.000000e+00
     vertex  1.413020e+02 -9.820875e+01  0.000000e+00
     vertex  1.411828e+02 -9.805342e+01  0.000000e+00
   endloop
 endfacet
 facet normal  0.000000e+00  0.000000e+00 -1.000000e+00
   outer loop
     vertex  1.615930e+02 -1.045588e+02  0.000000e+00
     vertex  1.588946e+02 -1.033937e+02  0.000000e+00
     vertex  1.590944e+02 -1.029114e+02  0.000000e+00
   endloop
 endfacet
 facet normal -0.000000e+00  0.000000e+00 -1.000000e+00
   outer loop
     vertex  1.615930e+02 -1.045588e+02  0.000000e+00
     vertex  1.615181e+02 -1.047396e+02  0.000000e+00
     vertex  1.588946e+02 -1.033937e+02  0.000000e+00
   endloop
 endfacet
 facet normal -0.000000e+00  0.000000e+00 -1.000000e+00
   outer loop
     vertex  1.426622e+02 -8.535342e+01  0.000000e+00
     vertex  1.425430e+02 -8.550875e+01  0.000000e+00
     vertex  1.400444e+02 -8.386139e+01  0.000000e+00
   endloop
 endfacet
 facet normal -0.000000e+00  0.000000e+00 -1.000000e+00
   outer loop
     vertex  1.617122e+02 -1.044034e+02  0.000000e+00
     vertex  1.615930e+02 -1.045588e+02  0.000000e+00
     vertex  1.590944e+02 -1.029114e+02  0.000000e+00
   endloop
 endfacet
 facet normal -0.000000e+00  0.000000e+00 -1.000000e+00
   outer loop
     vertex  1.428175e+02 -8.523423e+01  0.000000e+00
     vertex  1.426622e+02 -8.535342e+01  0.000000e+00
     vertex  1.400444e+02 -8.386139e+01  0.000000e+00
   endloop
 endfacet
 facet normal  0.000000e+00  0.000000e+00 -1.000000e+00
   outer loop
     vertex  1.428175e+02 -8.523423e+01  0.000000e+00
     vertex  1.400444e+02 -8.386139e+01  0.000000e+00
     vertex  1.401125e+02 -8.334375e+01  0.000000e+00
   endloop
 endfacet
 facet normal  0.000000e+00  0.000000e+00 -1.000000e+00
   outer loop
     vertex  1.618675e+02 -1.042842e+02  0.000000e+00
     vertex  1.590944e+02 -1.029114e+02  0.000000e+00
     vertex  1.591625e+02 -1.023937e+02  0.000000e+00
   endloop
 endfacet
 facet normal -0.000000e+00  0.000000e+00 -1.000000e+00
   outer loop
     vertex  1.618675e+02 -1.042842e+02  0.000000e+00
     vertex  1.617122e+02 -1.044034e+02  0.000000e+00
     vertex  1.590944e+02 -1.029114e+02  0.000000e+00
   endloop
 endfacet
 facet normal -0.000000e+00  0.000000e+00 -1.000000e+00
   outer loop
     vertex  1.429984e+02 -8.515931e+01  0.000000e+00
     vertex  1.428175e+02 -8.523423e+01  0.000000e+00
     vertex  1.401125e+02 -8.334375e+01  0.000000e+00
   endloop
 endfacet
 facet normal  0.000000e+00  0.000000e+00 -1.000000e+00
   outer loop
     vertex  1.429984e+02 -8.515931e+01  0.000000e+00
     vertex  1.401125e+02 -8.334375e+01  0.000000e+00
     vertex  1.400444e+02 -8.282611e+01  0.000000e+00
   endloop
 endfacet
 facet normal  0.000000e+00  0.000000e+00 -1.000000e+00
   outer loop
     vertex  1.620484e+02 -1.042093e+02  0.000000e+00
     vertex  1.591625e+02 -1.023937e+02  0.000000e+00
     vertex  1.590944e+02 -1.018761e+02  0.000000e+00
   endloop
 endfacet
 facet normal -0.000000e+00  0.000000e+00 -1.000000e+00
   outer loop
     vertex  1.620484e+02 -1.042093e+02  0.000000e+00
     vertex  1.618675e+02 -1.042842e+02  0.000000e+00
     vertex  1.591625e+02 -1.023937e+02  0.000000e+00
   endloop
 endfacet
 facet normal -0.000000e+00  0.000000e+00 -1.000000e+00
   outer loop
     vertex  1.431925e+02 -8.513375e+01  0.000000e+00
     vertex  1.429984e+02 -8.515931e+01  0.000000e+00
     vertex  1.400444e+02 -8.282611e+01  0.000000e+00
   endloop
 endfacet
 facet normal -0.000000e+00  0.000000e+00 -1.000000e+00
   outer loop
     vertex  1.622425e+02 -1.041838e+02  0.000000e+00
     vertex  1.620484e+02 -1.042093e+02  0.000000e+00
     vertex  1.590944e+02 -1.018761e+02  0.000000e+00
   endloop
 endfacet
 facet normal  0.000000e+00  0.000000e+00 -1.000000e+00
   outer loop
     vertex  1.373764e+02 -7.868875e+01  0.000000e+00
     vertex  1.371125e+02 -8.161170e+01  0.000000e+00
     vertex  1.366983e+02 -8.192954e+01  0.000000e+00
   endloop
 endfacet
 facet normal  0.000000e+00 -0.000000e+00 -1.000000e+00
   outer loop
     vertex  1.373764e+02 -7.868875e+01  0.000000e+00
     vertex  1.375115e+02 -7.886479e+01  0.000000e+00
     vertex  1.371125e+02 -8.161170e+01  0.000000e+00
   endloop
 endfacet
 facet normal  0.000000e+00  0.000000e+00 -1.000000e+00
   outer loop
     vertex  1.376875e+02 -7.899987e+01  0.000000e+00
     vertex  1.375949e+02 -8.141190e+01  0.000000e+00
     vertex  1.371125e+02 -8.161170e+01  0.000000e+00
   endloop
 endfacet
 facet normal -0.000000e+00  0.000000e+00 -1.000000e+00
   outer loop
     vertex  1.376875e+02 -7.899987e+01  0.000000e+00
     vertex  1.371125e+02 -8.161170e+01  0.000000e+00
     vertex  1.375115e+02 -7.886479e+01  0.000000e+00
   endloop
 endfacet
 facet normal  0.000000e+00  0.000000e+00 -1.000000e+00
   outer loop
     vertex  1.564264e+02 -9.773875e+01  0.000000e+00
     vertex  1.561625e+02 -1.006617e+02  0.000000e+00
     vertex  1.557483e+02 -1.009795e+02  0.000000e+00
   endloop
 endfacet
 facet normal  0.000000e+00 -0.000000e+00 -1.000000e+00
   outer loop
     vertex  1.564264e+02 -9.773875e+01  0.000000e+00
     vertex  1.565615e+02 -9.791479e+01  0.000000e+00
     vertex  1.561625e+02 -1.006617e+02  0.000000e+00
   endloop
 endfacet
 facet normal  0.000000e+00  0.000000e+00 -1.000000e+00
   outer loop
     vertex  1.567375e+02 -9.804987e+01  0.000000e+00
     vertex  1.566449e+02 -1.004619e+02  0.000000e+00
     vertex  1.561625e+02 -1.006617e+02  0.000000e+00
   endloop
 endfacet
 facet normal -0.000000e+00  0.000000e+00 -1.000000e+00
   outer loop
     vertex  1.567375e+02 -9.804987e+01  0.000000e+00
     vertex  1.561625e+02 -1.006617e+02  0.000000e+00
     vertex  1.565615e+02 -9.791479e+01  0.000000e+00
   endloop
 endfacet
 facet normal -0.000000e+00  0.000000e+00 -1.000000e+00
   outer loop
     vertex  1.378925e+02 -7.908479e+01  0.000000e+00
     vertex  1.375949e+02 -8.141190e+01  0.000000e+00
     vertex  1.376875e+02 -7.899987e+01  0.000000e+00
   endloop
 endfacet
 facet normal  0.000000e+00 -0.000000e+00 -1.000000e+00
   outer loop
     vertex  1.378925e+02 -7.908479e+01  0.000000e+00
     vertex  1.381125e+02 -8.134375e+01  0.000000e+00
     vertex  1.375949e+02 -8.141190e+01  0.000000e+00
   endloop
 endfacet
 facet normal  0.000000e+00 -0.000000e+00 -1.000000e+00
   outer loop
     vertex  1.372915e+02 -7.848375e+01  0.000000e+00
     vertex  1.373764e+02 -7.868875e+01  0.000000e+00
     vertex  1.366983e+02 -8.192954e+01  0.000000e+00
   endloop
 endfacet
 facet normal  0.000000e+00  0.000000e+00 -1.000000e+00
   outer loop
     vertex  1.372915e+02 -7.848375e+01  0.000000e+00
     vertex  1.366983e+02 -8.192954e+01  0.000000e+00
     vertex  1.363804e+02 -8.234375e+01  0.000000e+00
   endloop
 endfacet
 facet normal  0.000000e+00  0.000000e+00 -1.000000e+00
   outer loop
     vertex  1.563415e+02 -9.753375e+01  0.000000e+00
     vertex  1.557483e+02 -1.009795e+02  0.000000e+00
     vertex  1.554304e+02 -1.013937e+02  0.000000e+00
   endloop
 endfacet
 facet normal  0.000000e+00 -0.000000e+00 -1.000000e+00
   outer loop
     vertex  1.563415e+02 -9.753375e+01  0.000000e+00
     vertex  1.564264e+02 -9.773875e+01  0.000000e+00
     vertex  1.557483e+02 -1.009795e+02  0.000000e+00
   endloop
 endfacet
 facet normal  0.000000e+00 -0.000000e+00 -1.000000e+00
   outer loop
     vertex  1.569425e+02 -9.813479e+01  0.000000e+00
     vertex  1.571625e+02 -1.003937e+02  0.000000e+00
     vertex  1.566449e+02 -1.004619e+02  0.000000e+00
   endloop
 endfacet
 facet normal -0.000000e+00  0.000000e+00 -1.000000e+00
   outer loop
     vertex  1.569425e+02 -9.813479e+01  0.000000e+00
     vertex  1.566449e+02 -1.004619e+02  0.000000e+00
     vertex  1.567375e+02 -9.804987e+01  0.000000e+00
   endloop
 endfacet
 facet normal -0.000000e+00  0.000000e+00 -1.000000e+00
   outer loop
     vertex  1.372625e+02 -7.826375e+01  0.000000e+00
     vertex  1.363804e+02 -8.234375e+01  0.000000e+00
     vertex  1.250000e+02 -7.000000e+01  0.000000e+00
   endloop
 endfacet
 facet normal  0.000000e+00 -0.000000e+00 -1.000000e+00
   outer loop
     vertex  1.372625e+02 -7.826375e+01  0.000000e+00
     vertex  1.372915e+02 -7.848375e+01  0.000000e+00
     vertex  1.363804e+02 -8.234375e+01  0.000000e+00
   endloop
 endfacet
 facet normal -0.000000e+00 -0.000000e+00 -1.000000e+00
   outer loop
     vertex  1.381125e+02 -7.911375e+01  0.000000e+00
     vertex  1.381125e+02 -8.134375e+01  0.000000e+00
     vertex  1.378925e+02 -7.908479e+01  0.000000e+00
   endloop
 endfacet
 facet normal  0.000000e+00 -0.000000e+00 -1.000000e+00
   outer loop
     vertex  1.563125e+02 -9.731375e+01  0.000000e+00
     vertex  1.563415e+02 -9.753375e+01  0.000000e+00
     vertex  1.554304e+02 -1.013937e+02  0.000000e+00
   endloop
 endfacet
 facet normal  0.000000e+00  0.000000e+00 -1.000000e+00
   outer loop
     vertex  1.563125e+02 -9.731375e+01  0.000000e+00
     vertex  1.554304e+02 -1.013937e+02  0.000000e+00
     vertex  1.414025e+02 -9.858375e+01  0.000000e+00
   endloop
 endfacet
 facet normal  0.000000e+00  0.000000e+00 -1.000000e+00
   outer loop
     vertex  1.563125e+02 -9.731375e+01  0.000000e+00
     vertex  1.414025e+02 -9.858375e+01  0.000000e+00
     vertex  1.413769e+02 -9.838964e+01  0.000000e+00
   endloop
 endfacet
 facet normal -0.000000e+00 -0.000000e+00 -1.000000e+00
   outer loop
     vertex  1.571625e+02 -9.816375e+01  0.000000e+00
     vertex  1.571625e+02 -1.003937e+02  0.000000e+00
     vertex  1.569425e+02 -9.813479e+01  0.000000e+00
   endloop
 endfacet
 facet normal  0.000000e+00  0.000000e+00 -1.000000e+00
   outer loop
     vertex  1.383325e+02 -7.908479e+01  0.000000e+00
     vertex  1.381125e+02 -8.134375e+01  0.000000e+00
     vertex  1.381125e+02 -7.911375e+01  0.000000e+00
   endloop
 endfacet
 facet normal  0.000000e+00 -0.000000e+00 -1.000000e+00
   outer loop
     vertex  1.383325e+02 -7.908479e+01  0.000000e+00
     vertex  1.386301e+02 -8.141190e+01  0.000000e+00
     vertex  1.381125e+02 -8.134375e+01  0.000000e+00
   endloop
 endfacet
 facet normal -0.000000e+00  0.000000e+00 -1.000000e+00
   outer loop
     vertex  1.372915e+02 -7.804375e+01  0.000000e+00
     vertex  1.372625e+02 -7.826375e+01  0.000000e+00
     vertex  1.250000e+02 -7.000000e+01  0.000000e+00
   endloop
 endfacet
 facet normal  0.000000e+00  0.000000e+00 -1.000000e+00
   outer loop
     vertex  1.563415e+02 -9.709375e+01  0.000000e+00
     vertex  1.413769e+02 -9.838964e+01  0.000000e+00
     vertex  1.413020e+02 -9.820875e+01  0.000000e+00
   endloop
 endfacet
 facet normal  0.000000e+00  0.000000e+00 -1.000000e+00
   outer loop
     vertex  1.563415e+02 -9.709375e+01  0.000000e+00
     vertex  1.563125e+02 -9.731375e+01  0.000000e+00
     vertex  1.413769e+02 -9.838964e+01  0.000000e+00
   endloop
 endfacet
 facet normal  0.000000e+00 -0.000000e+00 -1.000000e+00
   outer loop
     vertex  1.573825e+02 -9.813479e+01  0.000000e+00
     vertex  1.576801e+02 -1.004619e+02  0.000000e+00
     vertex  1.571625e+02 -1.003937e+02  0.000000e+00
   endloop
 endfacet
 facet normal  0.000000e+00  0.000000e+00 -1.000000e+00
   outer loop
     vertex  1.573825e+02 -9.813479e+01  0.000000e+00
     vertex  1.571625e+02 -1.003937e+02  0.000000e+00
     vertex  1.571625e+02 -9.816375e+01  0.000000e+00
   endloop
 endfacet
 facet normal -0.000000e+00  0.000000e+00 -1.000000e+00
   outer loop
     vertex  1.373764e+02 -7.783875e+01  0.000000e+00
     vertex  1.372915e+02 -7.804375e+01  0.000000e+00
     vertex  1.250000e+02 -7.000000e+01  0.000000e+00
   endloop
 endfacet
 facet normal -0.000000e+00  0.000000e+00 -1.000000e+00
   outer loop
     vertex  1.564264e+02 -9.688875e+01  0.000000e+00
     vertex  1.413020e+02 -9.820875e+01  0.000000e+00
     vertex  1.435675e+02 -8.653327e+01  0.000000e+00
   endloop
 endfacet
 facet normal  0.000000e+00  0.000000e+00 -1.000000e+00
   outer loop
     vertex  1.564264e+02 -9.688875e+01  0.000000e+00
     vertex  1.435675e+02 -8.653327e+01  0.000000e+00
     vertex  1.437228e+02 -8.641408e+01  0.000000e+00
   endloop
 endfacet
 facet normal  0.000000e+00  0.000000e+00 -1.000000e+00
   outer loop
     vertex  1.564264e+02 -9.688875e+01  0.000000e+00
     vertex  1.563415e+02 -9.709375e+01  0.000000e+00
     vertex  1.413020e+02 -9.820875e+01  0.000000e+00
   endloop
 endfacet
 facet normal -0.000000e+00  0.000000e+00 -1.000000e+00
   outer loop
     vertex  1.375115e+02 -7.766271e+01  0.000000e+00
     vertex  1.373764e+02 -7.783875e+01  0.000000e+00
     vertex  1.250000e+02 -7.000000e+01  0.000000e+00
   endloop
 endfacet
 facet normal  0.000000e+00  0.000000e+00 -1.000000e+00
   outer loop
     vertex  1.402775e+02 -8.018327e+01  0.000000e+00
     vertex  1.395267e+02 -8.192954e+01  0.000000e+00
     vertex  1.391125e+02 -8.161170e+01  0.000000e+00
   endloop
 endfacet
 facet normal -0.000000e+00  0.000000e+00 -1.000000e+00
   outer loop
     vertex  1.402775e+02 -8.018327e+01  0.000000e+00
     vertex  1.391125e+02 -8.161170e+01  0.000000e+00
     vertex  1.401222e+02 -8.006408e+01  0.000000e+00
   endloop
 endfacet
 facet normal  0.000000e+00  0.000000e+00 -1.000000e+00
   outer loop
     vertex  1.400030e+02 -7.990875e+01  0.000000e+00
     vertex  1.391125e+02 -8.161170e+01  0.000000e+00
     vertex  1.386301e+02 -8.141190e+01  0.000000e+00
   endloop
 endfacet
 facet normal  0.000000e+00 -0.000000e+00 -1.000000e+00
   outer loop
     vertex  1.400030e+02 -7.990875e+01  0.000000e+00
     vertex  1.401222e+02 -8.006408e+01  0.000000e+00
     vertex  1.391125e+02 -8.161170e+01  0.000000e+00
   endloop
 endfacet
 facet normal  0.000000e+00  0.000000e+00 -1.000000e+00
   outer loop
     vertex  1.590530e+02 -9.895875e+01  0.000000e+00
     vertex  1.581625e+02 -1.006617e+02  0.000000e+00
     vertex  1.576801e+02 -1.004619e+02  0.000000e+00
   endloop
 endfacet
 facet normal  0.000000e+00 -0.000000e+00 -1.000000e+00
   outer loop
     vertex  1.590530e+02 -9.895875e+01  0.000000e+00
     vertex  1.591722e+02 -9.911408e+01  0.000000e+00
     vertex  1.581625e+02 -1.006617e+02  0.000000e+00
   endloop
 endfacet
 facet normal  0.000000e+00  0.000000e+00 -1.000000e+00
   outer loop
     vertex  1.593275e+02 -9.923327e+01  0.000000e+00
     vertex  1.585767e+02 -1.009795e+02  0.000000e+00
     vertex  1.581625e+02 -1.006617e+02  0.000000e+00
   endloop
 endfacet
 facet normal -0.000000e+00  0.000000e+00 -1.000000e+00
   outer loop
     vertex  1.593275e+02 -9.923327e+01  0.000000e+00
     vertex  1.581625e+02 -1.006617e+02  0.000000e+00
     vertex  1.591722e+02 -9.911408e+01  0.000000e+00
   endloop
 endfacet
 facet normal -0.000000e+00  0.000000e+00 -1.000000e+00
   outer loop
     vertex  1.376875e+02 -7.752763e+01  0.000000e+00
     vertex  1.375115e+02 -7.766271e+01  0.000000e+00
     vertex  1.250000e+02 -7.000000e+01  0.000000e+00
   endloop
 endfacet
 facet normal -0.000000e+00  0.000000e+00 -1.000000e+00
   outer loop
     vertex  1.404584e+02 -8.025819e+01  0.000000e+00
     vertex  1.395267e+02 -8.192954e+01  0.000000e+00
     vertex  1.402775e+02 -8.018327e+01  0.000000e+00
   endloop
 endfacet
 facet normal -0.000000e+00  0.000000e+00 -1.000000e+00
   outer loop
     vertex  1.399281e+02 -7.972786e+01  0.000000e+00
     vertex  1.386301e+02 -8.141190e+01  0.000000e+00
     vertex  1.383325e+02 -7.908479e+01  0.000000e+00
   endloop
 endfacet
 facet normal  0.000000e+00  0.000000e+00 -1.000000e+00
   outer loop
     vertex  1.399281e+02 -7.972786e+01  0.000000e+00
     vertex  1.383325e+02 -7.908479e+01  0.000000e+00
     vertex  1.385375e+02 -7.899987e+01  0.000000e+00
   endloop
 endfacet
 facet normal  0.000000e+00 -0.000000e+00 -1.000000e+00
   outer loop
     vertex  1.399281e+02 -7.972786e+01  0.000000e+00
     vertex  1.400030e+02 -7.990875e+01  0.000000e+00
     vertex  1.386301e+02 -8.141190e+01  0.000000e+00
   endloop
 endfacet
 facet normal  0.000000e+00 -0.000000e+00 -1.000000e+00
   outer loop
     vertex  1.589781e+02 -9.877786e+01  0.000000e+00
     vertex  1.590530e+02 -9.895875e+01  0.000000e+00
     vertex  1.576801e+02 -1.004619e+02  0.000000e+00
   endloop
 endfacet
 facet normal -0.000000e+00  0.000000e+00 -1.000000e+00
   outer loop
     vertex  1.589781e+02 -9.877786e+01  0.000000e+00
     vertex  1.576801e+02 -1.004619e+02  0.000000e+00
     vertex  1.573825e+02 -9.813479e+01  0.000000e+00
   endloop
 endfacet
 facet normal  0.000000e+00  0.000000e+00 -1.000000e+00
   outer loop
     vertex  1.589781e+02 -9.877786e+01  0.000000e+00
     vertex  1.573825e+02 -9.813479e+01  0.000000e+00
     vertex  1.575875e+02 -9.804987e+01  0.000000e+00
   endloop
 endfacet
 facet normal -0.000000e+00  0.000000e+00 -1.000000e+00
   outer loop
     vertex  1.595084e+02 -9.930819e+01  0.000000e+00
     vertex  1.585767e+02 -1.009795e+02  0.000000e+00
     vertex  1.593275e+02 -9.923327e+01  0.000000e+00
   endloop
 endfacet
 facet normal -0.000000e+00  0.000000e+00 -1.000000e+00
   outer loop
     vertex  1.406525e+02 -8.028375e+01  0.000000e+00
     vertex  1.395267e+02 -8.192954e+01  0.000000e+00
     vertex  1.404584e+02 -8.025819e+01  0.000000e+00
   endloop
 endfacet
 facet normal  0.000000e+00  0.000000e+00 -1.000000e+00
   outer loop
     vertex  1.406525e+02 -8.028375e+01  0.000000e+00
     vertex  1.398446e+02 -8.234375e+01  0.000000e+00
     vertex  1.395267e+02 -8.192954e+01  0.000000e+00
   endloop
 endfacet
 facet normal -0.000000e+00 -0.000000e+00 -1.000000e+00
   outer loop
     vertex  1.399025e+02 -7.953375e+01  0.000000e+00
     vertex  1.399281e+02 -7.972786e+01  0.000000e+00
     vertex  1.385375e+02 -7.899987e+01  0.000000e+00
   endloop
 endfacet
 facet normal  0.000000e+00  0.000000e+00 -1.000000e+00
   outer loop
     vertex  1.399025e+02 -7.953375e+01  0.000000e+00
     vertex  1.385375e+02 -7.899987e+01  0.000000e+00
     vertex  1.387135e+02 -7.886479e+01  0.000000e+00
   endloop
 endfacet
 facet normal -0.000000e+00 -0.000000e+00 -1.000000e+00
   outer loop
     vertex  1.589525e+02 -9.858375e+01  0.000000e+00
     vertex  1.589781e+02 -9.877786e+01  0.000000e+00
     vertex  1.575875e+02 -9.804987e+01  0.000000e+00
   endloop
 endfacet
 facet normal  0.000000e+00  0.000000e+00 -1.000000e+00
   outer loop
     vertex  1.589525e+02 -9.858375e+01  0.000000e+00
     vertex  1.575875e+02 -9.804987e+01  0.000000e+00
     vertex  1.577635e+02 -9.791479e+01  0.000000e+00
   endloop
 endfacet
 facet normal  0.000000e+00  0.000000e+00 -1.000000e+00
   outer loop
     vertex  1.597025e+02 -9.933375e+01  0.000000e+00
     vertex  1.588946e+02 -1.013937e+02  0.000000e+00
     vertex  1.585767e+02 -1.009795e+02  0.000000e+00
   endloop
 endfacet
 facet normal -0.000000e+00  0.000000e+00 -1.000000e+00
   outer loop
     vertex  1.597025e+02 -9.933375e+01  0.000000e+00
     vertex  1.585767e+02 -1.009795e+02  0.000000e+00
     vertex  1.595084e+02 -9.930819e+01  0.000000e+00
   endloop
 endfacet
 facet normal -0.000000e+00  0.000000e+00 -1.000000e+00
   outer loop
     vertex  1.378925e+02 -7.744271e+01  0.000000e+00
     vertex  1.376875e+02 -7.752763e+01  0.000000e+00
     vertex  1.250000e+02 -7.000000e+01  0.000000e+00
   endloop
 endfacet
 facet normal -0.000000e+00  0.000000e+00 -1.000000e+00
   outer loop
     vertex  1.399281e+02 -7.933964e+01  0.000000e+00
     vertex  1.399025e+02 -7.953375e+01  0.000000e+00
     vertex  1.387135e+02 -7.886479e+01  0.000000e+00
   endloop
 endfacet
 facet normal  0.000000e+00  0.000000e+00 -1.000000e+00
   outer loop
     vertex  1.399281e+02 -7.933964e+01  0.000000e+00
     vertex  1.387135e+02 -7.886479e+01  0.000000e+00
     vertex  1.388486e+02 -7.868875e+01  0.000000e+00
   endloop
 endfacet
 facet normal  0.000000e+00  0.000000e+00 -1.000000e+00
   outer loop
     vertex  1.408466e+02 -8.025819e+01  0.000000e+00
     vertex  1.398446e+02 -8.234375e+01  0.000000e+00
     vertex  1.406525e+02 -8.028375e+01  0.000000e+00
   endloop
 endfacet
 facet normal  0.000000e+00  0.000000e+00 -1.000000e+00
   outer loop
     vertex  1.408466e+02 -8.025819e+01  0.000000e+00
     vertex  1.400444e+02 -8.282611e+01  0.000000e+00
     vertex  1.398446e+02 -8.234375e+01  0.000000e+00
   endloop
 endfacet
 facet normal  0.000000e+00  0.000000e+00 -1.000000e+00
   outer loop
     vertex  1.598966e+02 -9.930819e+01  0.000000e+00
     vertex  1.588946e+02 -1.013937e+02  0.000000e+00
     vertex  1.597025e+02 -9.933375e+01  0.000000e+00
   endloop
 endfacet
 facet normal  0.000000e+00  0.000000e+00 -1.000000e+00
   outer loop
     vertex  1.598966e+02 -9.930819e+01  0.000000e+00
     vertex  1.590944e+02 -1.018761e+02  0.000000e+00
     vertex  1.588946e+02 -1.013937e+02  0.000000e+00
   endloop
 endfacet
 facet normal -0.000000e+00  0.000000e+00 -1.000000e+00
   outer loop
     vertex  1.589781e+02 -9.838964e+01  0.000000e+00
     vertex  1.589525e+02 -9.858375e+01  0.000000e+00
     vertex  1.577635e+02 -9.791479e+01  0.000000e+00
   endloop
 endfacet
 facet normal  0.000000e+00  0.000000e+00 -1.000000e+00
   outer loop
     vertex  1.589781e+02 -9.838964e+01  0.000000e+00
     vertex  1.577635e+02 -9.791479e+01  0.000000e+00
     vertex  1.578986e+02 -9.773875e+01  0.000000e+00
   endloop
 endfacet
 facet normal -0.000000e+00  0.000000e+00 -1.000000e+00
   outer loop
     vertex  1.381125e+02 -7.741375e+01  0.000000e+00
     vertex  1.378925e+02 -7.744271e+01  0.000000e+00
     vertex  1.250000e+02 -7.000000e+01  0.000000e+00
   endloop
 endfacet
 facet normal  0.000000e+00  0.000000e+00 -1.000000e+00
   outer loop
     vertex  1.410275e+02 -8.018327e+01  0.000000e+00
     vertex  1.400444e+02 -8.282611e+01  0.000000e+00
     vertex  1.408466e+02 -8.025819e+01  0.000000e+00
   endloop
 endfacet
 facet normal  0.000000e+00 -0.000000e+00 -1.000000e+00
   outer loop
     vertex  1.410275e+02 -8.018327e+01  0.000000e+00
     vertex  1.431925e+02 -8.513375e+01  0.000000e+00
     vertex  1.400444e+02 -8.282611e+01  0.000000e+00
   endloop
 endfacet
 facet normal -0.000000e+00  0.000000e+00 -1.000000e+00
   outer loop
     vertex  1.400030e+02 -7.915875e+01  0.000000e+00
     vertex  1.399281e+02 -7.933964e+01  0.000000e+00
     vertex  1.388486e+02 -7.868875e+01  0.000000e+00
   endloop
 endfacet
 facet normal  0.000000e+00  0.000000e+00 -1.000000e+00
   outer loop
     vertex  1.400030e+02 -7.915875e+01  0.000000e+00
     vertex  1.388486e+02 -7.868875e+01  0.000000e+00
     vertex  1.389335e+02 -7.848375e+01  0.000000e+00
   endloop
 endfacet
 facet normal -0.000000e+00  0.000000e+00 -1.000000e+00
   outer loop
     vertex  1.590530e+02 -9.820875e+01  0.000000e+00
     vertex  1.589781e+02 -9.838964e+01  0.000000e+00
     vertex  1.578986e+02 -9.773875e+01  0.000000e+00
   endloop
 endfacet
 facet normal  0.000000e+00  0.000000e+00 -1.000000e+00
   outer loop
     vertex  1.590530e+02 -9.820875e+01  0.000000e+00
     vertex  1.578986e+02 -9.773875e+01  0.000000e+00
     vertex  1.579835e+02 -9.753375e+01  0.000000e+00
   endloop
 endfacet
 facet normal  0.000000e+00 -0.000000e+00 -1.000000e+00
   outer loop
     vertex  1.600775e+02 -9.923327e+01  0.000000e+00
     vertex  1.622425e+02 -1.041838e+02  0.000000e+00
     vertex  1.590944e+02 -1.018761e+02  0.000000e+00
   endloop
 endfacet
 facet normal  0.000000e+00  0.000000e+00 -1.000000e+00
   outer loop
     vertex  1.600775e+02 -9.923327e+01  0.000000e+00
     vertex  1.590944e+02 -1.018761e+02  0.000000e+00
     vertex  1.598966e+02 -9.930819e+01  0.000000e+00
   endloop
 endfacet
 facet normal  0.000000e+00  0.000000e+00 -1.000000e+00
   outer loop
     vertex  1.383325e+02 -7.744271e+01  0.000000e+00
     vertex  1.381125e+02 -7.741375e+01  0.000000e+00
     vertex  1.250000e+02 -7.000000e+01  0.000000e+00
   endloop
 endfacet
 facet normal  0.000000e+00  0.000000e+00 -1.000000e+00
   outer loop
     vertex  1.401222e+02 -7.900342e+01  0.000000e+00
     vertex  1.389335e+02 -7.848375e+01  0.000000e+00
     vertex  1.389625e+02 -7.826375e+01  0.000000e+00
   endloop
 endfacet
 facet normal -0.000000e+00  0.000000e+00 -1.000000e+00
   outer loop
     vertex  1.401222e+02 -7.900342e+01  0.000000e+00
     vertex  1.400030e+02 -7.915875e+01  0.000000e+00
     vertex  1.389335e+02 -7.848375e+01  0.000000e+00
   endloop
 endfacet
 facet normal  0.000000e+00  0.000000e+00 -1.000000e+00
   outer loop
     vertex  1.411828e+02 -8.006408e+01  0.000000e+00
     vertex  1.433866e+02 -8.515931e+01  0.000000e+00
     vertex  1.431925e+02 -8.513375e+01  0.000000e+00
   endloop
 endfacet
 facet normal  0.000000e+00 -0.000000e+00 -1.000000e+00
   outer loop
     vertex  1.411828e+02 -8.006408e+01  0.000000e+00
     vertex  1.431925e+02 -8.513375e+01  0.000000e+00
     vertex  1.410275e+02 -8.018327e+01  0.000000e+00
   endloop
 endfacet
 facet normal  0.000000e+00  0.000000e+00 -1.000000e+00
   outer loop
     vertex  1.602328e+02 -9.911408e+01  0.000000e+00
     vertex  1.624366e+02 -1.042093e+02  0.000000e+00
     vertex  1.622425e+02 -1.041838e+02  0.000000e+00
   endloop
 endfacet
 facet normal  0.000000e+00 -0.000000e+00 -1.000000e+00
   outer loop
     vertex  1.602328e+02 -9.911408e+01  0.000000e+00
     vertex  1.622425e+02 -1.041838e+02  0.000000e+00
     vertex  1.600775e+02 -9.923327e+01  0.000000e+00
   endloop
 endfacet
 facet normal -0.000000e+00  0.000000e+00 -1.000000e+00
   outer loop
     vertex  1.591722e+02 -9.805342e+01  0.000000e+00
     vertex  1.590530e+02 -9.820875e+01  0.000000e+00
     vertex  1.579835e+02 -9.753375e+01  0.000000e+00
   endloop
 endfacet
 facet normal  0.000000e+00  0.000000e+00 -1.000000e+00
   outer loop
     vertex  1.591722e+02 -9.805342e+01  0.000000e+00
     vertex  1.579835e+02 -9.753375e+01  0.000000e+00
     vertex  1.580125e+02 -9.731375e+01  0.000000e+00
   endloop
 endfacet
 facet normal -0.000000e+00  0.000000e+00 -1.000000e+00
   outer loop
     vertex  1.402775e+02 -7.888423e+01  0.000000e+00
     vertex  1.401222e+02 -7.900342e+01  0.000000e+00
     vertex  1.389625e+02 -7.826375e+01  0.000000e+00
   endloop
 endfacet
 facet normal  0.000000e+00  0.000000e+00 -1.000000e+00
   outer loop
     vertex  1.402775e+02 -7.888423e+01  0.000000e+00
     vertex  1.389625e+02 -7.826375e+01  0.000000e+00
     vertex  1.389335e+02 -7.804375e+01  0.000000e+00
   endloop
 endfacet
 facet normal  0.000000e+00  0.000000e+00 -1.000000e+00
   outer loop
     vertex  1.413020e+02 -7.990875e+01  0.000000e+00
     vertex  1.435675e+02 -8.523423e+01  0.000000e+00
     vertex  1.433866e+02 -8.515931e+01  0.000000e+00
   endloop
 endfacet
 facet normal  0.000000e+00 -0.000000e+00 -1.000000e+00
   outer loop
     vertex  1.413020e+02 -7.990875e+01  0.000000e+00
     vertex  1.433866e+02 -8.515931e+01  0.000000e+00
     vertex  1.411828e+02 -8.006408e+01  0.000000e+00
   endloop
 endfacet
 facet normal  0.000000e+00  0.000000e+00 -1.000000e+00
   outer loop
     vertex  1.593275e+02 -9.793423e+01  0.000000e+00
     vertex  1.580125e+02 -9.731375e+01  0.000000e+00
     vertex  1.579835e+02 -9.709375e+01  0.000000e+00
   endloop
 endfacet
 facet normal -0.000000e+00  0.000000e+00 -1.000000e+00
   outer loop
     vertex  1.593275e+02 -9.793423e+01  0.000000e+00
     vertex  1.591722e+02 -9.805342e+01  0.000000e+00
     vertex  1.580125e+02 -9.731375e+01  0.000000e+00
   endloop
 endfacet
 facet normal  0.000000e+00  0.000000e+00 -1.000000e+00
   outer loop
     vertex  1.603520e+02 -9.895875e+01  0.000000e+00
     vertex  1.626175e+02 -1.042842e+02  0.000000e+00
     vertex  1.624366e+02 -1.042093e+02  0.000000e+00
   endloop
 endfacet
 facet normal  0.000000e+00 -0.000000e+00 -1.000000e+00
   outer loop
     vertex  1.603520e+02 -9.895875e+01  0.000000e+00
     vertex  1.624366e+02 -1.042093e+02  0.000000e+00
     vertex  1.602328e+02 -9.911408e+01  0.000000e+00
   endloop
 endfacet
 facet normal  0.000000e+00  0.000000e+00 -1.000000e+00
   outer loop
     vertex  1.413769e+02 -7.972786e+01  0.000000e+00
     vertex  1.437228e+02 -8.535342e+01  0.000000e+00
     vertex  1.435675e+02 -8.523423e+01  0.000000e+00
   endloop
 endfacet
 facet normal  0.000000e+00 -0.000000e+00 -1.000000e+00
   outer loop
     vertex  1.413769e+02 -7.972786e+01  0.000000e+00
     vertex  1.435675e+02 -8.523423e+01  0.000000e+00
     vertex  1.413020e+02 -7.990875e+01  0.000000e+00
   endloop
 endfacet
 facet normal  0.000000e+00  0.000000e+00 -1.000000e+00
   outer loop
     vertex  1.404584e+02 -7.880931e+01  0.000000e+00
     vertex  1.389335e+02 -7.804375e+01  0.000000e+00
     vertex  1.388486e+02 -7.783875e+01  0.000000e+00
   endloop
 endfacet
 facet normal -0.000000e+00  0.000000e+00 -1.000000e+00
   outer loop
     vertex  1.404584e+02 -7.880931e+01  0.000000e+00
     vertex  1.402775e+02 -7.888423e+01  0.000000e+00
     vertex  1.389335e+02 -7.804375e+01  0.000000e+00
   endloop
 endfacet
 facet normal  0.000000e+00 -0.000000e+00 -1.000000e+00
   outer loop
     vertex  1.604269e+02 -9.877786e+01  0.000000e+00
     vertex  1.626175e+02 -1.042842e+02  0.000000e+00
     vertex  1.603520e+02 -9.895875e+01  0.000000e+00
   endloop
 endfacet
 facet normal  0.000000e+00  0.000000e+00 -1.000000e+00
   outer loop
     vertex  1.595084e+02 -9.785931e+01  0.000000e+00
     vertex  1.579835e+02 -9.709375e+01  0.000000e+00
     vertex  1.578986e+02 -9.688875e+01  0.000000e+00
   endloop
 endfacet
 facet normal -0.000000e+00  0.000000e+00 -1.000000e+00
   outer loop
     vertex  1.595084e+02 -9.785931e+01  0.000000e+00
     vertex  1.593275e+02 -9.793423e+01  0.000000e+00
     vertex  1.579835e+02 -9.709375e+01  0.000000e+00
   endloop
 endfacet
 facet normal  0.000000e+00 -0.000000e+00 -1.000000e+00
   outer loop
     vertex  1.414025e+02 -7.953375e+01  0.000000e+00
     vertex  1.437228e+02 -8.535342e+01  0.000000e+00
     vertex  1.413769e+02 -7.972786e+01  0.000000e+00
   endloop
 endfacet
 facet normal  0.000000e+00  0.000000e+00 -1.000000e+00
   outer loop
     vertex  1.406525e+02 -7.878375e+01  0.000000e+00
     vertex  1.388486e+02 -7.783875e+01  0.000000e+00
     vertex  1.387135e+02 -7.766271e+01  0.000000e+00
   endloop
 endfacet
 facet normal -0.000000e+00  0.000000e+00 -1.000000e+00
   outer loop
     vertex  1.406525e+02 -7.878375e+01  0.000000e+00
     vertex  1.404584e+02 -7.880931e+01  0.000000e+00
     vertex  1.388486e+02 -7.783875e+01  0.000000e+00
   endloop
 endfacet
 facet normal -0.000000e+00  0.000000e+00 -1.000000e+00
   outer loop
     vertex  1.597025e+02 -9.783375e+01  0.000000e+00
     vertex  1.595084e+02 -9.785931e+01  0.000000e+00
     vertex  1.578986e+02 -9.688875e+01  0.000000e+00
   endloop
 endfacet
 facet normal  0.000000e+00  0.000000e+00 -1.000000e+00
   outer loop
     vertex  1.597025e+02 -9.783375e+01  0.000000e+00
     vertex  1.578986e+02 -9.688875e+01  0.000000e+00
     vertex  1.577635e+02 -9.671271e+01  0.000000e+00
   endloop
 endfacet
 facet normal  0.000000e+00  0.000000e+00 -1.000000e+00
   outer loop
     vertex  1.408466e+02 -7.880931e+01  0.000000e+00
     vertex  1.406525e+02 -7.878375e+01  0.000000e+00
     vertex  1.387135e+02 -7.766271e+01  0.000000e+00
   endloop
 endfacet
 facet normal  0.000000e+00  0.000000e+00 -1.000000e+00
   outer loop
     vertex  1.408466e+02 -7.880931e+01  0.000000e+00
     vertex  1.387135e+02 -7.766271e+01  0.000000e+00
     vertex  1.385375e+02 -7.752763e+01  0.000000e+00
   endloop
 endfacet
 facet normal  0.000000e+00  0.000000e+00 -1.000000e+00
   outer loop
     vertex  1.598966e+02 -9.785931e+01  0.000000e+00
     vertex  1.597025e+02 -9.783375e+01  0.000000e+00
     vertex  1.577635e+02 -9.671271e+01  0.000000e+00
   endloop
 endfacet
 facet normal  0.000000e+00  0.000000e+00 -1.000000e+00
   outer loop
     vertex  1.410275e+02 -7.888423e+01  0.000000e+00
     vertex  1.408466e+02 -7.880931e+01  0.000000e+00
     vertex  1.385375e+02 -7.752763e+01  0.000000e+00
   endloop
 endfacet
 facet normal  0.000000e+00  0.000000e+00 -1.000000e+00
   outer loop
     vertex  1.565615e+02 -8.902479e+01  0.000000e+00
     vertex  1.567375e+02 -9.657763e+01  0.000000e+00
     vertex  1.565615e+02 -9.671271e+01  0.000000e+00
   endloop
 endfacet
 facet normal  0.000000e+00  0.000000e+00 -1.000000e+00
   outer loop
     vertex  1.564264e+02 -8.884875e+01  0.000000e+00
     vertex  1.565615e+02 -8.902479e+01  0.000000e+00
     vertex  1.565615e+02 -9.671271e+01  0.000000e+00
   endloop
 endfacet
 facet normal  0.000000e+00  0.000000e+00 -1.000000e+00
   outer loop
     vertex  1.564264e+02 -8.884875e+01  0.000000e+00
     vertex  1.565615e+02 -9.671271e+01  0.000000e+00
     vertex  1.564264e+02 -9.688875e+01  0.000000e+00
   endloop
 endfacet
 facet normal -0.000000e+00 -0.000000e+00 -1.000000e+00
   outer loop
     vertex  1.564264e+02 -8.884875e+01  0.000000e+00
     vertex  1.564264e+02 -9.688875e+01  0.000000e+00
     vertex  1.437228e+02 -8.641408e+01  0.000000e+00
   endloop
 endfacet
 facet normal -0.000000e+00 -0.000000e+00 -1.000000e+00
   outer loop
     vertex  1.567375e+02 -8.915987e+01  0.000000e+00
     vertex  1.567375e+02 -9.657763e+01  0.000000e+00
     vertex  1.565615e+02 -8.902479e+01  0.000000e+00
   endloop
 endfacet
 facet normal -0.000000e+00  0.000000e+00 -1.000000e+00
   outer loop
     vertex  1.569425e+02 -8.924479e+01  0.000000e+00
     vertex  1.567375e+02 -9.657763e+01  0.000000e+00
     vertex  1.567375e+02 -8.915987e+01  0.000000e+00
   endloop
 endfacet
 facet normal  0.000000e+00 -0.000000e+00 -1.000000e+00
   outer loop
     vertex  1.569425e+02 -8.924479e+01  0.000000e+00
     vertex  1.569425e+02 -9.649271e+01  0.000000e+00
     vertex  1.567375e+02 -9.657763e+01  0.000000e+00
   endloop
 endfacet
 facet normal  0.000000e+00  0.000000e+00 -1.000000e+00
   outer loop
     vertex  1.563415e+02 -8.864375e+01  0.000000e+00
     vertex  1.437228e+02 -8.641408e+01  0.000000e+00
     vertex  1.438420e+02 -8.625875e+01  0.000000e+00
   endloop
 endfacet
 facet normal -0.000000e+00 -0.000000e+00 -1.000000e+00
   outer loop
     vertex  1.563415e+02 -8.864375e+01  0.000000e+00
     vertex  1.564264e+02 -8.884875e+01  0.000000e+00
     vertex  1.437228e+02 -8.641408e+01  0.000000e+00
   endloop
 endfacet
 facet normal  0.000000e+00  0.000000e+00 -1.000000e+00
   outer loop
     vertex  1.563125e+02 -8.842375e+01  0.000000e+00
     vertex  1.438420e+02 -8.625875e+01  0.000000e+00
     vertex  1.439169e+02 -8.607786e+01  0.000000e+00
   endloop
 endfacet
 facet normal -0.000000e+00 -0.000000e+00 -1.000000e+00
   outer loop
     vertex  1.563125e+02 -8.842375e+01  0.000000e+00
     vertex  1.563415e+02 -8.864375e+01  0.000000e+00
     vertex  1.438420e+02 -8.625875e+01  0.000000e+00
   endloop
 endfacet
 facet normal -0.000000e+00  0.000000e+00 -1.000000e+00
   outer loop
     vertex  1.571625e+02 -8.927375e+01  0.000000e+00
     vertex  1.569425e+02 -9.649271e+01  0.000000e+00
     vertex  1.569425e+02 -8.924479e+01  0.000000e+00
   endloop
 endfacet
 facet normal  0.000000e+00 -0.000000e+00 -1.000000e+00
   outer loop
     vertex  1.571625e+02 -8.927375e+01  0.000000e+00
     vertex  1.571625e+02 -9.646375e+01  0.000000e+00
     vertex  1.569425e+02 -9.649271e+01  0.000000e+00
   endloop
 endfacet
 facet normal  0.000000e+00  0.000000e+00 -1.000000e+00
   outer loop
     vertex  1.573825e+02 -8.924479e+01  0.000000e+00
     vertex  1.571625e+02 -9.646375e+01  0.000000e+00
     vertex  1.571625e+02 -8.927375e+01  0.000000e+00
   endloop
 endfacet
 facet normal  0.000000e+00 -0.000000e+00 -1.000000e+00
   outer loop
     vertex  1.573825e+02 -8.924479e+01  0.000000e+00
     vertex  1.573825e+02 -9.649271e+01  0.000000e+00
     vertex  1.571625e+02 -9.646375e+01  0.000000e+00
   endloop
 endfacet
 facet normal  0.000000e+00  0.000000e+00 -1.000000e+00
   outer loop
     vertex  1.575875e+02 -8.915987e+01  0.000000e+00
     vertex  1.573825e+02 -9.649271e+01  0.000000e+00
     vertex  1.573825e+02 -8.924479e+01  0.000000e+00
   endloop
 endfacet
 facet normal  0.000000e+00  0.000000e+00 -1.000000e+00
   outer loop
     vertex  1.575875e+02 -8.915987e+01  0.000000e+00
     vertex  1.575875e+02 -9.657763e+01  0.000000e+00
     vertex  1.573825e+02 -9.649271e+01  0.000000e+00
   endloop
 endfacet
 facet normal  0.000000e+00  0.000000e+00 -1.000000e+00
   outer loop
     vertex  1.577635e+02 -8.902479e+01  0.000000e+00
     vertex  1.600775e+02 -9.793423e+01  0.000000e+00
     vertex  1.598966e+02 -9.785931e+01  0.000000e+00
   endloop
 endfacet
 facet normal  0.000000e+00  0.000000e+00 -1.000000e+00
   outer loop
     vertex  1.577635e+02 -8.902479e+01  0.000000e+00
     vertex  1.598966e+02 -9.785931e+01  0.000000e+00
     vertex  1.577635e+02 -9.671271e+01  0.000000e+00
   endloop
 endfacet
 facet normal  0.000000e+00  0.000000e+00 -1.000000e+00
   outer loop
     vertex  1.577635e+02 -8.902479e+01  0.000000e+00
     vertex  1.575875e+02 -9.657763e+01  0.000000e+00
     vertex  1.575875e+02 -8.915987e+01  0.000000e+00
   endloop
 endfacet
 facet normal  0.000000e+00 -0.000000e+00 -1.000000e+00
   outer loop
     vertex  1.577635e+02 -8.902479e+01  0.000000e+00
     vertex  1.577635e+02 -9.671271e+01  0.000000e+00
     vertex  1.575875e+02 -9.657763e+01  0.000000e+00
   endloop
 endfacet
 facet normal  0.000000e+00  0.000000e+00 -1.000000e+00
   outer loop
     vertex  1.706594e+02 -1.008031e+02  0.000000e+00
     vertex  1.629925e+02 -1.049338e+02  0.000000e+00
     vertex  1.629669e+02 -1.047396e+02  0.000000e+00
   endloop
 endfacet
 facet normal  0.000000e+00 -0.000000e+00 -1.000000e+00
   outer loop
     vertex  1.705888e+02 -1.007110e+02  0.000000e+00
     vertex  1.706594e+02 -1.008031e+02  0.000000e+00
     vertex  1.629669e+02 -1.047396e+02  0.000000e+00
   endloop
 endfacet
 facet normal  0.000000e+00  0.000000e+00 -1.000000e+00
   outer loop
     vertex  1.705888e+02 -1.007110e+02  0.000000e+00
     vertex  1.629669e+02 -1.047396e+02  0.000000e+00
     vertex  1.628920e+02 -1.045588e+02  0.000000e+00
   endloop
 endfacet
 facet normal  0.000000e+00  0.000000e+00 -1.000000e+00
   outer loop
     vertex  1.707515e+02 -1.008737e+02  0.000000e+00
     vertex  1.629669e+02 -1.051279e+02  0.000000e+00
     vertex  1.629925e+02 -1.049338e+02  0.000000e+00
   endloop
 endfacet
 facet normal -0.000000e+00  0.000000e+00 -1.000000e+00
   outer loop
     vertex  1.707515e+02 -1.008737e+02  0.000000e+00
     vertex  1.629925e+02 -1.049338e+02  0.000000e+00
     vertex  1.706594e+02 -1.008031e+02  0.000000e+00
   endloop
 endfacet
 facet normal  0.000000e+00 -0.000000e+00 -1.000000e+00
   outer loop
     vertex  1.705444e+02 -1.006038e+02  0.000000e+00
     vertex  1.705888e+02 -1.007110e+02  0.000000e+00
     vertex  1.628920e+02 -1.045588e+02  0.000000e+00
   endloop
 endfacet
 facet normal  0.000000e+00  0.000000e+00 -1.000000e+00
   outer loop
     vertex  1.705444e+02 -1.006038e+02  0.000000e+00
     vertex  1.628920e+02 -1.045588e+02  0.000000e+00
     vertex  1.627728e+02 -1.044034e+02  0.000000e+00
   endloop
 endfacet
 facet normal  0.000000e+00  0.000000e+00 -1.000000e+00
   outer loop
     vertex  1.708587e+02 -1.009181e+02  0.000000e+00
     vertex  1.628920e+02 -1.053088e+02  0.000000e+00
     vertex  1.629669e+02 -1.051279e+02  0.000000e+00
   endloop
 endfacet
 facet normal -0.000000e+00  0.000000e+00 -1.000000e+00
   outer loop
     vertex  1.708587e+02 -1.009181e+02  0.000000e+00
     vertex  1.629669e+02 -1.051279e+02  0.000000e+00
     vertex  1.707515e+02 -1.008737e+02  0.000000e+00
   endloop
 endfacet
 facet normal  0.000000e+00  0.000000e+00 -1.000000e+00
   outer loop
     vertex  1.705292e+02 -1.004887e+02  0.000000e+00
     vertex  1.627728e+02 -1.044034e+02  0.000000e+00
     vertex  1.626175e+02 -1.042842e+02  0.000000e+00
   endloop
 endfacet
 facet normal  0.000000e+00 -0.000000e+00 -1.000000e+00
   outer loop
     vertex  1.705292e+02 -1.004887e+02  0.000000e+00
     vertex  1.705444e+02 -1.006038e+02  0.000000e+00
     vertex  1.627728e+02 -1.044034e+02  0.000000e+00
   endloop
 endfacet
 facet normal -0.000000e+00  0.000000e+00 -1.000000e+00
   outer loop
     vertex  1.705292e+02 -1.004887e+02  0.000000e+00
     vertex  1.626175e+02 -1.042842e+02  0.000000e+00
     vertex  1.604269e+02 -9.877786e+01  0.000000e+00
   endloop
 endfacet
 facet normal  0.000000e+00  0.000000e+00 -1.000000e+00
   outer loop
     vertex  1.709737e+02 -1.009333e+02  0.000000e+00
     vertex  1.627728e+02 -1.054641e+02  0.000000e+00
     vertex  1.628920e+02 -1.053088e+02  0.000000e+00
   endloop
 endfacet
 facet normal -0.000000e+00  0.000000e+00 -1.000000e+00
   outer loop
     vertex  1.709737e+02 -1.009333e+02  0.000000e+00
     vertex  1.628920e+02 -1.053088e+02  0.000000e+00
     vertex  1.708587e+02 -1.009181e+02  0.000000e+00
   endloop
 endfacet
 facet normal -0.000000e+00  0.000000e+00 -1.000000e+00
   outer loop
     vertex  1.705444e+02 -1.003737e+02  0.000000e+00
     vertex  1.705292e+02 -1.004887e+02  0.000000e+00
     vertex  1.604269e+02 -9.877786e+01  0.000000e+00
   endloop
 endfacet
 facet normal  0.000000e+00  0.000000e+00 -1.000000e+00
   outer loop
     vertex  1.705444e+02 -1.003737e+02  0.000000e+00
     vertex  1.604269e+02 -9.877786e+01  0.000000e+00
     vertex  1.604525e+02 -9.858375e+01  0.000000e+00
   endloop
 endfacet
 facet normal  0.000000e+00  0.000000e+00 -1.000000e+00
   outer loop
     vertex  1.705888e+02 -1.002665e+02  0.000000e+00
     vertex  1.604525e+02 -9.858375e+01  0.000000e+00
     vertex  1.604269e+02 -9.838964e+01  0.000000e+00
   endloop
 endfacet
 facet normal -0.000000e+00  0.000000e+00 -1.000000e+00
   outer loop
     vertex  1.705888e+02 -1.002665e+02  0.000000e+00
     vertex  1.705444e+02 -1.003737e+02  0.000000e+00
     vertex  1.604525e+02 -9.858375e+01  0.000000e+00
   endloop
 endfacet
 facet normal  0.000000e+00  0.000000e+00 -1.000000e+00
   outer loop
     vertex  1.706594e+02 -1.001744e+02  0.000000e+00
     vertex  1.604269e+02 -9.838964e+01  0.000000e+00
     vertex  1.603520e+02 -9.820875e+01  0.000000e+00
   endloop
 endfacet
 facet normal -0.000000e+00  0.000000e+00 -1.000000e+00
   outer loop
     vertex  1.706594e+02 -1.001744e+02  0.000000e+00
     vertex  1.705888e+02 -1.002665e+02  0.000000e+00
     vertex  1.604269e+02 -9.838964e+01  0.000000e+00
   endloop
 endfacet
 facet normal -0.000000e+00  0.000000e+00 -1.000000e+00
   outer loop
     vertex  1.707515e+02 -1.001038e+02  0.000000e+00
     vertex  1.706594e+02 -1.001744e+02  0.000000e+00
     vertex  1.603520e+02 -9.820875e+01  0.000000e+00
   endloop
 endfacet
 facet normal  0.000000e+00  0.000000e+00 -1.000000e+00
   outer loop
     vertex  1.892000e+02 -1.185000e+02  0.000000e+00
     vertex  1.626175e+02 -1.055833e+02  0.000000e+00
     vertex  1.627728e+02 -1.054641e+02  0.000000e+00
   endloop
 endfacet
 facet normal  0.000000e+00  0.000000e+00 -1.000000e+00
   outer loop
     vertex  1.892000e+02 -1.185000e+02  0.000000e+00
     vertex  1.624366e+02 -1.056582e+02  0.000000e+00
     vertex  1.626175e+02 -1.055833e+02  0.000000e+00
   endloop
 endfacet
 facet normal  0.000000e+00  0.000000e+00 -1.000000e+00
   outer loop
     vertex  1.892000e+02 -1.185000e+02  0.000000e+00
     vertex  1.575875e+02 -1.082099e+02  0.000000e+00
     vertex  1.624366e+02 -1.056582e+02  0.000000e+00
   endloop
 endfacet
 facet normal  0.000000e+00  0.000000e+00 -1.000000e+00
   outer loop
     vertex  1.892000e+02 -1.185000e+02  0.000000e+00
     vertex  1.250000e+02 -1.185000e+02  0.000000e+00
     vertex  1.571625e+02 -1.083238e+02  0.000000e+00
   endloop
 endfacet
 facet normal  0.000000e+00  0.000000e+00 -1.000000e+00
   outer loop
     vertex  1.892000e+02 -1.185000e+02  0.000000e+00
     vertex  1.573825e+02 -1.082948e+02  0.000000e+00
     vertex  1.575875e+02 -1.082099e+02  0.000000e+00
   endloop
 endfacet
 facet normal  0.000000e+00  0.000000e+00 -1.000000e+00
   outer loop
     vertex  1.892000e+02 -1.185000e+02  0.000000e+00
     vertex  1.571625e+02 -1.083238e+02  0.000000e+00
     vertex  1.573825e+02 -1.082948e+02  0.000000e+00
   endloop
 endfacet
 facet normal  0.000000e+00  0.000000e+00 -1.000000e+00
   outer loop
     vertex  1.557483e+02 -8.475796e+01  0.000000e+00
     vertex  1.564264e+02 -8.799875e+01  0.000000e+00
     vertex  1.563415e+02 -8.820375e+01  0.000000e+00
   endloop
 endfacet
 facet normal -0.000000e+00 -0.000000e+00 -1.000000e+00
   outer loop
     vertex  1.561625e+02 -8.507580e+01  0.000000e+00
     vertex  1.564264e+02 -8.799875e+01  0.000000e+00
     vertex  1.557483e+02 -8.475796e+01  0.000000e+00
   endloop
 endfacet
 facet normal  0.000000e+00  0.000000e+00 -1.000000e+00
   outer loop
     vertex  1.561625e+02 -8.507580e+01  0.000000e+00
     vertex  1.565615e+02 -8.782271e+01  0.000000e+00
     vertex  1.564264e+02 -8.799875e+01  0.000000e+00
   endloop
 endfacet
 facet normal  0.000000e+00  0.000000e+00 -1.000000e+00
   outer loop
     vertex  1.561625e+02 -8.507580e+01  0.000000e+00
     vertex  1.567375e+02 -8.768763e+01  0.000000e+00
     vertex  1.565615e+02 -8.782271e+01  0.000000e+00
   endloop
 endfacet
 facet normal  0.000000e+00 -0.000000e+00 -1.000000e+00
   outer loop
     vertex  1.554304e+02 -8.434375e+01  0.000000e+00
     vertex  1.563125e+02 -8.842375e+01  0.000000e+00
     vertex  1.439169e+02 -8.607786e+01  0.000000e+00
   endloop
 endfacet
 facet normal  0.000000e+00  0.000000e+00 -1.000000e+00
   outer loop
     vertex  1.554304e+02 -8.434375e+01  0.000000e+00
     vertex  1.439169e+02 -8.607786e+01  0.000000e+00
     vertex  1.439425e+02 -8.588375e+01  0.000000e+00
   endloop
 endfacet
 facet normal  0.000000e+00  0.000000e+00 -1.000000e+00
   outer loop
     vertex  1.554304e+02 -8.434375e+01  0.000000e+00
     vertex  1.557483e+02 -8.475796e+01  0.000000e+00
     vertex  1.563415e+02 -8.820375e+01  0.000000e+00
   endloop
 endfacet
 facet normal  0.000000e+00  0.000000e+00 -1.000000e+00
   outer loop
     vertex  1.554304e+02 -8.434375e+01  0.000000e+00
     vertex  1.563415e+02 -8.820375e+01  0.000000e+00
     vertex  1.563125e+02 -8.842375e+01  0.000000e+00
   endloop
 endfacet
 facet normal  0.000000e+00 -0.000000e+00 -1.000000e+00
   outer loop
     vertex  1.552306e+02 -8.386139e+01  0.000000e+00
     vertex  1.554304e+02 -8.434375e+01  0.000000e+00
     vertex  1.439425e+02 -8.588375e+01  0.000000e+00
   endloop
 endfacet
 facet normal  0.000000e+00  0.000000e+00 -1.000000e+00
   outer loop
     vertex  1.552306e+02 -8.386139e+01  0.000000e+00
     vertex  1.439425e+02 -8.588375e+01  0.000000e+00
     vertex  1.439169e+02 -8.568964e+01  0.000000e+00
   endloop
 endfacet
 facet normal -0.000000e+00 -0.000000e+00 -1.000000e+00
   outer loop
     vertex  1.566449e+02 -8.527560e+01  0.000000e+00
     vertex  1.567375e+02 -8.768763e+01  0.000000e+00
     vertex  1.561625e+02 -8.507580e+01  0.000000e+00
   endloop
 endfacet
 facet normal  0.000000e+00  0.000000e+00 -1.000000e+00
   outer loop
     vertex  1.566449e+02 -8.527560e+01  0.000000e+00
     vertex  1.569425e+02 -8.760271e+01  0.000000e+00
     vertex  1.567375e+02 -8.768763e+01  0.000000e+00
   endloop
 endfacet
 facet normal  0.000000e+00 -0.000000e+00 -1.000000e+00
   outer loop
     vertex  1.551625e+02 -8.334375e+01  0.000000e+00
     vertex  1.552306e+02 -8.386139e+01  0.000000e+00
     vertex  1.439169e+02 -8.568964e+01  0.000000e+00
   endloop
 endfacet
 facet normal  0.000000e+00  0.000000e+00 -1.000000e+00
   outer loop
     vertex  1.551625e+02 -8.334375e+01  0.000000e+00
     vertex  1.439169e+02 -8.568964e+01  0.000000e+00
     vertex  1.438420e+02 -8.550875e+01  0.000000e+00
   endloop
 endfacet
 facet normal -0.000000e+00  0.000000e+00 -1.000000e+00
   outer loop
     vertex  1.571625e+02 -8.534375e+01  0.000000e+00
     vertex  1.569425e+02 -8.760271e+01  0.000000e+00
     vertex  1.566449e+02 -8.527560e+01  0.000000e+00
   endloop
 endfacet
 facet normal  0.000000e+00 -0.000000e+00 -1.000000e+00
   outer loop
     vertex  1.571625e+02 -8.534375e+01  0.000000e+00
     vertex  1.571625e+02 -8.757375e+01  0.000000e+00
     vertex  1.569425e+02 -8.760271e+01  0.000000e+00
   endloop
 endfacet
 facet normal  0.000000e+00  0.000000e+00 -1.000000e+00
   outer loop
     vertex  1.571625e+02 -8.534375e+01  0.000000e+00
     vertex  1.573825e+02 -8.760271e+01  0.000000e+00
     vertex  1.571625e+02 -8.757375e+01  0.000000e+00
   endloop
 endfacet
 facet normal  0.000000e+00  0.000000e+00 -1.000000e+00
   outer loop
     vertex  1.552306e+02 -8.282611e+01  0.000000e+00
     vertex  1.551625e+02 -8.334375e+01  0.000000e+00
     vertex  1.438420e+02 -8.550875e+01  0.000000e+00
   endloop
 endfacet
 facet normal  0.000000e+00  0.000000e+00 -1.000000e+00
   outer loop
     vertex  1.552306e+02 -8.282611e+01  0.000000e+00
     vertex  1.438420e+02 -8.550875e+01  0.000000e+00
     vertex  1.437228e+02 -8.535342e+01  0.000000e+00
   endloop
 endfacet
 facet normal -0.000000e+00  0.000000e+00 -1.000000e+00
   outer loop
     vertex  1.552306e+02 -8.282611e+01  0.000000e+00
     vertex  1.437228e+02 -8.535342e+01  0.000000e+00
     vertex  1.414025e+02 -7.953375e+01  0.000000e+00
   endloop
 endfacet
 facet normal  0.000000e+00  0.000000e+00 -1.000000e+00
   outer loop
     vertex  1.576801e+02 -8.527560e+01  0.000000e+00
     vertex  1.575875e+02 -8.768763e+01  0.000000e+00
     vertex  1.573825e+02 -8.760271e+01  0.000000e+00
   endloop
 endfacet
 facet normal  0.000000e+00  0.000000e+00 -1.000000e+00
   outer loop
     vertex  1.576801e+02 -8.527560e+01  0.000000e+00
     vertex  1.573825e+02 -8.760271e+01  0.000000e+00
     vertex  1.571625e+02 -8.534375e+01  0.000000e+00
   endloop
 endfacet
 facet normal  0.000000e+00 -0.000000e+00 -1.000000e+00
   outer loop
     vertex  1.731288e+02 -1.007110e+02  0.000000e+00
     vertex  1.731994e+02 -1.008031e+02  0.000000e+00
     vertex  1.712881e+02 -1.008031e+02  0.000000e+00
   endloop
 endfacet
 facet normal -0.000000e+00  0.000000e+00 -1.000000e+00
   outer loop
     vertex  1.731288e+02 -1.007110e+02  0.000000e+00
     vertex  1.712881e+02 -1.008031e+02  0.000000e+00
     vertex  1.713587e+02 -1.007110e+02  0.000000e+00
   endloop
 endfacet
 facet normal  0.000000e+00  0.000000e+00 -1.000000e+00
   outer loop
     vertex  1.732915e+02 -1.008737e+02  0.000000e+00
     vertex  1.712881e+02 -1.008031e+02  0.000000e+00
     vertex  1.731994e+02 -1.008031e+02  0.000000e+00
   endloop
 endfacet
 facet normal  0.000000e+00  0.000000e+00 -1.000000e+00
   outer loop
     vertex  1.732915e+02 -1.008737e+02  0.000000e+00
     vertex  1.711960e+02 -1.008737e+02  0.000000e+00
     vertex  1.712881e+02 -1.008031e+02  0.000000e+00
   endloop
 endfacet
 facet normal -0.000000e+00  0.000000e+00 -1.000000e+00
   outer loop
     vertex  1.732915e+02 -1.008737e+02  0.000000e+00
     vertex  1.710888e+02 -1.009181e+02  0.000000e+00
     vertex  1.711960e+02 -1.008737e+02  0.000000e+00
   endloop
 endfacet
 facet normal  0.000000e+00  0.000000e+00 -1.000000e+00
   outer loop
     vertex  1.733987e+02 -1.009181e+02  0.000000e+00
     vertex  1.710888e+02 -1.009181e+02  0.000000e+00
     vertex  1.732915e+02 -1.008737e+02  0.000000e+00
   endloop
 endfacet
 facet normal  0.000000e+00 -0.000000e+00 -1.000000e+00
   outer loop
     vertex  1.730844e+02 -1.006038e+02  0.000000e+00
     vertex  1.731288e+02 -1.007110e+02  0.000000e+00
     vertex  1.713587e+02 -1.007110e+02  0.000000e+00
   endloop
 endfacet
 facet normal -0.000000e+00  0.000000e+00 -1.000000e+00
   outer loop
     vertex  1.730844e+02 -1.006038e+02  0.000000e+00
     vertex  1.713587e+02 -1.007110e+02  0.000000e+00
     vertex  1.714031e+02 -1.006038e+02  0.000000e+00
   endloop
 endfacet
 facet normal  0.000000e+00  0.000000e+00 -1.000000e+00
   outer loop
     vertex  1.735137e+02 -1.009333e+02  0.000000e+00
     vertex  1.709737e+02 -1.009333e+02  0.000000e+00
     vertex  1.710888e+02 -1.009181e+02  0.000000e+00
   endloop
 endfacet
 facet normal  0.000000e+00  0.000000e+00 -1.000000e+00
   outer loop
     vertex  1.735137e+02 -1.009333e+02  0.000000e+00
     vertex  1.710888e+02 -1.009181e+02  0.000000e+00
     vertex  1.733987e+02 -1.009181e+02  0.000000e+00
   endloop
 endfacet
 facet normal  0.000000e+00 -0.000000e+00 -1.000000e+00
   outer loop
     vertex  1.735137e+02 -1.009333e+02  0.000000e+00
     vertex  1.892000e+02 -1.185000e+02  0.000000e+00
     vertex  1.627728e+02 -1.054641e+02  0.000000e+00
   endloop
 endfacet
 facet normal -0.000000e+00  0.000000e+00 -1.000000e+00
   outer loop
     vertex  1.735137e+02 -1.009333e+02  0.000000e+00
     vertex  1.627728e+02 -1.054641e+02  0.000000e+00
     vertex  1.709737e+02 -1.009333e+02  0.000000e+00
   endloop
 endfacet
 facet normal  0.000000e+00 -0.000000e+00 -1.000000e+00
   outer loop
     vertex  1.730693e+02 -1.004887e+02  0.000000e+00
     vertex  1.730844e+02 -1.006038e+02  0.000000e+00
     vertex  1.714031e+02 -1.006038e+02  0.000000e+00
   endloop
 endfacet
 facet normal  0.000000e+00  0.000000e+00 -1.000000e+00
   outer loop
     vertex  1.730693e+02 -1.004887e+02  0.000000e+00
     vertex  1.714183e+02 -1.004887e+02  0.000000e+00
     vertex  1.714031e+02 -1.003737e+02  0.000000e+00
   endloop
 endfacet
 facet normal -0.000000e+00  0.000000e+00 -1.000000e+00
   outer loop
     vertex  1.730693e+02 -1.004887e+02  0.000000e+00
     vertex  1.714031e+02 -1.006038e+02  0.000000e+00
     vertex  1.714183e+02 -1.004887e+02  0.000000e+00
   endloop
 endfacet
 facet normal -0.000000e+00  0.000000e+00 -1.000000e+00
   outer loop
     vertex  1.730844e+02 -1.003737e+02  0.000000e+00
     vertex  1.730693e+02 -1.004887e+02  0.000000e+00
     vertex  1.714031e+02 -1.003737e+02  0.000000e+00
   endloop
 endfacet
 facet normal  0.000000e+00  0.000000e+00 -1.000000e+00
   outer loop
     vertex  1.731288e+02 -1.002665e+02  0.000000e+00
     vertex  1.730844e+02 -1.003737e+02  0.000000e+00
     vertex  1.714031e+02 -1.003737e+02  0.000000e+00
   endloop
 endfacet
 facet normal  0.000000e+00  0.000000e+00 -1.000000e+00
   outer loop
     vertex  1.731288e+02 -1.002665e+02  0.000000e+00
     vertex  1.713587e+02 -1.002665e+02  0.000000e+00
     vertex  1.712881e+02 -1.001744e+02  0.000000e+00
   endloop
 endfacet
 facet normal -0.000000e+00  0.000000e+00 -1.000000e+00
   outer loop
     vertex  1.731288e+02 -1.002665e+02  0.000000e+00
     vertex  1.714031e+02 -1.003737e+02  0.000000e+00
     vertex  1.713587e+02 -1.002665e+02  0.000000e+00
   endloop
 endfacet
 facet normal -0.000000e+00  0.000000e+00 -1.000000e+00
   outer loop
     vertex  1.731994e+02 -1.001744e+02  0.000000e+00
     vertex  1.731288e+02 -1.002665e+02  0.000000e+00
     vertex  1.712881e+02 -1.001744e+02  0.000000e+00
   endloop
 endfacet
 facet normal  0.000000e+00  0.000000e+00 -1.000000e+00
   outer loop
     vertex  1.731994e+02 -1.001744e+02  0.000000e+00
     vertex  1.712881e+02 -1.001744e+02  0.000000e+00
     vertex  1.711960e+02 -1.001038e+02  0.000000e+00
   endloop
 endfacet
 facet normal  0.000000e+00  0.000000e+00 -1.000000e+00
   outer loop
     vertex  1.581625e+02 -8.507580e+01  0.000000e+00
     vertex  1.575875e+02 -8.768763e+01  0.000000e+00
     vertex  1.576801e+02 -8.527560e+01  0.000000e+00
   endloop
 endfacet
 facet normal  0.000000e+00  0.000000e+00 -1.000000e+00
   outer loop
     vertex  1.581625e+02 -8.507580e+01  0.000000e+00
     vertex  1.577635e+02 -8.782271e+01  0.000000e+00
     vertex  1.575875e+02 -8.768763e+01  0.000000e+00
   endloop
 endfacet
 facet normal  0.000000e+00  0.000000e+00 -1.000000e+00
   outer loop
     vertex  1.581625e+02 -8.507580e+01  0.000000e+00
     vertex  1.578986e+02 -8.799875e+01  0.000000e+00
     vertex  1.577635e+02 -8.782271e+01  0.000000e+00
   endloop
 endfacet
 facet normal -0.000000e+00  0.000000e+00 -1.000000e+00
   outer loop
     vertex  1.554304e+02 -8.234375e+01  0.000000e+00
     vertex  1.552306e+02 -8.282611e+01  0.000000e+00
     vertex  1.414025e+02 -7.953375e+01  0.000000e+00
   endloop
 endfacet
 facet normal  0.000000e+00  0.000000e+00 -1.000000e+00
   outer loop
     vertex  1.732915e+02 -1.001038e+02  0.000000e+00
     vertex  1.711960e+02 -1.001038e+02  0.000000e+00
     vertex  1.710888e+02 -1.000594e+02  0.000000e+00
   endloop
 endfacet
 facet normal -0.000000e+00  0.000000e+00 -1.000000e+00
   outer loop
     vertex  1.732915e+02 -1.001038e+02  0.000000e+00
     vertex  1.731994e+02 -1.001744e+02  0.000000e+00
     vertex  1.711960e+02 -1.001038e+02  0.000000e+00
   endloop
 endfacet
 facet normal -0.000000e+00  0.000000e+00 -1.000000e+00
   outer loop
     vertex  1.733987e+02 -1.000594e+02  0.000000e+00
     vertex  1.732915e+02 -1.001038e+02  0.000000e+00
     vertex  1.710888e+02 -1.000594e+02  0.000000e+00
   endloop
 endfacet
 facet normal  0.000000e+00 -0.000000e+00 -1.000000e+00
   outer loop
     vertex  1.756688e+02 -1.007110e+02  0.000000e+00
     vertex  1.757394e+02 -1.008031e+02  0.000000e+00
     vertex  1.738281e+02 -1.008031e+02  0.000000e+00
   endloop
 endfacet
 facet normal -0.000000e+00  0.000000e+00 -1.000000e+00
   outer loop
     vertex  1.756688e+02 -1.007110e+02  0.000000e+00
     vertex  1.738987e+02 -1.007110e+02  0.000000e+00
     vertex  1.739431e+02 -1.006038e+02  0.000000e+00
   endloop
 endfacet
 facet normal  0.000000e+00  0.000000e+00 -1.000000e+00
   outer loop
     vertex  1.756688e+02 -1.007110e+02  0.000000e+00
     vertex  1.738281e+02 -1.008031e+02  0.000000e+00
     vertex  1.738987e+02 -1.007110e+02  0.000000e+00
   endloop
 endfacet
 facet normal  0.000000e+00  0.000000e+00 -1.000000e+00
   outer loop
     vertex  1.758315e+02 -1.008737e+02  0.000000e+00
     vertex  1.738281e+02 -1.008031e+02  0.000000e+00
     vertex  1.757394e+02 -1.008031e+02  0.000000e+00
   endloop
 endfacet
 facet normal -0.000000e+00  0.000000e+00 -1.000000e+00
   outer loop
     vertex  1.758315e+02 -1.008737e+02  0.000000e+00
     vertex  1.737360e+02 -1.008737e+02  0.000000e+00
     vertex  1.738281e+02 -1.008031e+02  0.000000e+00
   endloop
 endfacet
 facet normal  0.000000e+00  0.000000e+00 -1.000000e+00
   outer loop
     vertex  1.759387e+02 -1.009181e+02  0.000000e+00
     vertex  1.737360e+02 -1.008737e+02  0.000000e+00
     vertex  1.758315e+02 -1.008737e+02  0.000000e+00
   endloop
 endfacet
 facet normal -0.000000e+00  0.000000e+00 -1.000000e+00
   outer loop
     vertex  1.759387e+02 -1.009181e+02  0.000000e+00
     vertex  1.736288e+02 -1.009181e+02  0.000000e+00
     vertex  1.737360e+02 -1.008737e+02  0.000000e+00
   endloop
 endfacet
 facet normal  0.000000e+00  0.000000e+00 -1.000000e+00
   outer loop
     vertex  1.759387e+02 -1.009181e+02  0.000000e+00
     vertex  1.735137e+02 -1.009333e+02  0.000000e+00
     vertex  1.736288e+02 -1.009181e+02  0.000000e+00
   endloop
 endfacet
 facet normal  0.000000e+00 -0.000000e+00 -1.000000e+00
   outer loop
     vertex  1.756244e+02 -1.006038e+02  0.000000e+00
     vertex  1.756688e+02 -1.007110e+02  0.000000e+00
     vertex  1.739431e+02 -1.006038e+02  0.000000e+00
   endloop
 endfacet
 facet normal  0.000000e+00 -0.000000e+00 -1.000000e+00
   outer loop
     vertex  1.756093e+02 -1.004887e+02  0.000000e+00
     vertex  1.756244e+02 -1.006038e+02  0.000000e+00
     vertex  1.739431e+02 -1.006038e+02  0.000000e+00
   endloop
 endfacet
 facet normal -0.000000e+00  0.000000e+00 -1.000000e+00
   outer loop
     vertex  1.756093e+02 -1.004887e+02  0.000000e+00
     vertex  1.739582e+02 -1.004888e+02  0.000000e+00
     vertex  1.739431e+02 -1.003737e+02  0.000000e+00
   endloop
 endfacet
 facet normal  0.000000e+00  0.000000e+00 -1.000000e+00
   outer loop
     vertex  1.756093e+02 -1.004887e+02  0.000000e+00
     vertex  1.739431e+02 -1.006038e+02  0.000000e+00
     vertex  1.739582e+02 -1.004888e+02  0.000000e+00
   endloop
 endfacet
 facet normal -0.000000e+00  0.000000e+00 -1.000000e+00
   outer loop
     vertex  1.760538e+02 -1.009333e+02  0.000000e+00
     vertex  1.735137e+02 -1.009333e+02  0.000000e+00
     vertex  1.759387e+02 -1.009181e+02  0.000000e+00
   endloop
 endfacet
 facet normal  0.000000e+00 -0.000000e+00 -1.000000e+00
   outer loop
     vertex  1.760538e+02 -1.009333e+02  0.000000e+00
     vertex  1.892000e+02 -1.185000e+02  0.000000e+00
     vertex  1.735137e+02 -1.009333e+02  0.000000e+00
   endloop
 endfacet
 facet normal  0.000000e+00  0.000000e+00 -1.000000e+00
   outer loop
     vertex  1.756244e+02 -1.003737e+02  0.000000e+00
     vertex  1.756093e+02 -1.004887e+02  0.000000e+00
     vertex  1.739431e+02 -1.003737e+02  0.000000e+00
   endloop
 endfacet
 facet normal  0.000000e+00  0.000000e+00 -1.000000e+00
   outer loop
     vertex  1.617122e+02 -8.641408e+01  0.000000e+00
     vertex  1.580125e+02 -8.842375e+01  0.000000e+00
     vertex  1.579835e+02 -8.820375e+01  0.000000e+00
   endloop
 endfacet
 facet normal -0.000000e+00  0.000000e+00 -1.000000e+00
   outer loop
     vertex  1.618675e+02 -8.653327e+01  0.000000e+00
     vertex  1.580125e+02 -8.842375e+01  0.000000e+00
     vertex  1.617122e+02 -8.641408e+01  0.000000e+00
   endloop
 endfacet
 facet normal  0.000000e+00  0.000000e+00 -1.000000e+00
   outer loop
     vertex  1.618675e+02 -8.653327e+01  0.000000e+00
     vertex  1.579835e+02 -8.864375e+01  0.000000e+00
     vertex  1.580125e+02 -8.842375e+01  0.000000e+00
   endloop
 endfacet
 facet normal  0.000000e+00 -0.000000e+00 -1.000000e+00
   outer loop
     vertex  1.615930e+02 -8.625875e+01  0.000000e+00
     vertex  1.617122e+02 -8.641408e+01  0.000000e+00
     vertex  1.579835e+02 -8.820375e+01  0.000000e+00
   endloop
 endfacet
 facet normal  0.000000e+00  0.000000e+00 -1.000000e+00
   outer loop
     vertex  1.615930e+02 -8.625875e+01  0.000000e+00
     vertex  1.579835e+02 -8.820375e+01  0.000000e+00
     vertex  1.578986e+02 -8.799875e+01  0.000000e+00
   endloop
 endfacet
 facet normal  0.000000e+00  0.000000e+00 -1.000000e+00
   outer loop
     vertex  1.756688e+02 -1.002665e+02  0.000000e+00
     vertex  1.756244e+02 -1.003737e+02  0.000000e+00
     vertex  1.739431e+02 -1.003737e+02  0.000000e+00
   endloop
 endfacet
 facet normal -0.000000e+00  0.000000e+00 -1.000000e+00
   outer loop
     vertex  1.756688e+02 -1.002665e+02  0.000000e+00
     vertex  1.738987e+02 -1.002665e+02  0.000000e+00
     vertex  1.738281e+02 -1.001744e+02  0.000000e+00
   endloop
 endfacet
 facet normal  0.000000e+00  0.000000e+00 -1.000000e+00
   outer loop
     vertex  1.756688e+02 -1.002665e+02  0.000000e+00
     vertex  1.739431e+02 -1.003737e+02  0.000000e+00
     vertex  1.738987e+02 -1.002665e+02  0.000000e+00
   endloop
 endfacet
 facet normal -0.000000e+00  0.000000e+00 -1.000000e+00
   outer loop
     vertex  1.615181e+02 -8.607786e+01  0.000000e+00
     vertex  1.578986e+02 -8.799875e+01  0.000000e+00
     vertex  1.581625e+02 -8.507580e+01  0.000000e+00
   endloop
 endfacet
 facet normal  0.000000e+00  0.000000e+00 -1.000000e+00
   outer loop
     vertex  1.615181e+02 -8.607786e+01  0.000000e+00
     vertex  1.581625e+02 -8.507580e+01  0.000000e+00
     vertex  1.585767e+02 -8.475796e+01  0.000000e+00
   endloop
 endfacet
 facet normal  0.000000e+00 -0.000000e+00 -1.000000e+00
   outer loop
     vertex  1.615181e+02 -8.607786e+01  0.000000e+00
     vertex  1.615930e+02 -8.625875e+01  0.000000e+00
     vertex  1.578986e+02 -8.799875e+01  0.000000e+00
   endloop
 endfacet
 facet normal -0.000000e+00  0.000000e+00 -1.000000e+00
   outer loop
     vertex  1.620484e+02 -8.660819e+01  0.000000e+00
     vertex  1.579835e+02 -8.864375e+01  0.000000e+00
     vertex  1.618675e+02 -8.653327e+01  0.000000e+00
   endloop
 endfacet
 facet normal  0.000000e+00  0.000000e+00 -1.000000e+00
   outer loop
     vertex  1.620484e+02 -8.660819e+01  0.000000e+00
     vertex  1.578986e+02 -8.884875e+01  0.000000e+00
     vertex  1.579835e+02 -8.864375e+01  0.000000e+00
   endloop
 endfacet
 facet normal  0.000000e+00  0.000000e+00 -1.000000e+00
   outer loop
     vertex  1.757394e+02 -1.001744e+02  0.000000e+00
     vertex  1.756688e+02 -1.002665e+02  0.000000e+00
     vertex  1.738281e+02 -1.001744e+02  0.000000e+00
   endloop
 endfacet
 facet normal -0.000000e+00 -0.000000e+00 -1.000000e+00
   outer loop
     vertex  1.614925e+02 -8.588375e+01  0.000000e+00
     vertex  1.615181e+02 -8.607786e+01  0.000000e+00
     vertex  1.585767e+02 -8.475796e+01  0.000000e+00
   endloop
 endfacet
 facet normal -0.000000e+00  0.000000e+00 -1.000000e+00
   outer loop
     vertex  1.622425e+02 -8.663375e+01  0.000000e+00
     vertex  1.578986e+02 -8.884875e+01  0.000000e+00
     vertex  1.620484e+02 -8.660819e+01  0.000000e+00
   endloop
 endfacet
 facet normal  0.000000e+00  0.000000e+00 -1.000000e+00
   outer loop
     vertex  1.622425e+02 -8.663375e+01  0.000000e+00
     vertex  1.600775e+02 -9.793423e+01  0.000000e+00
     vertex  1.577635e+02 -8.902479e+01  0.000000e+00
   endloop
 endfacet
 facet normal  0.000000e+00  0.000000e+00 -1.000000e+00
   outer loop
     vertex  1.622425e+02 -8.663375e+01  0.000000e+00
     vertex  1.577635e+02 -8.902479e+01  0.000000e+00
     vertex  1.578986e+02 -8.884875e+01  0.000000e+00
   endloop
 endfacet
 facet normal  0.000000e+00  0.000000e+00 -1.000000e+00
   outer loop
     vertex  1.758315e+02 -1.001038e+02  0.000000e+00
     vertex  1.757394e+02 -1.001744e+02  0.000000e+00
     vertex  1.738281e+02 -1.001744e+02  0.000000e+00
   endloop
 endfacet
 facet normal  0.000000e+00  0.000000e+00 -1.000000e+00
   outer loop
     vertex  1.758315e+02 -1.001038e+02  0.000000e+00
     vertex  1.738281e+02 -1.001744e+02  0.000000e+00
     vertex  1.737360e+02 -1.001038e+02  0.000000e+00
   endloop
 endfacet
 facet normal -0.000000e+00  0.000000e+00 -1.000000e+00
   outer loop
     vertex  1.615181e+02 -8.568964e+01  0.000000e+00
     vertex  1.614925e+02 -8.588375e+01  0.000000e+00
     vertex  1.585767e+02 -8.475796e+01  0.000000e+00
   endloop
 endfacet
 facet normal  0.000000e+00  0.000000e+00 -1.000000e+00
   outer loop
     vertex  1.615181e+02 -8.568964e+01  0.000000e+00
     vertex  1.585767e+02 -8.475796e+01  0.000000e+00
     vertex  1.588946e+02 -8.434375e+01  0.000000e+00
   endloop
 endfacet
 facet normal  0.000000e+00  0.000000e+00 -1.000000e+00
   outer loop
     vertex  1.624366e+02 -8.660819e+01  0.000000e+00
     vertex  1.600775e+02 -9.793423e+01  0.000000e+00
     vertex  1.622425e+02 -8.663375e+01  0.000000e+00
   endloop
 endfacet
 facet normal  0.000000e+00  0.000000e+00 -1.000000e+00
   outer loop
     vertex  1.624366e+02 -8.660819e+01  0.000000e+00
     vertex  1.602328e+02 -9.805342e+01  0.000000e+00
     vertex  1.600775e+02 -9.793423e+01  0.000000e+00
   endloop
 endfacet
 facet normal  0.000000e+00  0.000000e+00 -1.000000e+00
   outer loop
     vertex  1.759387e+02 -1.000594e+02  0.000000e+00
     vertex  1.758315e+02 -1.001038e+02  0.000000e+00
     vertex  1.737360e+02 -1.001038e+02  0.000000e+00
   endloop
 endfacet
 facet normal  0.000000e+00  0.000000e+00 -1.000000e+00
   outer loop
     vertex  1.759387e+02 -1.000594e+02  0.000000e+00
     vertex  1.737360e+02 -1.001038e+02  0.000000e+00
     vertex  1.736288e+02 -1.000594e+02  0.000000e+00
   endloop
 endfacet
 facet normal  0.000000e+00  0.000000e+00 -1.000000e+00
   outer loop
     vertex  1.626175e+02 -8.653327e+01  0.000000e+00
     vertex  1.602328e+02 -9.805342e+01  0.000000e+00
     vertex  1.624366e+02 -8.660819e+01  0.000000e+00
   endloop
 endfacet
 facet normal  0.000000e+00 -0.000000e+00 -1.000000e+00
   outer loop
     vertex  1.626175e+02 -8.653327e+01  0.000000e+00
     vertex  1.707515e+02 -1.001038e+02  0.000000e+00
     vertex  1.603520e+02 -9.820875e+01  0.000000e+00
   endloop
 endfacet
 facet normal  0.000000e+00  0.000000e+00 -1.000000e+00
   outer loop
     vertex  1.626175e+02 -8.653327e+01  0.000000e+00
     vertex  1.603520e+02 -9.820875e+01  0.000000e+00
     vertex  1.602328e+02 -9.805342e+01  0.000000e+00
   endloop
 endfacet
 facet normal -0.000000e+00  0.000000e+00 -1.000000e+00
   outer loop
     vertex  1.615930e+02 -8.550875e+01  0.000000e+00
     vertex  1.615181e+02 -8.568964e+01  0.000000e+00
     vertex  1.588946e+02 -8.434375e+01  0.000000e+00
   endloop
 endfacet
 facet normal  0.000000e+00  0.000000e+00 -1.000000e+00
   outer loop
     vertex  1.615930e+02 -8.550875e+01  0.000000e+00
     vertex  1.588946e+02 -8.434375e+01  0.000000e+00
     vertex  1.590944e+02 -8.386139e+01  0.000000e+00
   endloop
 endfacet
 facet normal -0.000000e+00  0.000000e+00 -1.000000e+00
   outer loop
     vertex  1.617122e+02 -8.535342e+01  0.000000e+00
     vertex  1.615930e+02 -8.550875e+01  0.000000e+00
     vertex  1.590944e+02 -8.386139e+01  0.000000e+00
   endloop
 endfacet
 facet normal  0.000000e+00  0.000000e+00 -1.000000e+00
   outer loop
     vertex  1.618675e+02 -8.523423e+01  0.000000e+00
     vertex  1.590944e+02 -8.386139e+01  0.000000e+00
     vertex  1.591625e+02 -8.334375e+01  0.000000e+00
   endloop
 endfacet
 facet normal -0.000000e+00  0.000000e+00 -1.000000e+00
   outer loop
     vertex  1.618675e+02 -8.523423e+01  0.000000e+00
     vertex  1.617122e+02 -8.535342e+01  0.000000e+00
     vertex  1.590944e+02 -8.386139e+01  0.000000e+00
   endloop
 endfacet
 facet normal  0.000000e+00  0.000000e+00 -1.000000e+00
   outer loop
     vertex  1.620484e+02 -8.515931e+01  0.000000e+00
     vertex  1.591625e+02 -8.334375e+01  0.000000e+00
     vertex  1.590944e+02 -8.282611e+01  0.000000e+00
   endloop
 endfacet
 facet normal -0.000000e+00  0.000000e+00 -1.000000e+00
   outer loop
     vertex  1.620484e+02 -8.515931e+01  0.000000e+00
     vertex  1.618675e+02 -8.523423e+01  0.000000e+00
     vertex  1.591625e+02 -8.334375e+01  0.000000e+00
   endloop
 endfacet
 facet normal -0.000000e+00  0.000000e+00 -1.000000e+00
   outer loop
     vertex  1.622425e+02 -8.513375e+01  0.000000e+00
     vertex  1.620484e+02 -8.515931e+01  0.000000e+00
     vertex  1.590944e+02 -8.282611e+01  0.000000e+00
   endloop
 endfacet
 facet normal  0.000000e+00 -0.000000e+00 -1.000000e+00
   outer loop
     vertex  1.782088e+02 -1.007110e+02  0.000000e+00
     vertex  1.782794e+02 -1.008031e+02  0.000000e+00
     vertex  1.763681e+02 -1.008031e+02  0.000000e+00
   endloop
 endfacet
 facet normal  0.000000e+00  0.000000e+00 -1.000000e+00
   outer loop
     vertex  1.782088e+02 -1.007110e+02  0.000000e+00
     vertex  1.764387e+02 -1.007110e+02  0.000000e+00
     vertex  1.764831e+02 -1.006038e+02  0.000000e+00
   endloop
 endfacet
 facet normal -0.000000e+00  0.000000e+00 -1.000000e+00
   outer loop
     vertex  1.782088e+02 -1.007110e+02  0.000000e+00
     vertex  1.763681e+02 -1.008031e+02  0.000000e+00
     vertex  1.764387e+02 -1.007110e+02  0.000000e+00
   endloop
 endfacet
 facet normal  0.000000e+00  0.000000e+00 -1.000000e+00
   outer loop
     vertex  1.783715e+02 -1.008737e+02  0.000000e+00
     vertex  1.763681e+02 -1.008031e+02  0.000000e+00
     vertex  1.782794e+02 -1.008031e+02  0.000000e+00
   endloop
 endfacet
 facet normal  0.000000e+00  0.000000e+00 -1.000000e+00
   outer loop
     vertex  1.783715e+02 -1.008737e+02  0.000000e+00
     vertex  1.762760e+02 -1.008737e+02  0.000000e+00
     vertex  1.763681e+02 -1.008031e+02  0.000000e+00
   endloop
 endfacet
 facet normal -0.000000e+00  0.000000e+00 -1.000000e+00
   outer loop
     vertex  1.783715e+02 -1.008737e+02  0.000000e+00
     vertex  1.761688e+02 -1.009181e+02  0.000000e+00
     vertex  1.762760e+02 -1.008737e+02  0.000000e+00
   endloop
 endfacet
 facet normal -0.000000e+00 -0.000000e+00 -1.000000e+00
   outer loop
     vertex  1.781644e+02 -1.006038e+02  0.000000e+00
     vertex  1.782088e+02 -1.007110e+02  0.000000e+00
     vertex  1.764831e+02 -1.006038e+02  0.000000e+00
   endloop
 endfacet
 facet normal  0.000000e+00  0.000000e+00 -1.000000e+00
   outer loop
     vertex  1.784787e+02 -1.009181e+02  0.000000e+00
     vertex  1.761688e+02 -1.009181e+02  0.000000e+00
     vertex  1.783715e+02 -1.008737e+02  0.000000e+00
   endloop
 endfacet
 facet normal -0.000000e+00  0.000000e+00 -1.000000e+00
   outer loop
     vertex  1.781492e+02 -1.004887e+02  0.000000e+00
     vertex  1.764831e+02 -1.006038e+02  0.000000e+00
     vertex  1.764983e+02 -1.004887e+02  0.000000e+00
   endloop
 endfacet
 facet normal  0.000000e+00 -0.000000e+00 -1.000000e+00
   outer loop
     vertex  1.781492e+02 -1.004887e+02  0.000000e+00
     vertex  1.781644e+02 -1.006038e+02  0.000000e+00
     vertex  1.764831e+02 -1.006038e+02  0.000000e+00
   endloop
 endfacet
 facet normal  0.000000e+00  0.000000e+00 -1.000000e+00
   outer loop
     vertex  1.785938e+02 -1.009333e+02  0.000000e+00
     vertex  1.760538e+02 -1.009333e+02  0.000000e+00
     vertex  1.761688e+02 -1.009181e+02  0.000000e+00
   endloop
 endfacet
 facet normal -0.000000e+00 -0.000000e+00 -1.000000e+00
   outer loop
     vertex  1.785938e+02 -1.009333e+02  0.000000e+00
     vertex  1.892000e+02 -1.185000e+02  0.000000e+00
     vertex  1.760538e+02 -1.009333e+02  0.000000e+00
   endloop
 endfacet
 facet normal  0.000000e+00  0.000000e+00 -1.000000e+00
   outer loop
     vertex  1.785938e+02 -1.009333e+02  0.000000e+00
     vertex  1.761688e+02 -1.009181e+02  0.000000e+00
     vertex  1.784787e+02 -1.009181e+02  0.000000e+00
   endloop
 endfacet
 facet normal -0.000000e+00  0.000000e+00 -1.000000e+00
   outer loop
     vertex  1.567375e+02 -7.899987e+01  0.000000e+00
     vertex  1.561625e+02 -8.161170e+01  0.000000e+00
     vertex  1.565615e+02 -7.886479e+01  0.000000e+00
   endloop
 endfacet
 facet normal  0.000000e+00  0.000000e+00 -1.000000e+00
   outer loop
     vertex  1.567375e+02 -7.899987e+01  0.000000e+00
     vertex  1.566449e+02 -8.141190e+01  0.000000e+00
     vertex  1.561625e+02 -8.161170e+01  0.000000e+00
   endloop
 endfacet
 facet normal  0.000000e+00 -0.000000e+00 -1.000000e+00
   outer loop
     vertex  1.564264e+02 -7.868875e+01  0.000000e+00
     vertex  1.565615e+02 -7.886479e+01  0.000000e+00
     vertex  1.561625e+02 -8.161170e+01  0.000000e+00
   endloop
 endfacet
 facet normal  0.000000e+00  0.000000e+00 -1.000000e+00
   outer loop
     vertex  1.564264e+02 -7.868875e+01  0.000000e+00
     vertex  1.561625e+02 -8.161170e+01  0.000000e+00
     vertex  1.557483e+02 -8.192954e+01  0.000000e+00
   endloop
 endfacet
 facet normal -0.000000e+00  0.000000e+00 -1.000000e+00
   outer loop
     vertex  1.781644e+02 -1.003737e+02  0.000000e+00
     vertex  1.764983e+02 -1.004887e+02  0.000000e+00
     vertex  1.764831e+02 -1.003737e+02  0.000000e+00
   endloop
 endfacet
 facet normal  0.000000e+00  0.000000e+00 -1.000000e+00
   outer loop
     vertex  1.781644e+02 -1.003737e+02  0.000000e+00
     vertex  1.781492e+02 -1.004887e+02  0.000000e+00
     vertex  1.764983e+02 -1.004887e+02  0.000000e+00
   endloop
 endfacet
 facet normal  0.000000e+00 -0.000000e+00 -1.000000e+00
   outer loop
     vertex  1.563415e+02 -7.848375e+01  0.000000e+00
     vertex  1.564264e+02 -7.868875e+01  0.000000e+00
     vertex  1.557483e+02 -8.192954e+01  0.000000e+00
   endloop
 endfacet
 facet normal  0.000000e+00  0.000000e+00 -1.000000e+00
   outer loop
     vertex  1.563415e+02 -7.848375e+01  0.000000e+00
     vertex  1.557483e+02 -8.192954e+01  0.000000e+00
     vertex  1.554304e+02 -8.234375e+01  0.000000e+00
   endloop
 endfacet
 facet normal -0.000000e+00  0.000000e+00 -1.000000e+00
   outer loop
     vertex  1.569425e+02 -7.908479e+01  0.000000e+00
     vertex  1.566449e+02 -8.141190e+01  0.000000e+00
     vertex  1.567375e+02 -7.899987e+01  0.000000e+00
   endloop
 endfacet
 facet normal  0.000000e+00 -0.000000e+00 -1.000000e+00
   outer loop
     vertex  1.569425e+02 -7.908479e+01  0.000000e+00
     vertex  1.571625e+02 -8.134375e+01  0.000000e+00
     vertex  1.566449e+02 -8.141190e+01  0.000000e+00
   endloop
 endfacet
 facet normal  0.000000e+00  0.000000e+00 -1.000000e+00
   outer loop
     vertex  1.782088e+02 -1.002665e+02  0.000000e+00
     vertex  1.764387e+02 -1.002665e+02  0.000000e+00
     vertex  1.763681e+02 -1.001744e+02  0.000000e+00
   endloop
 endfacet
 facet normal -0.000000e+00  0.000000e+00 -1.000000e+00
   outer loop
     vertex  1.782088e+02 -1.002665e+02  0.000000e+00
     vertex  1.764831e+02 -1.003737e+02  0.000000e+00
     vertex  1.764387e+02 -1.002665e+02  0.000000e+00
   endloop
 endfacet
 facet normal  0.000000e+00  0.000000e+00 -1.000000e+00
   outer loop
     vertex  1.782088e+02 -1.002665e+02  0.000000e+00
     vertex  1.781644e+02 -1.003737e+02  0.000000e+00
     vertex  1.764831e+02 -1.003737e+02  0.000000e+00
   endloop
 endfacet
 facet normal  0.000000e+00 -0.000000e+00 -1.000000e+00
   outer loop
     vertex  1.563125e+02 -7.826375e+01  0.000000e+00
     vertex  1.563415e+02 -7.848375e+01  0.000000e+00
     vertex  1.554304e+02 -8.234375e+01  0.000000e+00
   endloop
 endfacet
 facet normal  0.000000e+00  0.000000e+00 -1.000000e+00
   outer loop
     vertex  1.563125e+02 -7.826375e+01  0.000000e+00
     vertex  1.414025e+02 -7.953375e+01  0.000000e+00
     vertex  1.413769e+02 -7.933964e+01  0.000000e+00
   endloop
 endfacet
 facet normal  0.000000e+00  0.000000e+00 -1.000000e+00
   outer loop
     vertex  1.563125e+02 -7.826375e+01  0.000000e+00
     vertex  1.554304e+02 -8.234375e+01  0.000000e+00
     vertex  1.414025e+02 -7.953375e+01  0.000000e+00
   endloop
 endfacet
 facet normal -0.000000e+00 -0.000000e+00 -1.000000e+00
   outer loop
     vertex  1.571625e+02 -7.911375e+01  0.000000e+00
     vertex  1.571625e+02 -8.134375e+01  0.000000e+00
     vertex  1.569425e+02 -7.908479e+01  0.000000e+00
   endloop
 endfacet
 facet normal -0.000000e+00  0.000000e+00 -1.000000e+00
   outer loop
     vertex  1.782794e+02 -1.001744e+02  0.000000e+00
     vertex  1.782088e+02 -1.002665e+02  0.000000e+00
     vertex  1.763681e+02 -1.001744e+02  0.000000e+00
   endloop
 endfacet
 facet normal  0.000000e+00  0.000000e+00 -1.000000e+00
   outer loop
     vertex  1.783715e+02 -1.001038e+02  0.000000e+00
     vertex  1.762760e+02 -1.001038e+02  0.000000e+00
     vertex  1.761688e+02 -1.000594e+02  0.000000e+00
   endloop
 endfacet
 facet normal -0.000000e+00  0.000000e+00 -1.000000e+00
   outer loop
     vertex  1.783715e+02 -1.001038e+02  0.000000e+00
     vertex  1.763681e+02 -1.001744e+02  0.000000e+00
     vertex  1.762760e+02 -1.001038e+02  0.000000e+00
   endloop
 endfacet
 facet normal  0.000000e+00  0.000000e+00 -1.000000e+00
   outer loop
     vertex  1.783715e+02 -1.001038e+02  0.000000e+00
     vertex  1.782794e+02 -1.001744e+02  0.000000e+00
     vertex  1.763681e+02 -1.001744e+02  0.000000e+00
   endloop
 endfacet
 facet normal  0.000000e+00  0.000000e+00 -1.000000e+00
   outer loop
     vertex  1.563415e+02 -7.804375e+01  0.000000e+00
     vertex  1.413769e+02 -7.933964e+01  0.000000e+00
     vertex  1.413020e+02 -7.915875e+01  0.000000e+00
   endloop
 endfacet
 facet normal  0.000000e+00  0.000000e+00 -1.000000e+00
   outer loop
     vertex  1.563415e+02 -7.804375e+01  0.000000e+00
     vertex  1.563125e+02 -7.826375e+01  0.000000e+00
     vertex  1.413769e+02 -7.933964e+01  0.000000e+00
   endloop
 endfacet
 facet normal  0.000000e+00  0.000000e+00 -1.000000e+00
   outer loop
     vertex  1.573825e+02 -7.908479e+01  0.000000e+00
     vertex  1.571625e+02 -8.134375e+01  0.000000e+00
     vertex  1.571625e+02 -7.911375e+01  0.000000e+00
   endloop
 endfacet
 facet normal  0.000000e+00 -0.000000e+00 -1.000000e+00
   outer loop
     vertex  1.573825e+02 -7.908479e+01  0.000000e+00
     vertex  1.576801e+02 -8.141190e+01  0.000000e+00
     vertex  1.571625e+02 -8.134375e+01  0.000000e+00
   endloop
 endfacet
 facet normal -0.000000e+00  0.000000e+00 -1.000000e+00
   outer loop
     vertex  1.784787e+02 -1.000594e+02  0.000000e+00
     vertex  1.783715e+02 -1.001038e+02  0.000000e+00
     vertex  1.761688e+02 -1.000594e+02  0.000000e+00
   endloop
 endfacet
 facet normal  0.000000e+00  0.000000e+00 -1.000000e+00
   outer loop
     vertex  1.564264e+02 -7.783875e+01  0.000000e+00
     vertex  1.413020e+02 -7.915875e+01  0.000000e+00
     vertex  1.411828e+02 -7.900342e+01  0.000000e+00
   endloop
 endfacet
 facet normal  0.000000e+00  0.000000e+00 -1.000000e+00
   outer loop
     vertex  1.564264e+02 -7.783875e+01  0.000000e+00
     vertex  1.563415e+02 -7.804375e+01  0.000000e+00
     vertex  1.413020e+02 -7.915875e+01  0.000000e+00
   endloop
 endfacet
 facet normal  0.000000e+00  0.000000e+00 -1.000000e+00
   outer loop
     vertex  1.565615e+02 -7.766271e+01  0.000000e+00
     vertex  1.411828e+02 -7.900342e+01  0.000000e+00
     vertex  1.410275e+02 -7.888423e+01  0.000000e+00
   endloop
 endfacet
 facet normal  0.000000e+00  0.000000e+00 -1.000000e+00
   outer loop
     vertex  1.565615e+02 -7.766271e+01  0.000000e+00
     vertex  1.564264e+02 -7.783875e+01  0.000000e+00
     vertex  1.411828e+02 -7.900342e+01  0.000000e+00
   endloop
 endfacet
 facet normal  0.000000e+00 -0.000000e+00 -1.000000e+00
   outer loop
     vertex  1.590530e+02 -7.990875e+01  0.000000e+00
     vertex  1.591722e+02 -8.006408e+01  0.000000e+00
     vertex  1.581625e+02 -8.161170e+01  0.000000e+00
   endloop
 endfacet
 facet normal  0.000000e+00  0.000000e+00 -1.000000e+00
   outer loop
     vertex  1.590530e+02 -7.990875e+01  0.000000e+00
     vertex  1.581625e+02 -8.161170e+01  0.000000e+00
     vertex  1.576801e+02 -8.141190e+01  0.000000e+00
   endloop
 endfacet
 facet normal -0.000000e+00  0.000000e+00 -1.000000e+00
   outer loop
     vertex  1.593275e+02 -8.018327e+01  0.000000e+00
     vertex  1.581625e+02 -8.161170e+01  0.000000e+00
     vertex  1.591722e+02 -8.006408e+01  0.000000e+00
   endloop
 endfacet
 facet normal  0.000000e+00  0.000000e+00 -1.000000e+00
   outer loop
     vertex  1.593275e+02 -8.018327e+01  0.000000e+00
     vertex  1.585767e+02 -8.192954e+01  0.000000e+00
     vertex  1.581625e+02 -8.161170e+01  0.000000e+00
   endloop
 endfacet
 facet normal -0.000000e+00  0.000000e+00 -1.000000e+00
   outer loop
     vertex  1.567375e+02 -7.752763e+01  0.000000e+00
     vertex  1.410275e+02 -7.888423e+01  0.000000e+00
     vertex  1.385375e+02 -7.752763e+01  0.000000e+00
   endloop
 endfacet
 facet normal  0.000000e+00  0.000000e+00 -1.000000e+00
   outer loop
     vertex  1.567375e+02 -7.752763e+01  0.000000e+00
     vertex  1.385375e+02 -7.752763e+01  0.000000e+00
     vertex  1.383325e+02 -7.744271e+01  0.000000e+00
   endloop
 endfacet
 facet normal  0.000000e+00  0.000000e+00 -1.000000e+00
   outer loop
     vertex  1.567375e+02 -7.752763e+01  0.000000e+00
     vertex  1.565615e+02 -7.766271e+01  0.000000e+00
     vertex  1.410275e+02 -7.888423e+01  0.000000e+00
   endloop
 endfacet
 facet normal -0.000000e+00  0.000000e+00 -1.000000e+00
   outer loop
     vertex  1.589781e+02 -7.972786e+01  0.000000e+00
     vertex  1.576801e+02 -8.141190e+01  0.000000e+00
     vertex  1.573825e+02 -7.908479e+01  0.000000e+00
   endloop
 endfacet
 facet normal  0.000000e+00  0.000000e+00 -1.000000e+00
   outer loop
     vertex  1.589781e+02 -7.972786e+01  0.000000e+00
     vertex  1.573825e+02 -7.908479e+01  0.000000e+00
     vertex  1.575875e+02 -7.899987e+01  0.000000e+00
   endloop
 endfacet
 facet normal  0.000000e+00 -0.000000e+00 -1.000000e+00
   outer loop
     vertex  1.589781e+02 -7.972786e+01  0.000000e+00
     vertex  1.590530e+02 -7.990875e+01  0.000000e+00
     vertex  1.576801e+02 -8.141190e+01  0.000000e+00
   endloop
 endfacet
 facet normal -0.000000e+00  0.000000e+00 -1.000000e+00
   outer loop
     vertex  1.595084e+02 -8.025819e+01  0.000000e+00
     vertex  1.585767e+02 -8.192954e+01  0.000000e+00
     vertex  1.593275e+02 -8.018327e+01  0.000000e+00
   endloop
 endfacet
 facet normal  0.000000e+00  0.000000e+00 -1.000000e+00
   outer loop
     vertex  1.589525e+02 -7.953375e+01  0.000000e+00
     vertex  1.575875e+02 -7.899987e+01  0.000000e+00
     vertex  1.577635e+02 -7.886479e+01  0.000000e+00
   endloop
 endfacet
 facet normal -0.000000e+00 -0.000000e+00 -1.000000e+00
   outer loop
     vertex  1.589525e+02 -7.953375e+01  0.000000e+00
     vertex  1.589781e+02 -7.972786e+01  0.000000e+00
     vertex  1.575875e+02 -7.899987e+01  0.000000e+00
   endloop
 endfacet
 facet normal  0.000000e+00  0.000000e+00 -1.000000e+00
   outer loop
     vertex  1.597025e+02 -8.028375e+01  0.000000e+00
     vertex  1.588946e+02 -8.234375e+01  0.000000e+00
     vertex  1.585767e+02 -8.192954e+01  0.000000e+00
   endloop
 endfacet
 facet normal -0.000000e+00  0.000000e+00 -1.000000e+00
   outer loop
     vertex  1.597025e+02 -8.028375e+01  0.000000e+00
     vertex  1.585767e+02 -8.192954e+01  0.000000e+00
     vertex  1.595084e+02 -8.025819e+01  0.000000e+00
   endloop
 endfacet
 facet normal -0.000000e+00  0.000000e+00 -1.000000e+00
   outer loop
     vertex  1.569425e+02 -7.744271e+01  0.000000e+00
     vertex  1.567375e+02 -7.752763e+01  0.000000e+00
     vertex  1.383325e+02 -7.744271e+01  0.000000e+00
   endloop
 endfacet
 facet normal  0.000000e+00  0.000000e+00 -1.000000e+00
   outer loop
     vertex  1.569425e+02 -7.744271e+01  0.000000e+00
     vertex  1.383325e+02 -7.744271e+01  0.000000e+00
     vertex  1.250000e+02 -7.000000e+01  0.000000e+00
   endloop
 endfacet
 facet normal  0.000000e+00  0.000000e+00 -1.000000e+00
   outer loop
     vertex  1.598966e+02 -8.025819e+01  0.000000e+00
     vertex  1.588946e+02 -8.234375e+01  0.000000e+00
     vertex  1.597025e+02 -8.028375e+01  0.000000e+00
   endloop
 endfacet
 facet normal  0.000000e+00  0.000000e+00 -1.000000e+00
   outer loop
     vertex  1.598966e+02 -8.025819e+01  0.000000e+00
     vertex  1.590944e+02 -8.282611e+01  0.000000e+00
     vertex  1.588946e+02 -8.234375e+01  0.000000e+00
   endloop
 endfacet
 facet normal -0.000000e+00  0.000000e+00 -1.000000e+00
   outer loop
     vertex  1.589781e+02 -7.933964e+01  0.000000e+00
     vertex  1.589525e+02 -7.953375e+01  0.000000e+00
     vertex  1.577635e+02 -7.886479e+01  0.000000e+00
   endloop
 endfacet
 facet normal  0.000000e+00  0.000000e+00 -1.000000e+00
   outer loop
     vertex  1.589781e+02 -7.933964e+01  0.000000e+00
     vertex  1.577635e+02 -7.886479e+01  0.000000e+00
     vertex  1.578986e+02 -7.868875e+01  0.000000e+00
   endloop
 endfacet
 facet normal  0.000000e+00 -0.000000e+00 -1.000000e+00
   outer loop
     vertex  1.600775e+02 -8.018327e+01  0.000000e+00
     vertex  1.622425e+02 -8.513375e+01  0.000000e+00
     vertex  1.590944e+02 -8.282611e+01  0.000000e+00
   endloop
 endfacet
 facet normal  0.000000e+00  0.000000e+00 -1.000000e+00
   outer loop
     vertex  1.600775e+02 -8.018327e+01  0.000000e+00
     vertex  1.590944e+02 -8.282611e+01  0.000000e+00
     vertex  1.598966e+02 -8.025819e+01  0.000000e+00
   endloop
 endfacet
 facet normal -0.000000e+00  0.000000e+00 -1.000000e+00
   outer loop
     vertex  1.590530e+02 -7.915875e+01  0.000000e+00
     vertex  1.589781e+02 -7.933964e+01  0.000000e+00
     vertex  1.578986e+02 -7.868875e+01  0.000000e+00
   endloop
 endfacet
 facet normal  0.000000e+00  0.000000e+00 -1.000000e+00
   outer loop
     vertex  1.590530e+02 -7.915875e+01  0.000000e+00
     vertex  1.578986e+02 -7.868875e+01  0.000000e+00
     vertex  1.579835e+02 -7.848375e+01  0.000000e+00
   endloop
 endfacet
 facet normal -0.000000e+00  0.000000e+00 -1.000000e+00
   outer loop
     vertex  1.807488e+02 -1.007110e+02  0.000000e+00
     vertex  1.789081e+02 -1.008031e+02  0.000000e+00
     vertex  1.789787e+02 -1.007110e+02  0.000000e+00
   endloop
 endfacet
 facet normal  0.000000e+00 -0.000000e+00 -1.000000e+00
   outer loop
     vertex  1.807488e+02 -1.007110e+02  0.000000e+00
     vertex  1.808194e+02 -1.008031e+02  0.000000e+00
     vertex  1.789081e+02 -1.008031e+02  0.000000e+00
   endloop
 endfacet
 facet normal  0.000000e+00  0.000000e+00 -1.000000e+00
   outer loop
     vertex  1.809115e+02 -1.008737e+02  0.000000e+00
     vertex  1.788160e+02 -1.008737e+02  0.000000e+00
     vertex  1.789081e+02 -1.008031e+02  0.000000e+00
   endloop
 endfacet
 facet normal  0.000000e+00  0.000000e+00 -1.000000e+00
   outer loop
     vertex  1.809115e+02 -1.008737e+02  0.000000e+00
     vertex  1.789081e+02 -1.008031e+02  0.000000e+00
     vertex  1.808194e+02 -1.008031e+02  0.000000e+00
   endloop
 endfacet
 facet normal -0.000000e+00  0.000000e+00 -1.000000e+00
   outer loop
     vertex  1.809115e+02 -1.008737e+02  0.000000e+00
     vertex  1.787088e+02 -1.009181e+02  0.000000e+00
     vertex  1.788160e+02 -1.008737e+02  0.000000e+00
   endloop
 endfacet
 facet normal -0.000000e+00  0.000000e+00 -1.000000e+00
   outer loop
     vertex  1.807044e+02 -1.006038e+02  0.000000e+00
     vertex  1.789787e+02 -1.007110e+02  0.000000e+00
     vertex  1.790231e+02 -1.006038e+02  0.000000e+00
   endloop
 endfacet
 facet normal  0.000000e+00 -0.000000e+00 -1.000000e+00
   outer loop
     vertex  1.807044e+02 -1.006038e+02  0.000000e+00
     vertex  1.807488e+02 -1.007110e+02  0.000000e+00
     vertex  1.789787e+02 -1.007110e+02  0.000000e+00
   endloop
 endfacet
 facet normal -0.000000e+00  0.000000e+00 -1.000000e+00
   outer loop
     vertex  1.810187e+02 -1.009181e+02  0.000000e+00
     vertex  1.785938e+02 -1.009333e+02  0.000000e+00
     vertex  1.787088e+02 -1.009181e+02  0.000000e+00
   endloop
 endfacet
 facet normal  0.000000e+00  0.000000e+00 -1.000000e+00
   outer loop
     vertex  1.810187e+02 -1.009181e+02  0.000000e+00
     vertex  1.787088e+02 -1.009181e+02  0.000000e+00
     vertex  1.809115e+02 -1.008737e+02  0.000000e+00
   endloop
 endfacet
 facet normal  0.000000e+00  0.000000e+00 -1.000000e+00
   outer loop
     vertex  1.602328e+02 -8.006408e+01  0.000000e+00
     vertex  1.624366e+02 -8.515931e+01  0.000000e+00
     vertex  1.622425e+02 -8.513375e+01  0.000000e+00
   endloop
 endfacet
 facet normal  0.000000e+00 -0.000000e+00 -1.000000e+00
   outer loop
     vertex  1.602328e+02 -8.006408e+01  0.000000e+00
     vertex  1.622425e+02 -8.513375e+01  0.000000e+00
     vertex  1.600775e+02 -8.018327e+01  0.000000e+00
   endloop
 endfacet
 facet normal  0.000000e+00  0.000000e+00 -1.000000e+00
   outer loop
     vertex  1.591722e+02 -7.900342e+01  0.000000e+00
     vertex  1.579835e+02 -7.848375e+01  0.000000e+00
     vertex  1.580125e+02 -7.826375e+01  0.000000e+00
   endloop
 endfacet
 facet normal -0.000000e+00  0.000000e+00 -1.000000e+00
   outer loop
     vertex  1.591722e+02 -7.900342e+01  0.000000e+00
     vertex  1.590530e+02 -7.915875e+01  0.000000e+00
     vertex  1.579835e+02 -7.848375e+01  0.000000e+00
   endloop
 endfacet
 facet normal -0.000000e+00  0.000000e+00 -1.000000e+00
   outer loop
     vertex  1.806892e+02 -1.004887e+02  0.000000e+00
     vertex  1.790231e+02 -1.006038e+02  0.000000e+00
     vertex  1.790383e+02 -1.004887e+02  0.000000e+00
   endloop
 endfacet
 facet normal  0.000000e+00 -0.000000e+00 -1.000000e+00
   outer loop
     vertex  1.806892e+02 -1.004887e+02  0.000000e+00
     vertex  1.807044e+02 -1.006038e+02  0.000000e+00
     vertex  1.790231e+02 -1.006038e+02  0.000000e+00
   endloop
 endfacet
 facet normal -0.000000e+00 -0.000000e+00 -1.000000e+00
   outer loop
     vertex  1.811337e+02 -1.009333e+02  0.000000e+00
     vertex  1.892000e+02 -1.185000e+02  0.000000e+00
     vertex  1.785938e+02 -1.009333e+02  0.000000e+00
   endloop
 endfacet
 facet normal  0.000000e+00  0.000000e+00 -1.000000e+00
   outer loop
     vertex  1.811337e+02 -1.009333e+02  0.000000e+00
     vertex  1.785938e+02 -1.009333e+02  0.000000e+00
     vertex  1.810187e+02 -1.009181e+02  0.000000e+00
   endloop
 endfacet
 facet normal  0.000000e+00  0.000000e+00 -1.000000e+00
   outer loop
     vertex  1.807044e+02 -1.003737e+02  0.000000e+00
     vertex  1.806892e+02 -1.004887e+02  0.000000e+00
     vertex  1.790383e+02 -1.004887e+02  0.000000e+00
   endloop
 endfacet
 facet normal -0.000000e+00  0.000000e+00 -1.000000e+00
   outer loop
     vertex  1.807044e+02 -1.003737e+02  0.000000e+00
     vertex  1.790383e+02 -1.004887e+02  0.000000e+00
     vertex  1.790231e+02 -1.003737e+02  0.000000e+00
   endloop
 endfacet
 facet normal  0.000000e+00  0.000000e+00 -1.000000e+00
   outer loop
     vertex  1.593275e+02 -7.888423e+01  0.000000e+00
     vertex  1.580125e+02 -7.826375e+01  0.000000e+00
     vertex  1.579835e+02 -7.804375e+01  0.000000e+00
   endloop
 endfacet
 facet normal -0.000000e+00  0.000000e+00 -1.000000e+00
   outer loop
     vertex  1.593275e+02 -7.888423e+01  0.000000e+00
     vertex  1.591722e+02 -7.900342e+01  0.000000e+00
     vertex  1.580125e+02 -7.826375e+01  0.000000e+00
   endloop
 endfacet
 facet normal  0.000000e+00  0.000000e+00 -1.000000e+00
   outer loop
     vertex  1.603520e+02 -7.990875e+01  0.000000e+00
     vertex  1.626175e+02 -8.523423e+01  0.000000e+00
     vertex  1.624366e+02 -8.515931e+01  0.000000e+00
   endloop
 endfacet
 facet normal  0.000000e+00 -0.000000e+00 -1.000000e+00
   outer loop
     vertex  1.603520e+02 -7.990875e+01  0.000000e+00
     vertex  1.624366e+02 -8.515931e+01  0.000000e+00
     vertex  1.602328e+02 -8.006408e+01  0.000000e+00
   endloop
 endfacet
 facet normal  0.000000e+00  0.000000e+00 -1.000000e+00
   outer loop
     vertex  1.807488e+02 -1.002665e+02  0.000000e+00
     vertex  1.807044e+02 -1.003737e+02  0.000000e+00
     vertex  1.790231e+02 -1.003737e+02  0.000000e+00
   endloop
 endfacet
 facet normal -0.000000e+00  0.000000e+00 -1.000000e+00
   outer loop
     vertex  1.807488e+02 -1.002665e+02  0.000000e+00
     vertex  1.790231e+02 -1.003737e+02  0.000000e+00
     vertex  1.789787e+02 -1.002665e+02  0.000000e+00
   endloop
 endfacet
 facet normal  0.000000e+00  0.000000e+00 -1.000000e+00
   outer loop
     vertex  1.808194e+02 -1.001744e+02  0.000000e+00
     vertex  1.807488e+02 -1.002665e+02  0.000000e+00
     vertex  1.789787e+02 -1.002665e+02  0.000000e+00
   endloop
 endfacet
 facet normal -0.000000e+00  0.000000e+00 -1.000000e+00
   outer loop
     vertex  1.808194e+02 -1.001744e+02  0.000000e+00
     vertex  1.789787e+02 -1.002665e+02  0.000000e+00
     vertex  1.789081e+02 -1.001744e+02  0.000000e+00
   endloop
 endfacet
 facet normal  0.000000e+00 -0.000000e+00 -1.000000e+00
   outer loop
     vertex  1.604269e+02 -7.972786e+01  0.000000e+00
     vertex  1.626175e+02 -8.523423e+01  0.000000e+00
     vertex  1.603520e+02 -7.990875e+01  0.000000e+00
   endloop
 endfacet
 facet normal  0.000000e+00  0.000000e+00 -1.000000e+00
   outer loop
     vertex  1.604269e+02 -7.972786e+01  0.000000e+00
     vertex  1.627728e+02 -8.535342e+01  0.000000e+00
     vertex  1.626175e+02 -8.523423e+01  0.000000e+00
   endloop
 endfacet
 facet normal -0.000000e+00  0.000000e+00 -1.000000e+00
   outer loop
     vertex  1.595084e+02 -7.880931e+01  0.000000e+00
     vertex  1.593275e+02 -7.888423e+01  0.000000e+00
     vertex  1.579835e+02 -7.804375e+01  0.000000e+00
   endloop
 endfacet
 facet normal  0.000000e+00  0.000000e+00 -1.000000e+00
   outer loop
     vertex  1.595084e+02 -7.880931e+01  0.000000e+00
     vertex  1.579835e+02 -7.804375e+01  0.000000e+00
     vertex  1.578986e+02 -7.783875e+01  0.000000e+00
   endloop
 endfacet
 facet normal -0.000000e+00  0.000000e+00 -1.000000e+00
   outer loop
     vertex  1.809115e+02 -1.001038e+02  0.000000e+00
     vertex  1.789081e+02 -1.001744e+02  0.000000e+00
     vertex  1.788160e+02 -1.001038e+02  0.000000e+00
   endloop
 endfacet
 facet normal  0.000000e+00  0.000000e+00 -1.000000e+00
   outer loop
     vertex  1.809115e+02 -1.001038e+02  0.000000e+00
     vertex  1.808194e+02 -1.001744e+02  0.000000e+00
     vertex  1.789081e+02 -1.001744e+02  0.000000e+00
   endloop
 endfacet
 facet normal  0.000000e+00  0.000000e+00 -1.000000e+00
   outer loop
     vertex  1.597025e+02 -7.878375e+01  0.000000e+00
     vertex  1.578986e+02 -7.783875e+01  0.000000e+00
     vertex  1.577635e+02 -7.766271e+01  0.000000e+00
   endloop
 endfacet
 facet normal -0.000000e+00  0.000000e+00 -1.000000e+00
   outer loop
     vertex  1.597025e+02 -7.878375e+01  0.000000e+00
     vertex  1.595084e+02 -7.880931e+01  0.000000e+00
     vertex  1.578986e+02 -7.783875e+01  0.000000e+00
   endloop
 endfacet
 facet normal -0.000000e+00  0.000000e+00 -1.000000e+00
   outer loop
     vertex  1.810187e+02 -1.000594e+02  0.000000e+00
     vertex  1.788160e+02 -1.001038e+02  0.000000e+00
     vertex  1.787088e+02 -1.000594e+02  0.000000e+00
   endloop
 endfacet
 facet normal  0.000000e+00  0.000000e+00 -1.000000e+00
   outer loop
     vertex  1.810187e+02 -1.000594e+02  0.000000e+00
     vertex  1.809115e+02 -1.001038e+02  0.000000e+00
     vertex  1.788160e+02 -1.001038e+02  0.000000e+00
   endloop
 endfacet
 facet normal  0.000000e+00  0.000000e+00 -1.000000e+00
   outer loop
     vertex  1.598966e+02 -7.880931e+01  0.000000e+00
     vertex  1.577635e+02 -7.766271e+01  0.000000e+00
     vertex  1.575875e+02 -7.752763e+01  0.000000e+00
   endloop
 endfacet
 facet normal  0.000000e+00  0.000000e+00 -1.000000e+00
   outer loop
     vertex  1.598966e+02 -7.880931e+01  0.000000e+00
     vertex  1.597025e+02 -7.878375e+01  0.000000e+00
     vertex  1.577635e+02 -7.766271e+01  0.000000e+00
   endloop
 endfacet
 facet normal  0.000000e+00  0.000000e+00 -1.000000e+00
   outer loop
     vertex  1.600775e+02 -7.888423e+01  0.000000e+00
     vertex  1.598966e+02 -7.880931e+01  0.000000e+00
     vertex  1.575875e+02 -7.752763e+01  0.000000e+00
   endloop
 endfacet
 facet normal  0.000000e+00 -0.000000e+00 -1.000000e+00
   outer loop
     vertex  1.832888e+02 -1.007110e+02  0.000000e+00
     vertex  1.833594e+02 -1.008031e+02  0.000000e+00
     vertex  1.814481e+02 -1.008031e+02  0.000000e+00
   endloop
 endfacet
 facet normal -0.000000e+00  0.000000e+00 -1.000000e+00
   outer loop
     vertex  1.832888e+02 -1.007110e+02  0.000000e+00
     vertex  1.814481e+02 -1.008031e+02  0.000000e+00
     vertex  1.815187e+02 -1.007110e+02  0.000000e+00
   endloop
 endfacet
 facet normal  0.000000e+00  0.000000e+00 -1.000000e+00
   outer loop
     vertex  1.834515e+02 -1.008737e+02  0.000000e+00
     vertex  1.814481e+02 -1.008031e+02  0.000000e+00
     vertex  1.833594e+02 -1.008031e+02  0.000000e+00
   endloop
 endfacet
 facet normal  0.000000e+00  0.000000e+00 -1.000000e+00
   outer loop
     vertex  1.834515e+02 -1.008737e+02  0.000000e+00
     vertex  1.813560e+02 -1.008737e+02  0.000000e+00
     vertex  1.814481e+02 -1.008031e+02  0.000000e+00
   endloop
 endfacet
 facet normal  0.000000e+00 -0.000000e+00 -1.000000e+00
   outer loop
     vertex  1.832444e+02 -1.006038e+02  0.000000e+00
     vertex  1.832888e+02 -1.007110e+02  0.000000e+00
     vertex  1.815187e+02 -1.007110e+02  0.000000e+00
   endloop
 endfacet
 facet normal -0.000000e+00  0.000000e+00 -1.000000e+00
   outer loop
     vertex  1.832444e+02 -1.006038e+02  0.000000e+00
     vertex  1.815187e+02 -1.007110e+02  0.000000e+00
     vertex  1.815631e+02 -1.006038e+02  0.000000e+00
   endloop
 endfacet
 facet normal  0.000000e+00  0.000000e+00 -1.000000e+00
   outer loop
     vertex  1.835587e+02 -1.009181e+02  0.000000e+00
     vertex  1.813560e+02 -1.008737e+02  0.000000e+00
     vertex  1.834515e+02 -1.008737e+02  0.000000e+00
   endloop
 endfacet
 facet normal -0.000000e+00  0.000000e+00 -1.000000e+00
   outer loop
     vertex  1.835587e+02 -1.009181e+02  0.000000e+00
     vertex  1.812488e+02 -1.009181e+02  0.000000e+00
     vertex  1.813560e+02 -1.008737e+02  0.000000e+00
   endloop
 endfacet
 facet normal -0.000000e+00  0.000000e+00 -1.000000e+00
   outer loop
     vertex  1.832292e+02 -1.004888e+02  0.000000e+00
     vertex  1.815631e+02 -1.006038e+02  0.000000e+00
     vertex  1.815782e+02 -1.004887e+02  0.000000e+00
   endloop
 endfacet
 facet normal  0.000000e+00 -0.000000e+00 -1.000000e+00
   outer loop
     vertex  1.832292e+02 -1.004888e+02  0.000000e+00
     vertex  1.832444e+02 -1.006038e+02  0.000000e+00
     vertex  1.815631e+02 -1.006038e+02  0.000000e+00
   endloop
 endfacet
 facet normal  0.000000e+00  0.000000e+00 -1.000000e+00
   outer loop
     vertex  1.836738e+02 -1.009332e+02  0.000000e+00
     vertex  1.812488e+02 -1.009181e+02  0.000000e+00
     vertex  1.835587e+02 -1.009181e+02  0.000000e+00
   endloop
 endfacet
 facet normal -0.000000e+00  0.000000e+00 -1.000000e+00
   outer loop
     vertex  1.836738e+02 -1.009332e+02  0.000000e+00
     vertex  1.811337e+02 -1.009333e+02  0.000000e+00
     vertex  1.812488e+02 -1.009181e+02  0.000000e+00
   endloop
 endfacet
 facet normal  0.000000e+00 -0.000000e+00 -1.000000e+00
   outer loop
     vertex  1.836738e+02 -1.009332e+02  0.000000e+00
     vertex  1.892000e+02 -1.185000e+02  0.000000e+00
     vertex  1.811337e+02 -1.009333e+02  0.000000e+00
   endloop
 endfacet
 facet normal  0.000000e+00  0.000000e+00 -1.000000e+00
   outer loop
     vertex  1.832444e+02 -1.003737e+02  0.000000e+00
     vertex  1.815631e+02 -1.003737e+02  0.000000e+00
     vertex  1.815187e+02 -1.002665e+02  0.000000e+00
   endloop
 endfacet
 facet normal -0.000000e+00  0.000000e+00 -1.000000e+00
   outer loop
     vertex  1.832444e+02 -1.003737e+02  0.000000e+00
     vertex  1.815782e+02 -1.004887e+02  0.000000e+00
     vertex  1.815631e+02 -1.003737e+02  0.000000e+00
   endloop
 endfacet
 facet normal  0.000000e+00  0.000000e+00 -1.000000e+00
   outer loop
     vertex  1.832444e+02 -1.003737e+02  0.000000e+00
     vertex  1.832292e+02 -1.004888e+02  0.000000e+00
     vertex  1.815782e+02 -1.004887e+02  0.000000e+00
   endloop
 endfacet
 facet normal -0.000000e+00  0.000000e+00 -1.000000e+00
   outer loop
     vertex  1.832888e+02 -1.002665e+02  0.000000e+00
     vertex  1.832444e+02 -1.003737e+02  0.000000e+00
     vertex  1.815187e+02 -1.002665e+02  0.000000e+00
   endloop
 endfacet
 facet normal  0.000000e+00  0.000000e+00 -1.000000e+00
   outer loop
     vertex  1.833594e+02 -1.001744e+02  0.000000e+00
     vertex  1.832888e+02 -1.002665e+02  0.000000e+00
     vertex  1.815187e+02 -1.002665e+02  0.000000e+00
   endloop
 endfacet
 facet normal  0.000000e+00  0.000000e+00 -1.000000e+00
   outer loop
     vertex  1.833594e+02 -1.001744e+02  0.000000e+00
     vertex  1.814481e+02 -1.001744e+02  0.000000e+00
     vertex  1.813560e+02 -1.001038e+02  0.000000e+00
   endloop
 endfacet
 facet normal -0.000000e+00  0.000000e+00 -1.000000e+00
   outer loop
     vertex  1.833594e+02 -1.001744e+02  0.000000e+00
     vertex  1.815187e+02 -1.002665e+02  0.000000e+00
     vertex  1.814481e+02 -1.001744e+02  0.000000e+00
   endloop
 endfacet
 facet normal -0.000000e+00  0.000000e+00 -1.000000e+00
   outer loop
     vertex  1.834515e+02 -1.001038e+02  0.000000e+00
     vertex  1.833594e+02 -1.001744e+02  0.000000e+00
     vertex  1.813560e+02 -1.001038e+02  0.000000e+00
   endloop
 endfacet
 facet normal  0.000000e+00  0.000000e+00 -1.000000e+00
   outer loop
     vertex  1.835587e+02 -1.000594e+02  0.000000e+00
     vertex  1.834515e+02 -1.001038e+02  0.000000e+00
     vertex  1.813560e+02 -1.001038e+02  0.000000e+00
   endloop
 endfacet
 facet normal -0.000000e+00  0.000000e+00 -1.000000e+00
   outer loop
     vertex  1.835587e+02 -1.000594e+02  0.000000e+00
     vertex  1.813560e+02 -1.001038e+02  0.000000e+00
     vertex  1.812488e+02 -1.000594e+02  0.000000e+00
   endloop
 endfacet
 facet normal  0.000000e+00  0.000000e+00 -1.000000e+00
   outer loop
     vertex  1.706594e+02 -8.556306e+01  0.000000e+00
     vertex  1.627728e+02 -8.641408e+01  0.000000e+00
     vertex  1.628920e+02 -8.625875e+01  0.000000e+00
   endloop
 endfacet
 facet normal -0.000000e+00  0.000000e+00 -1.000000e+00
   outer loop
     vertex  1.858994e+02 -1.008031e+02  0.000000e+00
     vertex  1.838960e+02 -1.008737e+02  0.000000e+00
     vertex  1.839881e+02 -1.008031e+02  0.000000e+00
   endloop
 endfacet
 facet normal  0.000000e+00  0.000000e+00 -1.000000e+00
   outer loop
     vertex  1.705888e+02 -8.547100e+01  0.000000e+00
     vertex  1.628920e+02 -8.625875e+01  0.000000e+00
     vertex  1.629669e+02 -8.607786e+01  0.000000e+00
   endloop
 endfacet
 facet normal  0.000000e+00 -0.000000e+00 -1.000000e+00
   outer loop
     vertex  1.705888e+02 -8.547100e+01  0.000000e+00
     vertex  1.706594e+02 -8.556306e+01  0.000000e+00
     vertex  1.628920e+02 -8.625875e+01  0.000000e+00
   endloop
 endfacet
 facet normal  0.000000e+00 -0.000000e+00 -1.000000e+00
   outer loop
     vertex  1.707515e+02 -8.563370e+01  0.000000e+00
     vertex  1.707515e+02 -1.001038e+02  0.000000e+00
     vertex  1.626175e+02 -8.653327e+01  0.000000e+00
   endloop
 endfacet
 facet normal  0.000000e+00  0.000000e+00 -1.000000e+00
   outer loop
     vertex  1.707515e+02 -8.563370e+01  0.000000e+00
     vertex  1.626175e+02 -8.653327e+01  0.000000e+00
     vertex  1.627728e+02 -8.641408e+01  0.000000e+00
   endloop
 endfacet
 facet normal  0.000000e+00  0.000000e+00 -1.000000e+00
   outer loop
     vertex  1.707515e+02 -8.563370e+01  0.000000e+00
     vertex  1.708587e+02 -1.000594e+02  0.000000e+00
     vertex  1.707515e+02 -1.001038e+02  0.000000e+00
   endloop
 endfacet
 facet normal -0.000000e+00  0.000000e+00 -1.000000e+00
   outer loop
     vertex  1.707515e+02 -8.563370e+01  0.000000e+00
     vertex  1.627728e+02 -8.641408e+01  0.000000e+00
     vertex  1.706594e+02 -8.556306e+01  0.000000e+00
   endloop
 endfacet
 facet normal  0.000000e+00 -0.000000e+00 -1.000000e+00
   outer loop
     vertex  1.858288e+02 -1.007110e+02  0.000000e+00
     vertex  1.858994e+02 -1.008031e+02  0.000000e+00
     vertex  1.839881e+02 -1.008031e+02  0.000000e+00
   endloop
 endfacet
 facet normal  0.000000e+00  0.000000e+00 -1.000000e+00
   outer loop
     vertex  1.858288e+02 -1.007110e+02  0.000000e+00
     vertex  1.840587e+02 -1.007110e+02  0.000000e+00
     vertex  1.841031e+02 -1.006038e+02  0.000000e+00
   endloop
 endfacet
 facet normal -0.000000e+00  0.000000e+00 -1.000000e+00
   outer loop
     vertex  1.858288e+02 -1.007110e+02  0.000000e+00
     vertex  1.839881e+02 -1.008031e+02  0.000000e+00
     vertex  1.840587e+02 -1.007110e+02  0.000000e+00
   endloop
 endfacet
 facet normal  0.000000e+00  0.000000e+00 -1.000000e+00
   outer loop
     vertex  1.859915e+02 -1.008737e+02  0.000000e+00
     vertex  1.838960e+02 -1.008737e+02  0.000000e+00
     vertex  1.858994e+02 -1.008031e+02  0.000000e+00
   endloop
 endfacet
 facet normal  0.000000e+00 -0.000000e+00 -1.000000e+00
   outer loop
     vertex  1.705444e+02 -8.536380e+01  0.000000e+00
     vertex  1.705888e+02 -8.547100e+01  0.000000e+00
     vertex  1.629669e+02 -8.607786e+01  0.000000e+00
   endloop
 endfacet
 facet normal  0.000000e+00  0.000000e+00 -1.000000e+00
   outer loop
     vertex  1.705444e+02 -8.536380e+01  0.000000e+00
     vertex  1.629669e+02 -8.607786e+01  0.000000e+00
     vertex  1.629925e+02 -8.588375e+01  0.000000e+00
   endloop
 endfacet
 facet normal  0.000000e+00  0.000000e+00 -1.000000e+00
   outer loop
     vertex  1.708587e+02 -8.567810e+01  0.000000e+00
     vertex  1.709737e+02 -1.000442e+02  0.000000e+00
     vertex  1.708587e+02 -1.000594e+02  0.000000e+00
   endloop
 endfacet
 facet normal -0.000000e+00 -0.000000e+00 -1.000000e+00
   outer loop
     vertex  1.708587e+02 -8.567810e+01  0.000000e+00
     vertex  1.708587e+02 -1.000594e+02  0.000000e+00
     vertex  1.707515e+02 -8.563370e+01  0.000000e+00
   endloop
 endfacet
 facet normal -0.000000e+00 -0.000000e+00 -1.000000e+00
   outer loop
     vertex  1.857844e+02 -1.006038e+02  0.000000e+00
     vertex  1.858288e+02 -1.007110e+02  0.000000e+00
     vertex  1.841031e+02 -1.006038e+02  0.000000e+00
   endloop
 endfacet
 facet normal  0.000000e+00  0.000000e+00 -1.000000e+00
   outer loop
     vertex  1.857844e+02 -1.006038e+02  0.000000e+00
     vertex  1.841031e+02 -1.006038e+02  0.000000e+00
     vertex  1.841182e+02 -1.004887e+02  0.000000e+00
   endloop
 endfacet
 facet normal  0.000000e+00  0.000000e+00 -1.000000e+00
   outer loop
     vertex  1.860987e+02 -1.009181e+02  0.000000e+00
     vertex  1.838960e+02 -1.008737e+02  0.000000e+00
     vertex  1.859915e+02 -1.008737e+02  0.000000e+00
   endloop
 endfacet
 facet normal  0.000000e+00  0.000000e+00 -1.000000e+00
   outer loop
     vertex  1.860987e+02 -1.009181e+02  0.000000e+00
     vertex  1.837888e+02 -1.009181e+02  0.000000e+00
     vertex  1.838960e+02 -1.008737e+02  0.000000e+00
   endloop
 endfacet
 facet normal  0.000000e+00  0.000000e+00 -1.000000e+00
   outer loop
     vertex  1.705292e+02 -8.524875e+01  0.000000e+00
     vertex  1.629925e+02 -8.588375e+01  0.000000e+00
     vertex  1.629669e+02 -8.568964e+01  0.000000e+00
   endloop
 endfacet
 facet normal  0.000000e+00 -0.000000e+00 -1.000000e+00
   outer loop
     vertex  1.705292e+02 -8.524875e+01  0.000000e+00
     vertex  1.705444e+02 -8.536380e+01  0.000000e+00
     vertex  1.629925e+02 -8.588375e+01  0.000000e+00
   endloop
 endfacet
 facet normal  0.000000e+00  0.000000e+00 -1.000000e+00
   outer loop
     vertex  1.709737e+02 -8.569325e+01  0.000000e+00
     vertex  1.710888e+02 -1.000594e+02  0.000000e+00
     vertex  1.709737e+02 -1.000442e+02  0.000000e+00
   endloop
 endfacet
 facet normal -0.000000e+00 -0.000000e+00 -1.000000e+00
   outer loop
     vertex  1.709737e+02 -8.569325e+01  0.000000e+00
     vertex  1.709737e+02 -1.000442e+02  0.000000e+00
     vertex  1.708587e+02 -8.567810e+01  0.000000e+00
   endloop
 endfacet
 facet normal -0.000000e+00 -0.000000e+00 -1.000000e+00
   outer loop
     vertex  1.857692e+02 -1.004887e+02  0.000000e+00
     vertex  1.857844e+02 -1.006038e+02  0.000000e+00
     vertex  1.841182e+02 -1.004887e+02  0.000000e+00
   endloop
 endfacet
 facet normal  0.000000e+00  0.000000e+00 -1.000000e+00
   outer loop
     vertex  1.862138e+02 -1.009333e+02  0.000000e+00
     vertex  1.837888e+02 -1.009181e+02  0.000000e+00
     vertex  1.860987e+02 -1.009181e+02  0.000000e+00
   endloop
 endfacet
 facet normal  0.000000e+00  0.000000e+00 -1.000000e+00
   outer loop
     vertex  1.862138e+02 -1.009333e+02  0.000000e+00
     vertex  1.836738e+02 -1.009332e+02  0.000000e+00
     vertex  1.837888e+02 -1.009181e+02  0.000000e+00
   endloop
 endfacet
 facet normal -0.000000e+00 -0.000000e+00 -1.000000e+00
   outer loop
     vertex  1.862138e+02 -1.009333e+02  0.000000e+00
     vertex  1.892000e+02 -1.185000e+02  0.000000e+00
     vertex  1.836738e+02 -1.009332e+02  0.000000e+00
   endloop
 endfacet
 facet normal  0.000000e+00 -0.000000e+00 -1.000000e+00
   outer loop
     vertex  1.710888e+02 -8.567810e+01  0.000000e+00
     vertex  1.710888e+02 -1.000594e+02  0.000000e+00
     vertex  1.709737e+02 -8.569325e+01  0.000000e+00
   endloop
 endfacet
 facet normal  0.000000e+00  0.000000e+00 -1.000000e+00
   outer loop
     vertex  1.705444e+02 -8.513370e+01  0.000000e+00
     vertex  1.629669e+02 -8.568964e+01  0.000000e+00
     vertex  1.628920e+02 -8.550875e+01  0.000000e+00
   endloop
 endfacet
 facet normal  0.000000e+00  0.000000e+00 -1.000000e+00
   outer loop
     vertex  1.705444e+02 -8.513370e+01  0.000000e+00
     vertex  1.705292e+02 -8.524875e+01  0.000000e+00
     vertex  1.629669e+02 -8.568964e+01  0.000000e+00
   endloop
 endfacet
 facet normal  0.000000e+00 -0.000000e+00 -1.000000e+00
   outer loop
     vertex  1.863288e+02 -1.009181e+02  0.000000e+00
     vertex  1.892000e+02 -1.185000e+02  0.000000e+00
     vertex  1.862138e+02 -1.009333e+02  0.000000e+00
   endloop
 endfacet
 facet normal  0.000000e+00  0.000000e+00 -1.000000e+00
   outer loop
     vertex  1.857844e+02 -1.003737e+02  0.000000e+00
     vertex  1.857692e+02 -1.004887e+02  0.000000e+00
     vertex  1.841182e+02 -1.004887e+02  0.000000e+00
   endloop
 endfacet
 facet normal -0.000000e+00  0.000000e+00 -1.000000e+00
   outer loop
     vertex  1.857844e+02 -1.003737e+02  0.000000e+00
     vertex  1.841182e+02 -1.004887e+02  0.000000e+00
     vertex  1.841031e+02 -1.003737e+02  0.000000e+00
   endloop
 endfacet
 facet normal  0.000000e+00  0.000000e+00 -1.000000e+00
   outer loop
     vertex  1.705888e+02 -8.502650e+01  0.000000e+00
     vertex  1.628920e+02 -8.550875e+01  0.000000e+00
     vertex  1.627728e+02 -8.535342e+01  0.000000e+00
   endloop
 endfacet
 facet normal  0.000000e+00  0.000000e+00 -1.000000e+00
   outer loop
     vertex  1.705888e+02 -8.502650e+01  0.000000e+00
     vertex  1.705444e+02 -8.513370e+01  0.000000e+00
     vertex  1.628920e+02 -8.550875e+01  0.000000e+00
   endloop
 endfacet
 facet normal -0.000000e+00  0.000000e+00 -1.000000e+00
   outer loop
     vertex  1.858288e+02 -1.002665e+02  0.000000e+00
     vertex  1.841031e+02 -1.003737e+02  0.000000e+00
     vertex  1.840587e+02 -1.002665e+02  0.000000e+00
   endloop
 endfacet
 facet normal  0.000000e+00  0.000000e+00 -1.000000e+00
   outer loop
     vertex  1.858288e+02 -1.002665e+02  0.000000e+00
     vertex  1.857844e+02 -1.003737e+02  0.000000e+00
     vertex  1.841031e+02 -1.003737e+02  0.000000e+00
   endloop
 endfacet
 facet normal  0.000000e+00 -0.000000e+00 -1.000000e+00
   outer loop
     vertex  1.864360e+02 -1.008737e+02  0.000000e+00
     vertex  1.892000e+02 -1.185000e+02  0.000000e+00
     vertex  1.863288e+02 -1.009181e+02  0.000000e+00
   endloop
 endfacet
 facet normal -0.000000e+00  0.000000e+00 -1.000000e+00
   outer loop
     vertex  1.706594e+02 -8.493444e+01  0.000000e+00
     vertex  1.627728e+02 -8.535342e+01  0.000000e+00
     vertex  1.604269e+02 -7.972786e+01  0.000000e+00
   endloop
 endfacet
 facet normal  0.000000e+00  0.000000e+00 -1.000000e+00
   outer loop
     vertex  1.706594e+02 -8.493444e+01  0.000000e+00
     vertex  1.705888e+02 -8.502650e+01  0.000000e+00
     vertex  1.627728e+02 -8.535342e+01  0.000000e+00
   endloop
 endfacet
 facet normal  0.000000e+00  0.000000e+00 -1.000000e+00
   outer loop
     vertex  1.706594e+02 -8.493444e+01  0.000000e+00
     vertex  1.604269e+02 -7.972786e+01  0.000000e+00
     vertex  1.604525e+02 -7.953375e+01  0.000000e+00
   endloop
 endfacet
 facet normal  0.000000e+00 -0.000000e+00 -1.000000e+00
   outer loop
     vertex  1.865281e+02 -1.008031e+02  0.000000e+00
     vertex  1.892000e+02 -1.185000e+02  0.000000e+00
     vertex  1.864360e+02 -1.008737e+02  0.000000e+00
   endloop
 endfacet
 facet normal  0.000000e+00  0.000000e+00 -1.000000e+00
   outer loop
     vertex  1.858994e+02 -1.001744e+02  0.000000e+00
     vertex  1.858288e+02 -1.002665e+02  0.000000e+00
     vertex  1.840587e+02 -1.002665e+02  0.000000e+00
   endloop
 endfacet
 facet normal  0.000000e+00  0.000000e+00 -1.000000e+00
   outer loop
     vertex  1.858994e+02 -1.001744e+02  0.000000e+00
     vertex  1.839881e+02 -1.001744e+02  0.000000e+00
     vertex  1.838960e+02 -1.001038e+02  0.000000e+00
   endloop
 endfacet
 facet normal -0.000000e+00  0.000000e+00 -1.000000e+00
   outer loop
     vertex  1.858994e+02 -1.001744e+02  0.000000e+00
     vertex  1.840587e+02 -1.002665e+02  0.000000e+00
     vertex  1.839881e+02 -1.001744e+02  0.000000e+00
   endloop
 endfacet
 facet normal -0.000000e+00  0.000000e+00 -1.000000e+00
   outer loop
     vertex  1.707515e+02 -8.486380e+01  0.000000e+00
     vertex  1.706594e+02 -8.493444e+01  0.000000e+00
     vertex  1.604525e+02 -7.953375e+01  0.000000e+00
   endloop
 endfacet
 facet normal  0.000000e+00  0.000000e+00 -1.000000e+00
   outer loop
     vertex  1.707515e+02 -8.486380e+01  0.000000e+00
     vertex  1.604525e+02 -7.953375e+01  0.000000e+00
     vertex  1.604269e+02 -7.933964e+01  0.000000e+00
   endloop
 endfacet
 facet normal -0.000000e+00  0.000000e+00 -1.000000e+00
   outer loop
     vertex  1.859915e+02 -1.001038e+02  0.000000e+00
     vertex  1.858994e+02 -1.001744e+02  0.000000e+00
     vertex  1.838960e+02 -1.001038e+02  0.000000e+00
   endloop
 endfacet
 facet normal  0.000000e+00 -0.000000e+00 -1.000000e+00
   outer loop
     vertex  1.865987e+02 -1.007110e+02  0.000000e+00
     vertex  1.892000e+02 -1.185000e+02  0.000000e+00
     vertex  1.865281e+02 -1.008031e+02  0.000000e+00
   endloop
 endfacet
 facet normal -0.000000e+00  0.000000e+00 -1.000000e+00
   outer loop
     vertex  1.708587e+02 -8.481940e+01  0.000000e+00
     vertex  1.707515e+02 -8.486380e+01  0.000000e+00
     vertex  1.604269e+02 -7.933964e+01  0.000000e+00
   endloop
 endfacet
 facet normal  0.000000e+00  0.000000e+00 -1.000000e+00
   outer loop
     vertex  1.708587e+02 -8.481940e+01  0.000000e+00
     vertex  1.604269e+02 -7.933964e+01  0.000000e+00
     vertex  1.603520e+02 -7.915875e+01  0.000000e+00
   endloop
 endfacet
 facet normal  0.000000e+00 -0.000000e+00 -1.000000e+00
   outer loop
     vertex  1.866431e+02 -1.006038e+02  0.000000e+00
     vertex  1.892000e+02 -1.185000e+02  0.000000e+00
     vertex  1.865987e+02 -1.007110e+02  0.000000e+00
   endloop
 endfacet
 facet normal -0.000000e+00  0.000000e+00 -1.000000e+00
   outer loop
     vertex  1.860987e+02 -1.000594e+02  0.000000e+00
     vertex  1.838960e+02 -1.001038e+02  0.000000e+00
     vertex  1.837888e+02 -1.000594e+02  0.000000e+00
   endloop
 endfacet
 facet normal  0.000000e+00  0.000000e+00 -1.000000e+00
   outer loop
     vertex  1.860987e+02 -1.000594e+02  0.000000e+00
     vertex  1.859915e+02 -1.001038e+02  0.000000e+00
     vertex  1.838960e+02 -1.001038e+02  0.000000e+00
   endloop
 endfacet
 facet normal -0.000000e+00  0.000000e+00 -1.000000e+00
   outer loop
     vertex  1.709737e+02 -8.480425e+01  0.000000e+00
     vertex  1.708587e+02 -8.481940e+01  0.000000e+00
     vertex  1.603520e+02 -7.915875e+01  0.000000e+00
   endloop
 endfacet
 facet normal  0.000000e+00  0.000000e+00 -1.000000e+00
   outer loop
     vertex  1.709737e+02 -8.480425e+01  0.000000e+00
     vertex  1.603520e+02 -7.915875e+01  0.000000e+00
     vertex  1.602328e+02 -7.900342e+01  0.000000e+00
   endloop
 endfacet
 facet normal  0.000000e+00 -0.000000e+00 -1.000000e+00
   outer loop
     vertex  1.866583e+02 -1.004887e+02  0.000000e+00
     vertex  1.892000e+02 -1.185000e+02  0.000000e+00
     vertex  1.866431e+02 -1.006038e+02  0.000000e+00
   endloop
 endfacet
 facet normal  0.000000e+00 -0.000000e+00 -1.000000e+00
   outer loop
     vertex  1.731288e+02 -8.547100e+01  0.000000e+00
     vertex  1.731994e+02 -8.556306e+01  0.000000e+00
     vertex  1.712881e+02 -8.556306e+01  0.000000e+00
   endloop
 endfacet
 facet normal -0.000000e+00  0.000000e+00 -1.000000e+00
   outer loop
     vertex  1.731288e+02 -8.547100e+01  0.000000e+00
     vertex  1.712881e+02 -8.556306e+01  0.000000e+00
     vertex  1.713587e+02 -8.547100e+01  0.000000e+00
   endloop
 endfacet
 facet normal  0.000000e+00  0.000000e+00 -1.000000e+00
   outer loop
     vertex  1.732915e+02 -8.563370e+01  0.000000e+00
     vertex  1.712881e+02 -8.556306e+01  0.000000e+00
     vertex  1.731994e+02 -8.556306e+01  0.000000e+00
   endloop
 endfacet
 facet normal  0.000000e+00  0.000000e+00 -1.000000e+00
   outer loop
     vertex  1.732915e+02 -8.563370e+01  0.000000e+00
     vertex  1.711960e+02 -8.563370e+01  0.000000e+00
     vertex  1.712881e+02 -8.556306e+01  0.000000e+00
   endloop
 endfacet
 facet normal  0.000000e+00  0.000000e+00 -1.000000e+00
   outer loop
     vertex  1.733987e+02 -8.567810e+01  0.000000e+00
     vertex  1.711960e+02 -8.563370e+01  0.000000e+00
     vertex  1.732915e+02 -8.563370e+01  0.000000e+00
   endloop
 endfacet
 facet normal  0.000000e+00  0.000000e+00 -1.000000e+00
   outer loop
     vertex  1.733987e+02 -8.567810e+01  0.000000e+00
     vertex  1.710888e+02 -8.567810e+01  0.000000e+00
     vertex  1.711960e+02 -8.563370e+01  0.000000e+00
   endloop
 endfacet
 facet normal -0.000000e+00  0.000000e+00 -1.000000e+00
   outer loop
     vertex  1.733987e+02 -8.567810e+01  0.000000e+00
     vertex  1.710888e+02 -1.000594e+02  0.000000e+00
     vertex  1.710888e+02 -8.567810e+01  0.000000e+00
   endloop
 endfacet
 facet normal  0.000000e+00 -0.000000e+00 -1.000000e+00
   outer loop
     vertex  1.733987e+02 -8.567810e+01  0.000000e+00
     vertex  1.733987e+02 -1.000594e+02  0.000000e+00
     vertex  1.710888e+02 -1.000594e+02  0.000000e+00
   endloop
 endfacet
 facet normal  0.000000e+00 -0.000000e+00 -1.000000e+00
   outer loop
     vertex  1.730844e+02 -8.536380e+01  0.000000e+00
     vertex  1.731288e+02 -8.547100e+01  0.000000e+00
     vertex  1.713587e+02 -8.547100e+01  0.000000e+00
   endloop
 endfacet
 facet normal -0.000000e+00  0.000000e+00 -1.000000e+00
   outer loop
     vertex  1.730844e+02 -8.536380e+01  0.000000e+00
     vertex  1.713587e+02 -8.547100e+01  0.000000e+00
     vertex  1.714031e+02 -8.536380e+01  0.000000e+00
   endloop
 endfacet
 facet normal  0.000000e+00 -0.000000e+00 -1.000000e+00
   outer loop
     vertex  1.735137e+02 -8.569325e+01  0.000000e+00
     vertex  1.735138e+02 -1.000443e+02  0.000000e+00
     vertex  1.733987e+02 -1.000594e+02  0.000000e+00
   endloop
 endfacet
 facet normal -0.000000e+00  0.000000e+00 -1.000000e+00
   outer loop
     vertex  1.735137e+02 -8.569325e+01  0.000000e+00
     vertex  1.733987e+02 -1.000594e+02  0.000000e+00
     vertex  1.733987e+02 -8.567810e+01  0.000000e+00
   endloop
 endfacet
 facet normal  0.000000e+00 -0.000000e+00 -1.000000e+00
   outer loop
     vertex  1.730693e+02 -8.524875e+01  0.000000e+00
     vertex  1.730844e+02 -8.536380e+01  0.000000e+00
     vertex  1.714031e+02 -8.536380e+01  0.000000e+00
   endloop
 endfacet
 facet normal -0.000000e+00  0.000000e+00 -1.000000e+00
   outer loop
     vertex  1.730693e+02 -8.524875e+01  0.000000e+00
     vertex  1.714031e+02 -8.536380e+01  0.000000e+00
     vertex  1.714183e+02 -8.524875e+01  0.000000e+00
   endloop
 endfacet
 facet normal  0.000000e+00  0.000000e+00 -1.000000e+00
   outer loop
     vertex  1.736288e+02 -8.567810e+01  0.000000e+00
     vertex  1.759387e+02 -1.000594e+02  0.000000e+00
     vertex  1.736288e+02 -1.000594e+02  0.000000e+00
   endloop
 endfacet
 facet normal  0.000000e+00 -0.000000e+00 -1.000000e+00
   outer loop
     vertex  1.736288e+02 -8.567810e+01  0.000000e+00
     vertex  1.736288e+02 -1.000594e+02  0.000000e+00
     vertex  1.735138e+02 -1.000443e+02  0.000000e+00
   endloop
 endfacet
 facet normal  0.000000e+00  0.000000e+00 -1.000000e+00
   outer loop
     vertex  1.736288e+02 -8.567810e+01  0.000000e+00
     vertex  1.735138e+02 -1.000443e+02  0.000000e+00
     vertex  1.735137e+02 -8.569325e+01  0.000000e+00
   endloop
 endfacet
 facet normal  0.000000e+00  0.000000e+00 -1.000000e+00
   outer loop
     vertex  1.730844e+02 -8.513370e+01  0.000000e+00
     vertex  1.714031e+02 -8.513370e+01  0.000000e+00
     vertex  1.713587e+02 -8.502650e+01  0.000000e+00
   endloop
 endfacet
 facet normal -0.000000e+00  0.000000e+00 -1.000000e+00
   outer loop
     vertex  1.730844e+02 -8.513370e+01  0.000000e+00
     vertex  1.714183e+02 -8.524875e+01  0.000000e+00
     vertex  1.714031e+02 -8.513370e+01  0.000000e+00
   endloop
 endfacet
 facet normal  0.000000e+00  0.000000e+00 -1.000000e+00
   outer loop
     vertex  1.730844e+02 -8.513370e+01  0.000000e+00
     vertex  1.730693e+02 -8.524875e+01  0.000000e+00
     vertex  1.714183e+02 -8.524875e+01  0.000000e+00
   endloop
 endfacet
 facet normal -0.000000e+00  0.000000e+00 -1.000000e+00
   outer loop
     vertex  1.731288e+02 -8.502650e+01  0.000000e+00
     vertex  1.730844e+02 -8.513370e+01  0.000000e+00
     vertex  1.713587e+02 -8.502650e+01  0.000000e+00
   endloop
 endfacet
 facet normal  0.000000e+00  0.000000e+00 -1.000000e+00
   outer loop
     vertex  1.731288e+02 -8.502650e+01  0.000000e+00
     vertex  1.713587e+02 -8.502650e+01  0.000000e+00
     vertex  1.712881e+02 -8.493444e+01  0.000000e+00
   endloop
 endfacet
 facet normal -0.000000e+00  0.000000e+00 -1.000000e+00
   outer loop
     vertex  1.731994e+02 -8.493444e+01  0.000000e+00
     vertex  1.731288e+02 -8.502650e+01  0.000000e+00
     vertex  1.712881e+02 -8.493444e+01  0.000000e+00
   endloop
 endfacet
 facet normal  0.000000e+00  0.000000e+00 -1.000000e+00
   outer loop
     vertex  1.732915e+02 -8.486380e+01  0.000000e+00
     vertex  1.711960e+02 -8.486380e+01  0.000000e+00
     vertex  1.710888e+02 -8.481940e+01  0.000000e+00
   endloop
 endfacet
 facet normal -0.000000e+00  0.000000e+00 -1.000000e+00
   outer loop
     vertex  1.732915e+02 -8.486380e+01  0.000000e+00
     vertex  1.712881e+02 -8.493444e+01  0.000000e+00
     vertex  1.711960e+02 -8.486380e+01  0.000000e+00
   endloop
 endfacet
 facet normal  0.000000e+00  0.000000e+00 -1.000000e+00
   outer loop
     vertex  1.732915e+02 -8.486380e+01  0.000000e+00
     vertex  1.731994e+02 -8.493444e+01  0.000000e+00
     vertex  1.712881e+02 -8.493444e+01  0.000000e+00
   endloop
 endfacet
 facet normal -0.000000e+00  0.000000e+00 -1.000000e+00
   outer loop
     vertex  1.733987e+02 -8.481940e+01  0.000000e+00
     vertex  1.732915e+02 -8.486380e+01  0.000000e+00
     vertex  1.710888e+02 -8.481940e+01  0.000000e+00
   endloop
 endfacet
 facet normal  0.000000e+00  0.000000e+00 -1.000000e+00
   outer loop
     vertex  1.735138e+02 -8.480425e+01  0.000000e+00
     vertex  1.709737e+02 -8.480425e+01  0.000000e+00
     vertex  1.602328e+02 -7.900342e+01  0.000000e+00
   endloop
 endfacet
 facet normal -0.000000e+00  0.000000e+00 -1.000000e+00
   outer loop
     vertex  1.735138e+02 -8.480425e+01  0.000000e+00
     vertex  1.710888e+02 -8.481940e+01  0.000000e+00
     vertex  1.709737e+02 -8.480425e+01  0.000000e+00
   endloop
 endfacet
 facet normal  0.000000e+00  0.000000e+00 -1.000000e+00
   outer loop
     vertex  1.735138e+02 -8.480425e+01  0.000000e+00
     vertex  1.733987e+02 -8.481940e+01  0.000000e+00
     vertex  1.710888e+02 -8.481940e+01  0.000000e+00
   endloop
 endfacet
 facet normal  0.000000e+00 -0.000000e+00 -1.000000e+00
   outer loop
     vertex  1.756688e+02 -8.547100e+01  0.000000e+00
     vertex  1.757394e+02 -8.556306e+01  0.000000e+00
     vertex  1.738281e+02 -8.556306e+01  0.000000e+00
   endloop
 endfacet
 facet normal  0.000000e+00  0.000000e+00 -1.000000e+00
   outer loop
     vertex  1.756688e+02 -8.547100e+01  0.000000e+00
     vertex  1.738281e+02 -8.556306e+01  0.000000e+00
     vertex  1.738987e+02 -8.547100e+01  0.000000e+00
   endloop
 endfacet
 facet normal  0.000000e+00  0.000000e+00 -1.000000e+00
   outer loop
     vertex  1.758315e+02 -8.563370e+01  0.000000e+00
     vertex  1.738281e+02 -8.556306e+01  0.000000e+00
     vertex  1.757394e+02 -8.556306e+01  0.000000e+00
   endloop
 endfacet
 facet normal -0.000000e+00  0.000000e+00 -1.000000e+00
   outer loop
     vertex  1.758315e+02 -8.563370e+01  0.000000e+00
     vertex  1.737360e+02 -8.563370e+01  0.000000e+00
     vertex  1.738281e+02 -8.556306e+01  0.000000e+00
   endloop
 endfacet
 facet normal  0.000000e+00  0.000000e+00 -1.000000e+00
   outer loop
     vertex  1.758315e+02 -8.563370e+01  0.000000e+00
     vertex  1.736288e+02 -8.567810e+01  0.000000e+00
     vertex  1.737360e+02 -8.563370e+01  0.000000e+00
   endloop
 endfacet
 facet normal  0.000000e+00 -0.000000e+00 -1.000000e+00
   outer loop
     vertex  1.756244e+02 -8.536380e+01  0.000000e+00
     vertex  1.756688e+02 -8.547100e+01  0.000000e+00
     vertex  1.738987e+02 -8.547100e+01  0.000000e+00
   endloop
 endfacet
 facet normal -0.000000e+00  0.000000e+00 -1.000000e+00
   outer loop
     vertex  1.756244e+02 -8.536380e+01  0.000000e+00
     vertex  1.739431e+02 -8.536380e+01  0.000000e+00
     vertex  1.739582e+02 -8.524875e+01  0.000000e+00
   endloop
 endfacet
 facet normal  0.000000e+00  0.000000e+00 -1.000000e+00
   outer loop
     vertex  1.756244e+02 -8.536380e+01  0.000000e+00
     vertex  1.738987e+02 -8.547100e+01  0.000000e+00
     vertex  1.739431e+02 -8.536380e+01  0.000000e+00
   endloop
 endfacet
 facet normal -0.000000e+00  0.000000e+00 -1.000000e+00
   outer loop
     vertex  1.759387e+02 -8.567810e+01  0.000000e+00
     vertex  1.736288e+02 -8.567810e+01  0.000000e+00
     vertex  1.758315e+02 -8.563370e+01  0.000000e+00
   endloop
 endfacet
 facet normal  0.000000e+00 -0.000000e+00 -1.000000e+00
   outer loop
     vertex  1.759387e+02 -8.567810e+01  0.000000e+00
     vertex  1.759387e+02 -1.000594e+02  0.000000e+00
     vertex  1.736288e+02 -8.567810e+01  0.000000e+00
   endloop
 endfacet
 facet normal  0.000000e+00 -0.000000e+00 -1.000000e+00
   outer loop
     vertex  1.756093e+02 -8.524875e+01  0.000000e+00
     vertex  1.756244e+02 -8.536380e+01  0.000000e+00
     vertex  1.739582e+02 -8.524875e+01  0.000000e+00
   endloop
 endfacet
 facet normal  0.000000e+00 -0.000000e+00 -1.000000e+00
   outer loop
     vertex  1.760538e+02 -8.569325e+01  0.000000e+00
     vertex  1.760538e+02 -1.000442e+02  0.000000e+00
     vertex  1.759387e+02 -1.000594e+02  0.000000e+00
   endloop
 endfacet
 facet normal  0.000000e+00  0.000000e+00 -1.000000e+00
   outer loop
     vertex  1.760538e+02 -8.569325e+01  0.000000e+00
     vertex  1.761688e+02 -1.000594e+02  0.000000e+00
     vertex  1.760538e+02 -1.000442e+02  0.000000e+00
   endloop
 endfacet
 facet normal -0.000000e+00  0.000000e+00 -1.000000e+00
   outer loop
     vertex  1.760538e+02 -8.569325e+01  0.000000e+00
     vertex  1.759387e+02 -1.000594e+02  0.000000e+00
     vertex  1.759387e+02 -8.567810e+01  0.000000e+00
   endloop
 endfacet
 facet normal  0.000000e+00 -0.000000e+00 -1.000000e+00
   outer loop
     vertex  1.761688e+02 -8.567810e+01  0.000000e+00
     vertex  1.761688e+02 -1.000594e+02  0.000000e+00
     vertex  1.760538e+02 -8.569325e+01  0.000000e+00
   endloop
 endfacet
 facet normal  0.000000e+00  0.000000e+00 -1.000000e+00
   outer loop
     vertex  1.756244e+02 -8.513370e+01  0.000000e+00
     vertex  1.756093e+02 -8.524875e+01  0.000000e+00
     vertex  1.739582e+02 -8.524875e+01  0.000000e+00
   endloop
 endfacet
 facet normal  0.000000e+00  0.000000e+00 -1.000000e+00
   outer loop
     vertex  1.756244e+02 -8.513370e+01  0.000000e+00
     vertex  1.739582e+02 -8.524875e+01  0.000000e+00
     vertex  1.739431e+02 -8.513370e+01  0.000000e+00
   endloop
 endfacet
 facet normal  0.000000e+00  0.000000e+00 -1.000000e+00
   outer loop
     vertex  1.756688e+02 -8.502650e+01  0.000000e+00
     vertex  1.756244e+02 -8.513370e+01  0.000000e+00
     vertex  1.739431e+02 -8.513370e+01  0.000000e+00
   endloop
 endfacet
 facet normal  0.000000e+00  0.000000e+00 -1.000000e+00
   outer loop
     vertex  1.756688e+02 -8.502650e+01  0.000000e+00
     vertex  1.739431e+02 -8.513370e+01  0.000000e+00
     vertex  1.738987e+02 -8.502650e+01  0.000000e+00
   endloop
 endfacet
 facet normal  0.000000e+00  0.000000e+00 -1.000000e+00
   outer loop
     vertex  1.757394e+02 -8.493444e+01  0.000000e+00
     vertex  1.738987e+02 -8.502650e+01  0.000000e+00
     vertex  1.738281e+02 -8.493444e+01  0.000000e+00
   endloop
 endfacet
 facet normal  0.000000e+00  0.000000e+00 -1.000000e+00
   outer loop
     vertex  1.757394e+02 -8.493444e+01  0.000000e+00
     vertex  1.756688e+02 -8.502650e+01  0.000000e+00
     vertex  1.738987e+02 -8.502650e+01  0.000000e+00
   endloop
 endfacet
 facet normal  0.000000e+00  0.000000e+00 -1.000000e+00
   outer loop
     vertex  1.758315e+02 -8.486380e+01  0.000000e+00
     vertex  1.738281e+02 -8.493444e+01  0.000000e+00
     vertex  1.737360e+02 -8.486380e+01  0.000000e+00
   endloop
 endfacet
 facet normal  0.000000e+00  0.000000e+00 -1.000000e+00
   outer loop
     vertex  1.758315e+02 -8.486380e+01  0.000000e+00
     vertex  1.757394e+02 -8.493444e+01  0.000000e+00
     vertex  1.738281e+02 -8.493444e+01  0.000000e+00
   endloop
 endfacet
 facet normal -0.000000e+00  0.000000e+00 -1.000000e+00
   outer loop
     vertex  1.759387e+02 -8.481940e+01  0.000000e+00
     vertex  1.736288e+02 -8.481940e+01  0.000000e+00
     vertex  1.735138e+02 -8.480425e+01  0.000000e+00
   endloop
 endfacet
 facet normal  0.000000e+00  0.000000e+00 -1.000000e+00
   outer loop
     vertex  1.759387e+02 -8.481940e+01  0.000000e+00
     vertex  1.737360e+02 -8.486380e+01  0.000000e+00
     vertex  1.736288e+02 -8.481940e+01  0.000000e+00
   endloop
 endfacet
 facet normal  0.000000e+00  0.000000e+00 -1.000000e+00
   outer loop
     vertex  1.759387e+02 -8.481940e+01  0.000000e+00
     vertex  1.758315e+02 -8.486380e+01  0.000000e+00
     vertex  1.737360e+02 -8.486380e+01  0.000000e+00
   endloop
 endfacet
 facet normal  0.000000e+00  0.000000e+00 -1.000000e+00
   outer loop
     vertex  1.760538e+02 -8.480425e+01  0.000000e+00
     vertex  1.759387e+02 -8.481940e+01  0.000000e+00
     vertex  1.735138e+02 -8.480425e+01  0.000000e+00
   endloop
 endfacet
 facet normal  0.000000e+00 -0.000000e+00 -1.000000e+00
   outer loop
     vertex  1.782088e+02 -8.547100e+01  0.000000e+00
     vertex  1.782794e+02 -8.556306e+01  0.000000e+00
     vertex  1.763681e+02 -8.556306e+01  0.000000e+00
   endloop
 endfacet
 facet normal  0.000000e+00  0.000000e+00 -1.000000e+00
   outer loop
     vertex  1.782088e+02 -8.547100e+01  0.000000e+00
     vertex  1.764387e+02 -8.547100e+01  0.000000e+00
     vertex  1.764831e+02 -8.536380e+01  0.000000e+00
   endloop
 endfacet
 facet normal -0.000000e+00  0.000000e+00 -1.000000e+00
   outer loop
     vertex  1.782088e+02 -8.547100e+01  0.000000e+00
     vertex  1.763681e+02 -8.556306e+01  0.000000e+00
     vertex  1.764387e+02 -8.547100e+01  0.000000e+00
   endloop
 endfacet
 facet normal  0.000000e+00  0.000000e+00 -1.000000e+00
   outer loop
     vertex  1.783715e+02 -8.563370e+01  0.000000e+00
     vertex  1.763681e+02 -8.556306e+01  0.000000e+00
     vertex  1.782794e+02 -8.556306e+01  0.000000e+00
   endloop
 endfacet
 facet normal  0.000000e+00  0.000000e+00 -1.000000e+00
   outer loop
     vertex  1.783715e+02 -8.563370e+01  0.000000e+00
     vertex  1.762760e+02 -8.563370e+01  0.000000e+00
     vertex  1.763681e+02 -8.556306e+01  0.000000e+00
   endloop
 endfacet
 facet normal -0.000000e+00  0.000000e+00 -1.000000e+00
   outer loop
     vertex  1.783715e+02 -8.563370e+01  0.000000e+00
     vertex  1.761688e+02 -8.567810e+01  0.000000e+00
     vertex  1.762760e+02 -8.563370e+01  0.000000e+00
   endloop
 endfacet
 facet normal -0.000000e+00 -0.000000e+00 -1.000000e+00
   outer loop
     vertex  1.781644e+02 -8.536380e+01  0.000000e+00
     vertex  1.782088e+02 -8.547100e+01  0.000000e+00
     vertex  1.764831e+02 -8.536380e+01  0.000000e+00
   endloop
 endfacet
 facet normal  0.000000e+00  0.000000e+00 -1.000000e+00
   outer loop
     vertex  1.784787e+02 -8.567810e+01  0.000000e+00
     vertex  1.785938e+02 -1.000442e+02  0.000000e+00
     vertex  1.784787e+02 -1.000594e+02  0.000000e+00
   endloop
 endfacet
 facet normal  0.000000e+00  0.000000e+00 -1.000000e+00
   outer loop
     vertex  1.784787e+02 -8.567810e+01  0.000000e+00
     vertex  1.761688e+02 -8.567810e+01  0.000000e+00
     vertex  1.783715e+02 -8.563370e+01  0.000000e+00
   endloop
 endfacet
 facet normal  0.000000e+00 -0.000000e+00 -1.000000e+00
   outer loop
     vertex  1.784787e+02 -8.567810e+01  0.000000e+00
     vertex  1.784787e+02 -1.000594e+02  0.000000e+00
     vertex  1.761688e+02 -1.000594e+02  0.000000e+00
   endloop
 endfacet
 facet normal -0.000000e+00  0.000000e+00 -1.000000e+00
   outer loop
     vertex  1.784787e+02 -8.567810e+01  0.000000e+00
     vertex  1.761688e+02 -1.000594e+02  0.000000e+00
     vertex  1.761688e+02 -8.567810e+01  0.000000e+00
   endloop
 endfacet
 facet normal -0.000000e+00  0.000000e+00 -1.000000e+00
   outer loop
     vertex  1.781492e+02 -8.524875e+01  0.000000e+00
     vertex  1.764831e+02 -8.536380e+01  0.000000e+00
     vertex  1.764983e+02 -8.524875e+01  0.000000e+00
   endloop
 endfacet
 facet normal  0.000000e+00 -0.000000e+00 -1.000000e+00
   outer loop
     vertex  1.781492e+02 -8.524875e+01  0.000000e+00
     vertex  1.781644e+02 -8.536380e+01  0.000000e+00
     vertex  1.764831e+02 -8.536380e+01  0.000000e+00
   endloop
 endfacet
 facet normal  0.000000e+00  0.000000e+00 -1.000000e+00
   outer loop
     vertex  1.785938e+02 -8.569325e+01  0.000000e+00
     vertex  1.787088e+02 -1.000594e+02  0.000000e+00
     vertex  1.785938e+02 -1.000442e+02  0.000000e+00
   endloop
 endfacet
 facet normal -0.000000e+00 -0.000000e+00 -1.000000e+00
   outer loop
     vertex  1.785938e+02 -8.569325e+01  0.000000e+00
     vertex  1.785938e+02 -1.000442e+02  0.000000e+00
     vertex  1.784787e+02 -8.567810e+01  0.000000e+00
   endloop
 endfacet
 facet normal  0.000000e+00 -0.000000e+00 -1.000000e+00
   outer loop
     vertex  1.787088e+02 -8.567810e+01  0.000000e+00
     vertex  1.787088e+02 -1.000594e+02  0.000000e+00
     vertex  1.785938e+02 -8.569325e+01  0.000000e+00
   endloop
 endfacet
 facet normal -0.000000e+00  0.000000e+00 -1.000000e+00
   outer loop
     vertex  1.781644e+02 -8.513370e+01  0.000000e+00
     vertex  1.764983e+02 -8.524875e+01  0.000000e+00
     vertex  1.764831e+02 -8.513370e+01  0.000000e+00
   endloop
 endfacet
 facet normal  0.000000e+00  0.000000e+00 -1.000000e+00
   outer loop
     vertex  1.781644e+02 -8.513370e+01  0.000000e+00
     vertex  1.781492e+02 -8.524875e+01  0.000000e+00
     vertex  1.764983e+02 -8.524875e+01  0.000000e+00
   endloop
 endfacet
 facet normal -0.000000e+00  0.000000e+00 -1.000000e+00
   outer loop
     vertex  1.782088e+02 -8.502650e+01  0.000000e+00
     vertex  1.764831e+02 -8.513370e+01  0.000000e+00
     vertex  1.764387e+02 -8.502650e+01  0.000000e+00
   endloop
 endfacet
 facet normal  0.000000e+00  0.000000e+00 -1.000000e+00
   outer loop
     vertex  1.782088e+02 -8.502650e+01  0.000000e+00
     vertex  1.781644e+02 -8.513370e+01  0.000000e+00
     vertex  1.764831e+02 -8.513370e+01  0.000000e+00
   endloop
 endfacet
 facet normal  0.000000e+00  0.000000e+00 -1.000000e+00
   outer loop
     vertex  1.782794e+02 -8.493444e+01  0.000000e+00
     vertex  1.763681e+02 -8.493444e+01  0.000000e+00
     vertex  1.762760e+02 -8.486380e+01  0.000000e+00
   endloop
 endfacet
 facet normal -0.000000e+00  0.000000e+00 -1.000000e+00
   outer loop
     vertex  1.782794e+02 -8.493444e+01  0.000000e+00
     vertex  1.764387e+02 -8.502650e+01  0.000000e+00
     vertex  1.763681e+02 -8.493444e+01  0.000000e+00
   endloop
 endfacet
 facet normal  0.000000e+00  0.000000e+00 -1.000000e+00
   outer loop
     vertex  1.782794e+02 -8.493444e+01  0.000000e+00
     vertex  1.782088e+02 -8.502650e+01  0.000000e+00
     vertex  1.764387e+02 -8.502650e+01  0.000000e+00
   endloop
 endfacet
 facet normal -0.000000e+00  0.000000e+00 -1.000000e+00
   outer loop
     vertex  1.783715e+02 -8.486380e+01  0.000000e+00
     vertex  1.782794e+02 -8.493444e+01  0.000000e+00
     vertex  1.762760e+02 -8.486380e+01  0.000000e+00
   endloop
 endfacet
 facet normal -0.000000e+00  0.000000e+00 -1.000000e+00
   outer loop
     vertex  1.784787e+02 -8.481940e+01  0.000000e+00
     vertex  1.762760e+02 -8.486380e+01  0.000000e+00
     vertex  1.761688e+02 -8.481940e+01  0.000000e+00
   endloop
 endfacet
 facet normal  0.000000e+00  0.000000e+00 -1.000000e+00
   outer loop
     vertex  1.784787e+02 -8.481940e+01  0.000000e+00
     vertex  1.783715e+02 -8.486380e+01  0.000000e+00
     vertex  1.762760e+02 -8.486380e+01  0.000000e+00
   endloop
 endfacet
 facet normal -0.000000e+00  0.000000e+00 -1.000000e+00
   outer loop
     vertex  1.785938e+02 -8.480425e+01  0.000000e+00
     vertex  1.761688e+02 -8.481940e+01  0.000000e+00
     vertex  1.760538e+02 -8.480425e+01  0.000000e+00
   endloop
 endfacet
 facet normal  0.000000e+00  0.000000e+00 -1.000000e+00
   outer loop
     vertex  1.785938e+02 -8.480425e+01  0.000000e+00
     vertex  1.784787e+02 -8.481940e+01  0.000000e+00
     vertex  1.761688e+02 -8.481940e+01  0.000000e+00
   endloop
 endfacet
 facet normal  0.000000e+00 -0.000000e+00 -1.000000e+00
   outer loop
     vertex  1.807488e+02 -8.547100e+01  0.000000e+00
     vertex  1.808194e+02 -8.556306e+01  0.000000e+00
     vertex  1.789081e+02 -8.556306e+01  0.000000e+00
   endloop
 endfacet
 facet normal  0.000000e+00  0.000000e+00 -1.000000e+00
   outer loop
     vertex  1.807488e+02 -8.547100e+01  0.000000e+00
     vertex  1.789787e+02 -8.547100e+01  0.000000e+00
     vertex  1.790231e+02 -8.536380e+01  0.000000e+00
   endloop
 endfacet
 facet normal -0.000000e+00  0.000000e+00 -1.000000e+00
   outer loop
     vertex  1.807488e+02 -8.547100e+01  0.000000e+00
     vertex  1.789081e+02 -8.556306e+01  0.000000e+00
     vertex  1.789787e+02 -8.547100e+01  0.000000e+00
   endloop
 endfacet
 facet normal  0.000000e+00  0.000000e+00 -1.000000e+00
   outer loop
     vertex  1.809115e+02 -8.563370e+01  0.000000e+00
     vertex  1.789081e+02 -8.556306e+01  0.000000e+00
     vertex  1.808194e+02 -8.556306e+01  0.000000e+00
   endloop
 endfacet
 facet normal  0.000000e+00  0.000000e+00 -1.000000e+00
   outer loop
     vertex  1.809115e+02 -8.563370e+01  0.000000e+00
     vertex  1.788160e+02 -8.563370e+01  0.000000e+00
     vertex  1.789081e+02 -8.556306e+01  0.000000e+00
   endloop
 endfacet
 facet normal -0.000000e+00 -0.000000e+00 -1.000000e+00
   outer loop
     vertex  1.807044e+02 -8.536380e+01  0.000000e+00
     vertex  1.807488e+02 -8.547100e+01  0.000000e+00
     vertex  1.790231e+02 -8.536380e+01  0.000000e+00
   endloop
 endfacet
 facet normal -0.000000e+00  0.000000e+00 -1.000000e+00
   outer loop
     vertex  1.810187e+02 -8.567810e+01  0.000000e+00
     vertex  1.787088e+02 -1.000594e+02  0.000000e+00
     vertex  1.787088e+02 -8.567810e+01  0.000000e+00
   endloop
 endfacet
 facet normal  0.000000e+00  0.000000e+00 -1.000000e+00
   outer loop
     vertex  1.810187e+02 -8.567810e+01  0.000000e+00
     vertex  1.787088e+02 -8.567810e+01  0.000000e+00
     vertex  1.788160e+02 -8.563370e+01  0.000000e+00
   endloop
 endfacet
 facet normal  0.000000e+00  0.000000e+00 -1.000000e+00
   outer loop
     vertex  1.810187e+02 -8.567810e+01  0.000000e+00
     vertex  1.811337e+02 -1.000442e+02  0.000000e+00
     vertex  1.810187e+02 -1.000594e+02  0.000000e+00
   endloop
 endfacet
 facet normal  0.000000e+00 -0.000000e+00 -1.000000e+00
   outer loop
     vertex  1.810187e+02 -8.567810e+01  0.000000e+00
     vertex  1.810187e+02 -1.000594e+02  0.000000e+00
     vertex  1.787088e+02 -1.000594e+02  0.000000e+00
   endloop
 endfacet
 facet normal  0.000000e+00  0.000000e+00 -1.000000e+00
   outer loop
     vertex  1.810187e+02 -8.567810e+01  0.000000e+00
     vertex  1.788160e+02 -8.563370e+01  0.000000e+00
     vertex  1.809115e+02 -8.563370e+01  0.000000e+00
   endloop
 endfacet
 facet normal -0.000000e+00  0.000000e+00 -1.000000e+00
   outer loop
     vertex  1.806892e+02 -8.524875e+01  0.000000e+00
     vertex  1.790231e+02 -8.536380e+01  0.000000e+00
     vertex  1.790383e+02 -8.524875e+01  0.000000e+00
   endloop
 endfacet
 facet normal  0.000000e+00 -0.000000e+00 -1.000000e+00
   outer loop
     vertex  1.806892e+02 -8.524875e+01  0.000000e+00
     vertex  1.807044e+02 -8.536380e+01  0.000000e+00
     vertex  1.790231e+02 -8.536380e+01  0.000000e+00
   endloop
 endfacet
 facet normal -0.000000e+00 -0.000000e+00 -1.000000e+00
   outer loop
     vertex  1.811337e+02 -8.569325e+01  0.000000e+00
     vertex  1.811337e+02 -1.000442e+02  0.000000e+00
     vertex  1.810187e+02 -8.567810e+01  0.000000e+00
   endloop
 endfacet
 facet normal  0.000000e+00  0.000000e+00 -1.000000e+00
   outer loop
     vertex  1.811337e+02 -8.569325e+01  0.000000e+00
     vertex  1.812488e+02 -1.000594e+02  0.000000e+00
     vertex  1.811337e+02 -1.000442e+02  0.000000e+00
   endloop
 endfacet
 facet normal  0.000000e+00  0.000000e+00 -1.000000e+00
   outer loop
     vertex  1.812488e+02 -8.567810e+01  0.000000e+00
     vertex  1.835587e+02 -1.000594e+02  0.000000e+00
     vertex  1.812488e+02 -1.000594e+02  0.000000e+00
   endloop
 endfacet
 facet normal  0.000000e+00 -0.000000e+00 -1.000000e+00
   outer loop
     vertex  1.812488e+02 -8.567810e+01  0.000000e+00
     vertex  1.812488e+02 -1.000594e+02  0.000000e+00
     vertex  1.811337e+02 -8.569325e+01  0.000000e+00
   endloop
 endfacet
 facet normal  0.000000e+00  0.000000e+00 -1.000000e+00
   outer loop
     vertex  1.807044e+02 -8.513370e+01  0.000000e+00
     vertex  1.790231e+02 -8.513370e+01  0.000000e+00
     vertex  1.789787e+02 -8.502650e+01  0.000000e+00
   endloop
 endfacet
 facet normal -0.000000e+00  0.000000e+00 -1.000000e+00
   outer loop
     vertex  1.807044e+02 -8.513370e+01  0.000000e+00
     vertex  1.790383e+02 -8.524875e+01  0.000000e+00
     vertex  1.790231e+02 -8.513370e+01  0.000000e+00
   endloop
 endfacet
 facet normal  0.000000e+00  0.000000e+00 -1.000000e+00
   outer loop
     vertex  1.807044e+02 -8.513370e+01  0.000000e+00
     vertex  1.806892e+02 -8.524875e+01  0.000000e+00
     vertex  1.790383e+02 -8.524875e+01  0.000000e+00
   endloop
 endfacet
 facet normal -0.000000e+00  0.000000e+00 -1.000000e+00
   outer loop
     vertex  1.807488e+02 -8.502650e+01  0.000000e+00
     vertex  1.807044e+02 -8.513370e+01  0.000000e+00
     vertex  1.789787e+02 -8.502650e+01  0.000000e+00
   endloop
 endfacet
 facet normal  0.000000e+00  0.000000e+00 -1.000000e+00
   outer loop
     vertex  1.808194e+02 -8.493444e+01  0.000000e+00
     vertex  1.807488e+02 -8.502650e+01  0.000000e+00
     vertex  1.789787e+02 -8.502650e+01  0.000000e+00
   endloop
 endfacet
 facet normal  0.000000e+00  0.000000e+00 -1.000000e+00
   outer loop
     vertex  1.808194e+02 -8.493444e+01  0.000000e+00
     vertex  1.789081e+02 -8.493444e+01  0.000000e+00
     vertex  1.788160e+02 -8.486380e+01  0.000000e+00
   endloop
 endfacet
 facet normal -0.000000e+00  0.000000e+00 -1.000000e+00
   outer loop
     vertex  1.808194e+02 -8.493444e+01  0.000000e+00
     vertex  1.789787e+02 -8.502650e+01  0.000000e+00
     vertex  1.789081e+02 -8.493444e+01  0.000000e+00
   endloop
 endfacet
 facet normal -0.000000e+00  0.000000e+00 -1.000000e+00
   outer loop
     vertex  1.809115e+02 -8.486380e+01  0.000000e+00
     vertex  1.808194e+02 -8.493444e+01  0.000000e+00
     vertex  1.788160e+02 -8.486380e+01  0.000000e+00
   endloop
 endfacet
 facet normal  0.000000e+00  0.000000e+00 -1.000000e+00
   outer loop
     vertex  1.810187e+02 -8.481940e+01  0.000000e+00
     vertex  1.809115e+02 -8.486380e+01  0.000000e+00
     vertex  1.788160e+02 -8.486380e+01  0.000000e+00
   endloop
 endfacet
 facet normal -0.000000e+00  0.000000e+00 -1.000000e+00
   outer loop
     vertex  1.810187e+02 -8.481940e+01  0.000000e+00
     vertex  1.788160e+02 -8.486380e+01  0.000000e+00
     vertex  1.787088e+02 -8.481940e+01  0.000000e+00
   endloop
 endfacet
 facet normal  0.000000e+00  0.000000e+00 -1.000000e+00
   outer loop
     vertex  1.811337e+02 -8.480425e+01  0.000000e+00
     vertex  1.810187e+02 -8.481940e+01  0.000000e+00
     vertex  1.787088e+02 -8.481940e+01  0.000000e+00
   endloop
 endfacet
 facet normal -0.000000e+00  0.000000e+00 -1.000000e+00
   outer loop
     vertex  1.811337e+02 -8.480425e+01  0.000000e+00
     vertex  1.787088e+02 -8.481940e+01  0.000000e+00
     vertex  1.785938e+02 -8.480425e+01  0.000000e+00
   endloop
 endfacet
 facet normal  0.000000e+00  0.000000e+00 -1.000000e+00
   outer loop
     vertex  1.833594e+02 -8.556306e+01  0.000000e+00
     vertex  1.814481e+02 -8.556306e+01  0.000000e+00
     vertex  1.815187e+02 -8.547100e+01  0.000000e+00
   endloop
 endfacet
 facet normal -0.000000e+00 -0.000000e+00 -1.000000e+00
   outer loop
     vertex  1.832888e+02 -8.547100e+01  0.000000e+00
     vertex  1.833594e+02 -8.556306e+01  0.000000e+00
     vertex  1.815187e+02 -8.547100e+01  0.000000e+00
   endloop
 endfacet
 facet normal  0.000000e+00  0.000000e+00 -1.000000e+00
   outer loop
     vertex  1.832888e+02 -8.547100e+01  0.000000e+00
     vertex  1.815187e+02 -8.547100e+01  0.000000e+00
     vertex  1.815631e+02 -8.536380e+01  0.000000e+00
   endloop
 endfacet
 facet normal  0.000000e+00  0.000000e+00 -1.000000e+00
   outer loop
     vertex  1.834515e+02 -8.563370e+01  0.000000e+00
     vertex  1.814481e+02 -8.556306e+01  0.000000e+00
     vertex  1.833594e+02 -8.556306e+01  0.000000e+00
   endloop
 endfacet
 facet normal  0.000000e+00  0.000000e+00 -1.000000e+00
   outer loop
     vertex  1.834515e+02 -8.563370e+01  0.000000e+00
     vertex  1.813560e+02 -8.563370e+01  0.000000e+00
     vertex  1.814481e+02 -8.556306e+01  0.000000e+00
   endloop
 endfacet
 facet normal -0.000000e+00  0.000000e+00 -1.000000e+00
   outer loop
     vertex  1.834515e+02 -8.563370e+01  0.000000e+00
     vertex  1.812488e+02 -8.567810e+01  0.000000e+00
     vertex  1.813560e+02 -8.563370e+01  0.000000e+00
   endloop
 endfacet
 facet normal -0.000000e+00 -0.000000e+00 -1.000000e+00
   outer loop
     vertex  1.832444e+02 -8.536380e+01  0.000000e+00
     vertex  1.832888e+02 -8.547100e+01  0.000000e+00
     vertex  1.815631e+02 -8.536380e+01  0.000000e+00
   endloop
 endfacet
 facet normal  0.000000e+00  0.000000e+00 -1.000000e+00
   outer loop
     vertex  1.835587e+02 -8.567810e+01  0.000000e+00
     vertex  1.835587e+02 -1.000594e+02  0.000000e+00
     vertex  1.812488e+02 -8.567810e+01  0.000000e+00
   endloop
 endfacet
 facet normal -0.000000e+00  0.000000e+00 -1.000000e+00
   outer loop
     vertex  1.835587e+02 -8.567810e+01  0.000000e+00
     vertex  1.812488e+02 -8.567810e+01  0.000000e+00
     vertex  1.834515e+02 -8.563370e+01  0.000000e+00
   endloop
 endfacet
 facet normal  0.000000e+00 -0.000000e+00 -1.000000e+00
   outer loop
     vertex  1.832292e+02 -8.524875e+01  0.000000e+00
     vertex  1.832444e+02 -8.536380e+01  0.000000e+00
     vertex  1.815631e+02 -8.536380e+01  0.000000e+00
   endloop
 endfacet
 facet normal -0.000000e+00  0.000000e+00 -1.000000e+00
   outer loop
     vertex  1.832292e+02 -8.524875e+01  0.000000e+00
     vertex  1.815631e+02 -8.536380e+01  0.000000e+00
     vertex  1.815782e+02 -8.524875e+01  0.000000e+00
   endloop
 endfacet
 facet normal -0.000000e+00  0.000000e+00 -1.000000e+00
   outer loop
     vertex  1.836738e+02 -8.569325e+01  0.000000e+00
     vertex  1.835587e+02 -1.000594e+02  0.000000e+00
     vertex  1.835587e+02 -8.567810e+01  0.000000e+00
   endloop
 endfacet
 facet normal  0.000000e+00  0.000000e+00 -1.000000e+00
   outer loop
     vertex  1.836738e+02 -8.569325e+01  0.000000e+00
     vertex  1.836737e+02 -1.000442e+02  0.000000e+00
     vertex  1.835587e+02 -1.000594e+02  0.000000e+00
   endloop
 endfacet
 facet normal  0.000000e+00  0.000000e+00 -1.000000e+00
   outer loop
     vertex  1.832444e+02 -8.513370e+01  0.000000e+00
     vertex  1.832292e+02 -8.524875e+01  0.000000e+00
     vertex  1.815782e+02 -8.524875e+01  0.000000e+00
   endloop
 endfacet
 facet normal  0.000000e+00  0.000000e+00 -1.000000e+00
   outer loop
     vertex  1.832444e+02 -8.513370e+01  0.000000e+00
     vertex  1.815631e+02 -8.513370e+01  0.000000e+00
     vertex  1.815187e+02 -8.502650e+01  0.000000e+00
   endloop
 endfacet
 facet normal -0.000000e+00  0.000000e+00 -1.000000e+00
   outer loop
     vertex  1.832444e+02 -8.513370e+01  0.000000e+00
     vertex  1.815782e+02 -8.524875e+01  0.000000e+00
     vertex  1.815631e+02 -8.513370e+01  0.000000e+00
   endloop
 endfacet
 facet normal  0.000000e+00  0.000000e+00 -1.000000e+00
   outer loop
     vertex  1.837888e+02 -8.567810e+01  0.000000e+00
     vertex  1.836737e+02 -1.000442e+02  0.000000e+00
     vertex  1.836738e+02 -8.569325e+01  0.000000e+00
   endloop
 endfacet
 facet normal  0.000000e+00  0.000000e+00 -1.000000e+00
   outer loop
     vertex  1.837888e+02 -8.567810e+01  0.000000e+00
     vertex  1.837888e+02 -1.000594e+02  0.000000e+00
     vertex  1.836737e+02 -1.000442e+02  0.000000e+00
   endloop
 endfacet
 facet normal -0.000000e+00  0.000000e+00 -1.000000e+00
   outer loop
     vertex  1.832888e+02 -8.502650e+01  0.000000e+00
     vertex  1.832444e+02 -8.513370e+01  0.000000e+00
     vertex  1.815187e+02 -8.502650e+01  0.000000e+00
   endloop
 endfacet
 facet normal  0.000000e+00  0.000000e+00 -1.000000e+00
   outer loop
     vertex  1.833594e+02 -8.493444e+01  0.000000e+00
     vertex  1.814481e+02 -8.493444e+01  0.000000e+00
     vertex  1.813560e+02 -8.486380e+01  0.000000e+00
   endloop
 endfacet
 facet normal -0.000000e+00  0.000000e+00 -1.000000e+00
   outer loop
     vertex  1.833594e+02 -8.493444e+01  0.000000e+00
     vertex  1.815187e+02 -8.502650e+01  0.000000e+00
     vertex  1.814481e+02 -8.493444e+01  0.000000e+00
   endloop
 endfacet
 facet normal  0.000000e+00  0.000000e+00 -1.000000e+00
   outer loop
     vertex  1.833594e+02 -8.493444e+01  0.000000e+00
     vertex  1.832888e+02 -8.502650e+01  0.000000e+00
     vertex  1.815187e+02 -8.502650e+01  0.000000e+00
   endloop
 endfacet
 facet normal  0.000000e+00  0.000000e+00 -1.000000e+00
   outer loop
     vertex  1.834515e+02 -8.486380e+01  0.000000e+00
     vertex  1.813560e+02 -8.486380e+01  0.000000e+00
     vertex  1.812488e+02 -8.481940e+01  0.000000e+00
   endloop
 endfacet
 facet normal -0.000000e+00  0.000000e+00 -1.000000e+00
   outer loop
     vertex  1.834515e+02 -8.486380e+01  0.000000e+00
     vertex  1.833594e+02 -8.493444e+01  0.000000e+00
     vertex  1.813560e+02 -8.486380e+01  0.000000e+00
   endloop
 endfacet
 facet normal -0.000000e+00  0.000000e+00 -1.000000e+00
   outer loop
     vertex  1.835587e+02 -8.481940e+01  0.000000e+00
     vertex  1.834515e+02 -8.486380e+01  0.000000e+00
     vertex  1.812488e+02 -8.481940e+01  0.000000e+00
   endloop
 endfacet
 facet normal  0.000000e+00  0.000000e+00 -1.000000e+00
   outer loop
     vertex  1.858994e+02 -8.556306e+01  0.000000e+00
     vertex  1.839881e+02 -8.556306e+01  0.000000e+00
     vertex  1.840587e+02 -8.547100e+01  0.000000e+00
   endloop
 endfacet
 facet normal -0.000000e+00 -0.000000e+00 -1.000000e+00
   outer loop
     vertex  1.858288e+02 -8.547100e+01  0.000000e+00
     vertex  1.858994e+02 -8.556306e+01  0.000000e+00
     vertex  1.840587e+02 -8.547100e+01  0.000000e+00
   endloop
 endfacet
 facet normal  0.000000e+00  0.000000e+00 -1.000000e+00
   outer loop
     vertex  1.859915e+02 -8.563370e+01  0.000000e+00
     vertex  1.839881e+02 -8.556306e+01  0.000000e+00
     vertex  1.858994e+02 -8.556306e+01  0.000000e+00
   endloop
 endfacet
 facet normal  0.000000e+00  0.000000e+00 -1.000000e+00
   outer loop
     vertex  1.859915e+02 -8.563370e+01  0.000000e+00
     vertex  1.838960e+02 -8.563370e+01  0.000000e+00
     vertex  1.839881e+02 -8.556306e+01  0.000000e+00
   endloop
 endfacet
 facet normal -0.000000e+00  0.000000e+00 -1.000000e+00
   outer loop
     vertex  1.859915e+02 -8.563370e+01  0.000000e+00
     vertex  1.837888e+02 -8.567810e+01  0.000000e+00
     vertex  1.838960e+02 -8.563370e+01  0.000000e+00
   endloop
 endfacet
 facet normal  0.000000e+00 -0.000000e+00 -1.000000e+00
   outer loop
     vertex  1.857844e+02 -8.536380e+01  0.000000e+00
     vertex  1.858288e+02 -8.547100e+01  0.000000e+00
     vertex  1.840587e+02 -8.547100e+01  0.000000e+00
   endloop
 endfacet
 facet normal -0.000000e+00  0.000000e+00 -1.000000e+00
   outer loop
     vertex  1.857844e+02 -8.536380e+01  0.000000e+00
     vertex  1.840587e+02 -8.547100e+01  0.000000e+00
     vertex  1.841031e+02 -8.536380e+01  0.000000e+00
   endloop
 endfacet
 facet normal  0.000000e+00 -0.000000e+00 -1.000000e+00
   outer loop
     vertex  1.860987e+02 -8.567810e+01  0.000000e+00
     vertex  1.860987e+02 -1.000594e+02  0.000000e+00
     vertex  1.837888e+02 -1.000594e+02  0.000000e+00
   endloop
 endfacet
 facet normal -0.000000e+00  0.000000e+00 -1.000000e+00
   outer loop
     vertex  1.860987e+02 -8.567810e+01  0.000000e+00
     vertex  1.837888e+02 -1.000594e+02  0.000000e+00
     vertex  1.837888e+02 -8.567810e+01  0.000000e+00
   endloop
 endfacet
 facet normal  0.000000e+00  0.000000e+00 -1.000000e+00
   outer loop
     vertex  1.860987e+02 -8.567810e+01  0.000000e+00
     vertex  1.837888e+02 -8.567810e+01  0.000000e+00
     vertex  1.859915e+02 -8.563370e+01  0.000000e+00
   endloop
 endfacet
 facet normal -0.000000e+00  0.000000e+00 -1.000000e+00
   outer loop
     vertex  1.857692e+02 -8.524875e+01  0.000000e+00
     vertex  1.841031e+02 -8.536380e+01  0.000000e+00
     vertex  1.841182e+02 -8.524875e+01  0.000000e+00
   endloop
 endfacet
 facet normal  0.000000e+00 -0.000000e+00 -1.000000e+00
   outer loop
     vertex  1.857692e+02 -8.524875e+01  0.000000e+00
     vertex  1.857844e+02 -8.536380e+01  0.000000e+00
     vertex  1.841031e+02 -8.536380e+01  0.000000e+00
   endloop
 endfacet
 facet normal -0.000000e+00  0.000000e+00 -1.000000e+00
   outer loop
     vertex  1.862138e+02 -8.569325e+01  0.000000e+00
     vertex  1.860987e+02 -1.000594e+02  0.000000e+00
     vertex  1.860987e+02 -8.567810e+01  0.000000e+00
   endloop
 endfacet
 facet normal  0.000000e+00 -0.000000e+00 -1.000000e+00
   outer loop
     vertex  1.862138e+02 -8.569325e+01  0.000000e+00
     vertex  1.862138e+02 -1.000442e+02  0.000000e+00
     vertex  1.860987e+02 -1.000594e+02  0.000000e+00
   endloop
 endfacet
 facet normal  0.000000e+00  0.000000e+00 -1.000000e+00
   outer loop
     vertex  1.863288e+02 -8.567810e+01  0.000000e+00
     vertex  1.862138e+02 -1.000442e+02  0.000000e+00
     vertex  1.862138e+02 -8.569325e+01  0.000000e+00
   endloop
 endfacet
 facet normal  0.000000e+00 -0.000000e+00 -1.000000e+00
   outer loop
     vertex  1.863288e+02 -8.567810e+01  0.000000e+00
     vertex  1.863288e+02 -1.000594e+02  0.000000e+00
     vertex  1.862138e+02 -1.000442e+02  0.000000e+00
   endloop
 endfacet
 facet normal  0.000000e+00  0.000000e+00 -1.000000e+00
   outer loop
     vertex  1.857844e+02 -8.513370e+01  0.000000e+00
     vertex  1.857692e+02 -8.524875e+01  0.000000e+00
     vertex  1.841182e+02 -8.524875e+01  0.000000e+00
   endloop
 endfacet
 facet normal -0.000000e+00  0.000000e+00 -1.000000e+00
   outer loop
     vertex  1.857844e+02 -8.513370e+01  0.000000e+00
     vertex  1.841182e+02 -8.524875e+01  0.000000e+00
     vertex  1.841031e+02 -8.513370e+01  0.000000e+00
   endloop
 endfacet
 facet normal  0.000000e+00  0.000000e+00 -1.000000e+00
   outer loop
     vertex  1.858288e+02 -8.502650e+01  0.000000e+00
     vertex  1.857844e+02 -8.513370e+01  0.000000e+00
     vertex  1.841031e+02 -8.513370e+01  0.000000e+00
   endloop
 endfacet
 facet normal -0.000000e+00  0.000000e+00 -1.000000e+00
   outer loop
     vertex  1.858288e+02 -8.502650e+01  0.000000e+00
     vertex  1.841031e+02 -8.513370e+01  0.000000e+00
     vertex  1.840587e+02 -8.502650e+01  0.000000e+00
   endloop
 endfacet
 facet normal  0.000000e+00  0.000000e+00 -1.000000e+00
   outer loop
     vertex  1.864360e+02 -8.563370e+01  0.000000e+00
     vertex  1.863288e+02 -1.000594e+02  0.000000e+00
     vertex  1.863288e+02 -8.567810e+01  0.000000e+00
   endloop
 endfacet
 facet normal  0.000000e+00 -0.000000e+00 -1.000000e+00
   outer loop
     vertex  1.864360e+02 -8.563370e+01  0.000000e+00
     vertex  1.864360e+02 -1.001038e+02  0.000000e+00
     vertex  1.863288e+02 -1.000594e+02  0.000000e+00
   endloop
 endfacet
 facet normal  0.000000e+00  0.000000e+00 -1.000000e+00
   outer loop
     vertex  1.864360e+02 -8.563370e+01  0.000000e+00
     vertex  1.865281e+02 -1.001744e+02  0.000000e+00
     vertex  1.864360e+02 -1.001038e+02  0.000000e+00
   endloop
 endfacet
 facet normal  0.000000e+00  0.000000e+00 -1.000000e+00
   outer loop
     vertex  1.865281e+02 -8.556306e+01  0.000000e+00
     vertex  1.865987e+02 -1.002665e+02  0.000000e+00
     vertex  1.865281e+02 -1.001744e+02  0.000000e+00
   endloop
 endfacet
 facet normal  0.000000e+00 -0.000000e+00 -1.000000e+00
   outer loop
     vertex  1.865281e+02 -8.556306e+01  0.000000e+00
     vertex  1.865281e+02 -1.001744e+02  0.000000e+00
     vertex  1.864360e+02 -8.563370e+01  0.000000e+00
   endloop
 endfacet
 facet normal  0.000000e+00  0.000000e+00 -1.000000e+00
   outer loop
     vertex  1.858994e+02 -8.493444e+01  0.000000e+00
     vertex  1.858288e+02 -8.502650e+01  0.000000e+00
     vertex  1.840587e+02 -8.502650e+01  0.000000e+00
   endloop
 endfacet
 facet normal -0.000000e+00  0.000000e+00 -1.000000e+00
   outer loop
     vertex  1.858994e+02 -8.493444e+01  0.000000e+00
     vertex  1.840587e+02 -8.502650e+01  0.000000e+00
     vertex  1.839881e+02 -8.493444e+01  0.000000e+00
   endloop
 endfacet
 facet normal  0.000000e+00  0.000000e+00 -1.000000e+00
   outer loop
     vertex  1.859915e+02 -8.486380e+01  0.000000e+00
     vertex  1.858994e+02 -8.493444e+01  0.000000e+00
     vertex  1.839881e+02 -8.493444e+01  0.000000e+00
   endloop
 endfacet
 facet normal -0.000000e+00  0.000000e+00 -1.000000e+00
   outer loop
     vertex  1.859915e+02 -8.486380e+01  0.000000e+00
     vertex  1.839881e+02 -8.493444e+01  0.000000e+00
     vertex  1.838960e+02 -8.486380e+01  0.000000e+00
   endloop
 endfacet
 facet normal  0.000000e+00  0.000000e+00 -1.000000e+00
   outer loop
     vertex  1.865987e+02 -8.547100e+01  0.000000e+00
     vertex  1.866431e+02 -1.003737e+02  0.000000e+00
     vertex  1.865987e+02 -1.002665e+02  0.000000e+00
   endloop
 endfacet
 facet normal  0.000000e+00 -0.000000e+00 -1.000000e+00
   outer loop
     vertex  1.865987e+02 -8.547100e+01  0.000000e+00
     vertex  1.865987e+02 -1.002665e+02  0.000000e+00
     vertex  1.865281e+02 -8.556306e+01  0.000000e+00
   endloop
 endfacet
 facet normal  0.000000e+00 -0.000000e+00 -1.000000e+00
   outer loop
     vertex  1.866431e+02 -8.536380e+01  0.000000e+00
     vertex  1.866431e+02 -1.003737e+02  0.000000e+00
     vertex  1.865987e+02 -8.547100e+01  0.000000e+00
   endloop
 endfacet
 facet normal  0.000000e+00  0.000000e+00 -1.000000e+00
   outer loop
     vertex  1.860987e+02 -8.481940e+01  0.000000e+00
     vertex  1.859915e+02 -8.486380e+01  0.000000e+00
     vertex  1.838960e+02 -8.486380e+01  0.000000e+00
   endloop
 endfacet
 facet normal -0.000000e+00  0.000000e+00 -1.000000e+00
   outer loop
     vertex  1.860987e+02 -8.481940e+01  0.000000e+00
     vertex  1.838960e+02 -8.486380e+01  0.000000e+00
     vertex  1.837888e+02 -8.481940e+01  0.000000e+00
   endloop
 endfacet
 facet normal  0.000000e+00 -0.000000e+00 -1.000000e+00
   outer loop
     vertex  1.866583e+02 -8.524875e+01  0.000000e+00
     vertex  1.866583e+02 -1.004887e+02  0.000000e+00
     vertex  1.866431e+02 -1.003737e+02  0.000000e+00
   endloop
 endfacet
 facet normal  0.000000e+00  0.000000e+00 -1.000000e+00
   outer loop
     vertex  1.866583e+02 -8.524875e+01  0.000000e+00
     vertex  1.866431e+02 -1.003737e+02  0.000000e+00
     vertex  1.866431e+02 -8.536380e+01  0.000000e+00
   endloop
 endfacet
 facet normal  0.000000e+00  0.000000e+00 -1.000000e+00
   outer loop
     vertex  1.892000e+02 -7.000000e+01  0.000000e+00
     vertex  1.862138e+02 -8.480425e+01  0.000000e+00
     vertex  1.860987e+02 -8.481940e+01  0.000000e+00
   endloop
 endfacet
 facet normal  0.000000e+00  0.000000e+00 -1.000000e+00
   outer loop
     vertex  1.892000e+02 -7.000000e+01  0.000000e+00
     vertex  1.863288e+02 -8.481940e+01  0.000000e+00
     vertex  1.862138e+02 -8.480425e+01  0.000000e+00
   endloop
 endfacet
 facet normal  0.000000e+00  0.000000e+00 -1.000000e+00
   outer loop
     vertex  1.892000e+02 -7.000000e+01  0.000000e+00
     vertex  1.864360e+02 -8.486380e+01  0.000000e+00
     vertex  1.863288e+02 -8.481940e+01  0.000000e+00
   endloop
 endfacet
 facet normal  0.000000e+00  0.000000e+00 -1.000000e+00
   outer loop
     vertex  1.892000e+02 -7.000000e+01  0.000000e+00
     vertex  1.865281e+02 -8.493444e+01  0.000000e+00
     vertex  1.864360e+02 -8.486380e+01  0.000000e+00
   endloop
 endfacet
 facet normal  0.000000e+00  0.000000e+00 -1.000000e+00
   outer loop
     vertex  1.892000e+02 -7.000000e+01  0.000000e+00
     vertex  1.865987e+02 -8.502650e+01  0.000000e+00
     vertex  1.865281e+02 -8.493444e+01  0.000000e+00
   endloop
 endfacet
 facet normal  0.000000e+00  0.000000e+00 -1.000000e+00
   outer loop
     vertex  1.892000e+02 -7.000000e+01  0.000000e+00
     vertex  1.866431e+02 -8.513370e+01  0.000000e+00
     vertex  1.865987e+02 -8.502650e+01  0.000000e+00
   endloop
 endfacet
 facet normal  0.000000e+00  0.000000e+00 -1.000000e+00
   outer loop
     vertex  1.892000e+02 -7.000000e+01  0.000000e+00
     vertex  1.866583e+02 -8.524875e+01  0.000000e+00
     vertex  1.866431e+02 -8.513370e+01  0.000000e+00
   endloop
 endfacet
 facet normal  0.000000e+00  0.000000e+00 -1.000000e+00
   outer loop
     vertex  1.892000e+02 -7.000000e+01  0.000000e+00
     vertex  1.575875e+02 -7.752763e+01  0.000000e+00
     vertex  1.573825e+02 -7.744271e+01  0.000000e+00
   endloop
 endfacet
 facet normal  0.000000e+00  0.000000e+00 -1.000000e+00
   outer loop
     vertex  1.892000e+02 -7.000000e+01  0.000000e+00
     vertex  1.860987e+02 -8.481940e+01  0.000000e+00
     vertex  1.837888e+02 -8.481940e+01  0.000000e+00
   endloop
 endfacet
 facet normal  0.000000e+00  0.000000e+00 -1.000000e+00
   outer loop
     vertex  1.892000e+02 -7.000000e+01  0.000000e+00
     vertex  1.811337e+02 -8.480425e+01  0.000000e+00
     vertex  1.785938e+02 -8.480425e+01  0.000000e+00
   endloop
 endfacet
 facet normal  0.000000e+00  0.000000e+00 -1.000000e+00
   outer loop
     vertex  1.892000e+02 -7.000000e+01  0.000000e+00
     vertex  1.760538e+02 -8.480425e+01  0.000000e+00
     vertex  1.735138e+02 -8.480425e+01  0.000000e+00
   endloop
 endfacet
 facet normal  0.000000e+00  0.000000e+00 -1.000000e+00
   outer loop
     vertex  1.892000e+02 -7.000000e+01  0.000000e+00
     vertex  1.812488e+02 -8.481940e+01  0.000000e+00
     vertex  1.811337e+02 -8.480425e+01  0.000000e+00
   endloop
 endfacet
 facet normal  0.000000e+00  0.000000e+00 -1.000000e+00
   outer loop
     vertex  1.892000e+02 -7.000000e+01  0.000000e+00
     vertex  1.835587e+02 -8.481940e+01  0.000000e+00
     vertex  1.812488e+02 -8.481940e+01  0.000000e+00
   endloop
 endfacet
 facet normal  0.000000e+00  0.000000e+00 -1.000000e+00
   outer loop
     vertex  1.892000e+02 -7.000000e+01  0.000000e+00
     vertex  1.836737e+02 -8.480425e+01  0.000000e+00
     vertex  1.835587e+02 -8.481940e+01  0.000000e+00
   endloop
 endfacet
 facet normal  0.000000e+00  0.000000e+00 -1.000000e+00
   outer loop
     vertex  1.892000e+02 -7.000000e+01  0.000000e+00
     vertex  1.837888e+02 -8.481940e+01  0.000000e+00
     vertex  1.836737e+02 -8.480425e+01  0.000000e+00
   endloop
 endfacet
 facet normal  0.000000e+00  0.000000e+00 -1.000000e+00
   outer loop
     vertex  1.892000e+02 -7.000000e+01  0.000000e+00
     vertex  1.735138e+02 -8.480425e+01  0.000000e+00
     vertex  1.602328e+02 -7.900342e+01  0.000000e+00
   endloop
 endfacet
 facet normal  0.000000e+00  0.000000e+00 -1.000000e+00
   outer loop
     vertex  1.892000e+02 -7.000000e+01  0.000000e+00
     vertex  1.785938e+02 -8.480425e+01  0.000000e+00
     vertex  1.760538e+02 -8.480425e+01  0.000000e+00
   endloop
 endfacet
 facet normal  0.000000e+00  0.000000e+00 -1.000000e+00
   outer loop
     vertex  1.892000e+02 -7.000000e+01  0.000000e+00
     vertex  1.602328e+02 -7.900342e+01  0.000000e+00
     vertex  1.600775e+02 -7.888423e+01  0.000000e+00
   endloop
 endfacet
 facet normal  0.000000e+00  0.000000e+00 -1.000000e+00
   outer loop
     vertex  1.892000e+02 -7.000000e+01  0.000000e+00
     vertex  1.600775e+02 -7.888423e+01  0.000000e+00
     vertex  1.575875e+02 -7.752763e+01  0.000000e+00
   endloop
 endfacet
 facet normal  0.000000e+00  0.000000e+00 -1.000000e+00
   outer loop
     vertex  1.892000e+02 -1.185000e+02  0.000000e+00
     vertex  1.866583e+02 -8.524875e+01  0.000000e+00
     vertex  1.892000e+02 -7.000000e+01  0.000000e+00
   endloop
 endfacet
 facet normal  0.000000e+00  0.000000e+00 -1.000000e+00
   outer loop
     vertex  1.892000e+02 -1.185000e+02  0.000000e+00
     vertex  1.866583e+02 -1.004887e+02  0.000000e+00
     vertex  1.866583e+02 -8.524875e+01  0.000000e+00
   endloop
 endfacet
 facet normal -0.000000e+00  0.000000e+00 -1.000000e+00
   outer loop
     vertex  1.892000e+02 -7.000000e+01  0.000000e+00
     vertex  1.571625e+02 -7.741375e+01  0.000000e+00
     vertex  1.250000e+02 -7.000000e+01  0.000000e+00
   endloop
 endfacet
 facet normal -0.000000e+00  0.000000e+00 -1.000000e+00
   outer loop
     vertex  1.571625e+02 -7.741375e+01  0.000000e+00
     vertex  1.569425e+02 -7.744271e+01  0.000000e+00
     vertex  1.250000e+02 -7.000000e+01  0.000000e+00
   endloop
 endfacet
 facet normal  0.000000e+00  0.000000e+00 -1.000000e+00
   outer loop
     vertex  1.892000e+02 -7.000000e+01  0.000000e+00
     vertex  1.573825e+02 -7.744271e+01  0.000000e+00
     vertex  1.571625e+02 -7.741375e+01  0.000000e+00
   endloop
 endfacet
 facet normal  0.000000e+00  0.000000e+00  1.000000e+00
   outer loop
     vertex  1.376875e+02 -1.082099e+02  1.510000e+00
     vertex  1.375115e+02 -1.080748e+02  1.510000e+00
     vertex  1.250000e+02 -1.185000e+02  1.510000e+00
   endloop
 endfacet
 facet normal  0.000000e+00  0.000000e+00  1.000000e+00
   outer loop
     vertex  1.373764e+02 -1.078988e+02  1.510000e+00
     vertex  1.250000e+02 -1.185000e+02  1.510000e+00
     vertex  1.375115e+02 -1.080748e+02  1.510000e+00
   endloop
 endfacet
 facet normal  0.000000e+00  0.000000e+00  1.000000e+00
   outer loop
     vertex  1.378925e+02 -1.082948e+02  1.510000e+00
     vertex  1.376875e+02 -1.082099e+02  1.510000e+00
     vertex  1.250000e+02 -1.185000e+02  1.510000e+00
   endloop
 endfacet
 facet normal  0.000000e+00  0.000000e+00  1.000000e+00
   outer loop
     vertex  1.372915e+02 -1.076937e+02  1.510000e+00
     vertex  1.250000e+02 -1.185000e+02  1.510000e+00
     vertex  1.373764e+02 -1.078988e+02  1.510000e+00
   endloop
 endfacet
 facet normal  0.000000e+00  0.000000e+00  1.000000e+00
   outer loop
     vertex  1.372625e+02 -1.074737e+02  1.510000e+00
     vertex  1.250000e+02 -1.185000e+02  1.510000e+00
     vertex  1.372915e+02 -1.076937e+02  1.510000e+00
   endloop
 endfacet
 facet normal  0.000000e+00  0.000000e+00  1.000000e+00
   outer loop
     vertex  1.381125e+02 -1.083238e+02  1.510000e+00
     vertex  1.378925e+02 -1.082948e+02  1.510000e+00
     vertex  1.250000e+02 -1.185000e+02  1.510000e+00
   endloop
 endfacet
 facet normal  0.000000e+00  0.000000e+00  1.000000e+00
   outer loop
     vertex  1.383325e+02 -1.082948e+02  1.510000e+00
     vertex  1.381125e+02 -1.083238e+02  1.510000e+00
     vertex  1.250000e+02 -1.185000e+02  1.510000e+00
   endloop
 endfacet
 facet normal  0.000000e+00  0.000000e+00  1.000000e+00
   outer loop
     vertex  1.366983e+02 -1.038080e+02  1.510000e+00
     vertex  1.372915e+02 -1.072538e+02  1.510000e+00
     vertex  1.373764e+02 -1.070487e+02  1.510000e+00
   endloop
 endfacet
 facet normal  0.000000e+00  0.000000e+00  1.000000e+00
   outer loop
     vertex  1.371125e+02 -1.041258e+02  1.510000e+00
     vertex  1.373764e+02 -1.070487e+02  1.510000e+00
     vertex  1.375115e+02 -1.068727e+02  1.510000e+00
   endloop
 endfacet
 facet normal  0.000000e+00  0.000000e+00  1.000000e+00
   outer loop
     vertex  1.371125e+02 -1.041258e+02  1.510000e+00
     vertex  1.375115e+02 -1.068727e+02  1.510000e+00
     vertex  1.376875e+02 -1.067376e+02  1.510000e+00
   endloop
 endfacet
 facet normal  0.000000e+00  0.000000e+00  1.000000e+00
   outer loop
     vertex  1.371125e+02 -1.041258e+02  1.510000e+00
     vertex  1.366983e+02 -1.038080e+02  1.510000e+00
     vertex  1.373764e+02 -1.070487e+02  1.510000e+00
   endloop
 endfacet
 facet normal  0.000000e+00  0.000000e+00  1.000000e+00
   outer loop
     vertex  1.363804e+02 -1.033937e+02  1.510000e+00
     vertex  1.372625e+02 -1.074737e+02  1.510000e+00
     vertex  1.372915e+02 -1.072538e+02  1.510000e+00
   endloop
 endfacet
 facet normal  0.000000e+00  0.000000e+00  1.000000e+00
   outer loop
     vertex  1.363804e+02 -1.033937e+02  1.510000e+00
     vertex  1.250000e+02 -1.185000e+02  1.510000e+00
     vertex  1.372625e+02 -1.074737e+02  1.510000e+00
   endloop
 endfacet
 facet normal  0.000000e+00  0.000000e+00  1.000000e+00
   outer loop
     vertex  1.363804e+02 -1.033937e+02  1.510000e+00
     vertex  1.372915e+02 -1.072538e+02  1.510000e+00
     vertex  1.366983e+02 -1.038080e+02  1.510000e+00
   endloop
 endfacet
 facet normal  0.000000e+00  0.000000e+00  1.000000e+00
   outer loop
     vertex  1.375949e+02 -1.043256e+02  1.510000e+00
     vertex  1.376875e+02 -1.067376e+02  1.510000e+00
     vertex  1.378925e+02 -1.066527e+02  1.510000e+00
   endloop
 endfacet
 facet normal  0.000000e+00  0.000000e+00  1.000000e+00
   outer loop
     vertex  1.375949e+02 -1.043256e+02  1.510000e+00
     vertex  1.371125e+02 -1.041258e+02  1.510000e+00
     vertex  1.376875e+02 -1.067376e+02  1.510000e+00
   endloop
 endfacet
 facet normal  0.000000e+00  0.000000e+00  1.000000e+00
   outer loop
     vertex  1.361806e+02 -1.029114e+02  1.510000e+00
     vertex  1.250000e+02 -1.185000e+02  1.510000e+00
     vertex  1.363804e+02 -1.033937e+02  1.510000e+00
   endloop
 endfacet
 facet normal  0.000000e+00  0.000000e+00  1.000000e+00
   outer loop
     vertex  1.361125e+02 -1.023937e+02  1.510000e+00
     vertex  1.250000e+02 -1.185000e+02  1.510000e+00
     vertex  1.361806e+02 -1.029114e+02  1.510000e+00
   endloop
 endfacet
 facet normal  0.000000e+00  0.000000e+00  1.000000e+00
   outer loop
     vertex  1.381125e+02 -1.043937e+02  1.510000e+00
     vertex  1.378925e+02 -1.066527e+02  1.510000e+00
     vertex  1.381125e+02 -1.066237e+02  1.510000e+00
   endloop
 endfacet
 facet normal  0.000000e+00  0.000000e+00  1.000000e+00
   outer loop
     vertex  1.381125e+02 -1.043937e+02  1.510000e+00
     vertex  1.381125e+02 -1.066237e+02  1.510000e+00
     vertex  1.383325e+02 -1.066527e+02  1.510000e+00
   endloop
 endfacet
 facet normal  0.000000e+00  0.000000e+00  1.000000e+00
   outer loop
     vertex  1.381125e+02 -1.043937e+02  1.510000e+00
     vertex  1.375949e+02 -1.043256e+02  1.510000e+00
     vertex  1.378925e+02 -1.066527e+02  1.510000e+00
   endloop
 endfacet
 facet normal  0.000000e+00  0.000000e+00  1.000000e+00
   outer loop
     vertex  1.361806e+02 -1.018761e+02  1.510000e+00
     vertex  1.250000e+02 -1.185000e+02  1.510000e+00
     vertex  1.361125e+02 -1.023937e+02  1.510000e+00
   endloop
 endfacet
 facet normal  0.000000e+00  0.000000e+00  1.000000e+00
   outer loop
     vertex  1.386301e+02 -1.043256e+02  1.510000e+00
     vertex  1.383325e+02 -1.066527e+02  1.510000e+00
     vertex  1.385375e+02 -1.067376e+02  1.510000e+00
   endloop
 endfacet
 facet normal  0.000000e+00  0.000000e+00  1.000000e+00
   outer loop
     vertex  1.386301e+02 -1.043256e+02  1.510000e+00
     vertex  1.381125e+02 -1.043937e+02  1.510000e+00
     vertex  1.383325e+02 -1.066527e+02  1.510000e+00
   endloop
 endfacet
 facet normal  0.000000e+00  0.000000e+00  1.000000e+00
   outer loop
     vertex  1.391125e+02 -1.041258e+02  1.510000e+00
     vertex  1.385375e+02 -1.067376e+02  1.510000e+00
     vertex  1.387135e+02 -1.068727e+02  1.510000e+00
   endloop
 endfacet
 facet normal  0.000000e+00  0.000000e+00  1.000000e+00
   outer loop
     vertex  1.391125e+02 -1.041258e+02  1.510000e+00
     vertex  1.387135e+02 -1.068727e+02  1.510000e+00
     vertex  1.388486e+02 -1.070487e+02  1.510000e+00
   endloop
 endfacet
 facet normal  0.000000e+00  0.000000e+00  1.000000e+00
   outer loop
     vertex  1.391125e+02 -1.041258e+02  1.510000e+00
     vertex  1.386301e+02 -1.043256e+02  1.510000e+00
     vertex  1.385375e+02 -1.067376e+02  1.510000e+00
   endloop
 endfacet
 facet normal  0.000000e+00  0.000000e+00  1.000000e+00
   outer loop
     vertex  1.426622e+02 -1.054641e+02  1.510000e+00
     vertex  1.389335e+02 -1.072538e+02  1.510000e+00
     vertex  1.389625e+02 -1.074737e+02  1.510000e+00
   endloop
 endfacet
 facet normal  0.000000e+00  0.000000e+00  1.000000e+00
   outer loop
     vertex  1.425430e+02 -1.053088e+02  1.510000e+00
     vertex  1.388486e+02 -1.070487e+02  1.510000e+00
     vertex  1.389335e+02 -1.072538e+02  1.510000e+00
   endloop
 endfacet
 facet normal  0.000000e+00  0.000000e+00  1.000000e+00
   outer loop
     vertex  1.425430e+02 -1.053088e+02  1.510000e+00
     vertex  1.389335e+02 -1.072538e+02  1.510000e+00
     vertex  1.426622e+02 -1.054641e+02  1.510000e+00
   endloop
 endfacet
 facet normal  0.000000e+00  0.000000e+00  1.000000e+00
   outer loop
     vertex  1.428175e+02 -1.055833e+02  1.510000e+00
     vertex  1.389625e+02 -1.074737e+02  1.510000e+00
     vertex  1.389335e+02 -1.076937e+02  1.510000e+00
   endloop
 endfacet
 facet normal  0.000000e+00  0.000000e+00  1.000000e+00
   outer loop
     vertex  1.428175e+02 -1.055833e+02  1.510000e+00
     vertex  1.426622e+02 -1.054641e+02  1.510000e+00
     vertex  1.389625e+02 -1.074737e+02  1.510000e+00
   endloop
 endfacet
 facet normal  0.000000e+00  0.000000e+00  1.000000e+00
   outer loop
     vertex  1.429984e+02 -1.056582e+02  1.510000e+00
     vertex  1.389335e+02 -1.076937e+02  1.510000e+00
     vertex  1.388486e+02 -1.078987e+02  1.510000e+00
   endloop
 endfacet
 facet normal  0.000000e+00  0.000000e+00  1.000000e+00
   outer loop
     vertex  1.429984e+02 -1.056582e+02  1.510000e+00
     vertex  1.428175e+02 -1.055833e+02  1.510000e+00
     vertex  1.389335e+02 -1.076937e+02  1.510000e+00
   endloop
 endfacet
 facet normal  0.000000e+00  0.000000e+00  1.000000e+00
   outer loop
     vertex  1.424681e+02 -1.051279e+02  1.510000e+00
     vertex  1.388486e+02 -1.070487e+02  1.510000e+00
     vertex  1.425430e+02 -1.053088e+02  1.510000e+00
   endloop
 endfacet
 facet normal  0.000000e+00  0.000000e+00  1.000000e+00
   outer loop
     vertex  1.424681e+02 -1.051279e+02  1.510000e+00
     vertex  1.391125e+02 -1.041258e+02  1.510000e+00
     vertex  1.388486e+02 -1.070487e+02  1.510000e+00
   endloop
 endfacet
 facet normal  0.000000e+00  0.000000e+00  1.000000e+00
   outer loop
     vertex  1.424681e+02 -1.051279e+02  1.510000e+00
     vertex  1.395267e+02 -1.038080e+02  1.510000e+00
     vertex  1.391125e+02 -1.041258e+02  1.510000e+00
   endloop
 endfacet
 facet normal  0.000000e+00  0.000000e+00  1.000000e+00
   outer loop
     vertex  1.424425e+02 -1.049338e+02  1.510000e+00
     vertex  1.395267e+02 -1.038080e+02  1.510000e+00
     vertex  1.424681e+02 -1.051279e+02  1.510000e+00
   endloop
 endfacet
 facet normal  0.000000e+00  0.000000e+00  1.000000e+00
   outer loop
     vertex  1.431925e+02 -1.056838e+02  1.510000e+00
     vertex  1.388486e+02 -1.078987e+02  1.510000e+00
     vertex  1.387135e+02 -1.080748e+02  1.510000e+00
   endloop
 endfacet
 facet normal  0.000000e+00  0.000000e+00  1.000000e+00
   outer loop
     vertex  1.431925e+02 -1.056838e+02  1.510000e+00
     vertex  1.429984e+02 -1.056582e+02  1.510000e+00
     vertex  1.388486e+02 -1.078987e+02  1.510000e+00
   endloop
 endfacet
 facet normal  0.000000e+00  0.000000e+00  1.000000e+00
   outer loop
     vertex  1.424681e+02 -1.047396e+02  1.510000e+00
     vertex  1.398446e+02 -1.033937e+02  1.510000e+00
     vertex  1.395267e+02 -1.038080e+02  1.510000e+00
   endloop
 endfacet
 facet normal  0.000000e+00  0.000000e+00  1.000000e+00
   outer loop
     vertex  1.424681e+02 -1.047396e+02  1.510000e+00
     vertex  1.395267e+02 -1.038080e+02  1.510000e+00
     vertex  1.424425e+02 -1.049338e+02  1.510000e+00
   endloop
 endfacet
 facet normal  0.000000e+00  0.000000e+00  1.000000e+00
   outer loop
     vertex  1.433866e+02 -1.056582e+02  1.510000e+00
     vertex  1.431925e+02 -1.056838e+02  1.510000e+00
     vertex  1.387135e+02 -1.080748e+02  1.510000e+00
   endloop
 endfacet
 facet normal  0.000000e+00  0.000000e+00  1.000000e+00
   outer loop
     vertex  1.425430e+02 -1.045588e+02  1.510000e+00
     vertex  1.398446e+02 -1.033937e+02  1.510000e+00
     vertex  1.424681e+02 -1.047396e+02  1.510000e+00
   endloop
 endfacet
 facet normal  0.000000e+00  0.000000e+00  1.000000e+00
   outer loop
     vertex  1.425430e+02 -1.045588e+02  1.510000e+00
     vertex  1.400444e+02 -1.029114e+02  1.510000e+00
     vertex  1.398446e+02 -1.033937e+02  1.510000e+00
   endloop
 endfacet
 facet normal  0.000000e+00  0.000000e+00  1.000000e+00
   outer loop
     vertex  1.426622e+02 -1.044034e+02  1.510000e+00
     vertex  1.400444e+02 -1.029114e+02  1.510000e+00
     vertex  1.425430e+02 -1.045588e+02  1.510000e+00
   endloop
 endfacet
 facet normal  0.000000e+00  0.000000e+00  1.000000e+00
   outer loop
     vertex  1.428175e+02 -1.042842e+02  1.510000e+00
     vertex  1.400444e+02 -1.029114e+02  1.510000e+00
     vertex  1.426622e+02 -1.044034e+02  1.510000e+00
   endloop
 endfacet
 facet normal  0.000000e+00  0.000000e+00  1.000000e+00
   outer loop
     vertex  1.428175e+02 -1.042842e+02  1.510000e+00
     vertex  1.401125e+02 -1.023937e+02  1.510000e+00
     vertex  1.400444e+02 -1.029114e+02  1.510000e+00
   endloop
 endfacet
 facet normal  0.000000e+00  0.000000e+00  1.000000e+00
   outer loop
     vertex  1.429984e+02 -1.042093e+02  1.510000e+00
     vertex  1.401125e+02 -1.023937e+02  1.510000e+00
     vertex  1.428175e+02 -1.042842e+02  1.510000e+00
   endloop
 endfacet
 facet normal  0.000000e+00  0.000000e+00  1.000000e+00
   outer loop
     vertex  1.429984e+02 -1.042093e+02  1.510000e+00
     vertex  1.400444e+02 -1.018761e+02  1.510000e+00
     vertex  1.401125e+02 -1.023937e+02  1.510000e+00
   endloop
 endfacet
 facet normal  0.000000e+00  0.000000e+00  1.000000e+00
   outer loop
     vertex  1.431925e+02 -1.041838e+02  1.510000e+00
     vertex  1.400444e+02 -1.018761e+02  1.510000e+00
     vertex  1.429984e+02 -1.042093e+02  1.510000e+00
   endloop
 endfacet
 facet normal  0.000000e+00  0.000000e+00  1.000000e+00
   outer loop
     vertex  1.373764e+02 -9.773875e+01  1.510000e+00
     vertex  1.371125e+02 -1.006617e+02  1.510000e+00
     vertex  1.375115e+02 -9.791479e+01  1.510000e+00
   endloop
 endfacet
 facet normal  0.000000e+00  0.000000e+00  1.000000e+00
   outer loop
     vertex  1.373764e+02 -9.773875e+01  1.510000e+00
     vertex  1.366983e+02 -1.009795e+02  1.510000e+00
     vertex  1.371125e+02 -1.006617e+02  1.510000e+00
   endloop
 endfacet
 facet normal  0.000000e+00  0.000000e+00  1.000000e+00
   outer loop
     vertex  1.376875e+02 -9.804987e+01  1.510000e+00
     vertex  1.375115e+02 -9.791479e+01  1.510000e+00
     vertex  1.371125e+02 -1.006617e+02  1.510000e+00
   endloop
 endfacet
 facet normal  0.000000e+00  0.000000e+00  1.000000e+00
   outer loop
     vertex  1.376875e+02 -9.804987e+01  1.510000e+00
     vertex  1.371125e+02 -1.006617e+02  1.510000e+00
     vertex  1.375949e+02 -1.004619e+02  1.510000e+00
   endloop
 endfacet
 facet normal  0.000000e+00  0.000000e+00  1.000000e+00
   outer loop
     vertex  1.378925e+02 -9.813479e+01  1.510000e+00
     vertex  1.376875e+02 -9.804987e+01  1.510000e+00
     vertex  1.375949e+02 -1.004619e+02  1.510000e+00
   endloop
 endfacet
 facet normal  0.000000e+00  0.000000e+00  1.000000e+00
   outer loop
     vertex  1.378925e+02 -9.813479e+01  1.510000e+00
     vertex  1.375949e+02 -1.004619e+02  1.510000e+00
     vertex  1.381125e+02 -1.003937e+02  1.510000e+00
   endloop
 endfacet
 facet normal  0.000000e+00  0.000000e+00  1.000000e+00
   outer loop
     vertex  1.372915e+02 -9.753375e+01  1.510000e+00
     vertex  1.363804e+02 -1.013937e+02  1.510000e+00
     vertex  1.366983e+02 -1.009795e+02  1.510000e+00
   endloop
 endfacet
 facet normal  0.000000e+00  0.000000e+00  1.000000e+00
   outer loop
     vertex  1.372915e+02 -9.753375e+01  1.510000e+00
     vertex  1.366983e+02 -1.009795e+02  1.510000e+00
     vertex  1.373764e+02 -9.773875e+01  1.510000e+00
   endloop
 endfacet
 facet normal  0.000000e+00  0.000000e+00  1.000000e+00
   outer loop
     vertex  1.372625e+02 -9.731375e+01  1.510000e+00
     vertex  1.361806e+02 -1.018761e+02  1.510000e+00
     vertex  1.363804e+02 -1.013937e+02  1.510000e+00
   endloop
 endfacet
 facet normal  0.000000e+00  0.000000e+00  1.000000e+00
   outer loop
     vertex  1.372625e+02 -9.731375e+01  1.510000e+00
     vertex  1.363804e+02 -1.013937e+02  1.510000e+00
     vertex  1.372915e+02 -9.753375e+01  1.510000e+00
   endloop
 endfacet
 facet normal  0.000000e+00  0.000000e+00  1.000000e+00
   outer loop
     vertex  1.381125e+02 -9.816375e+01  1.510000e+00
     vertex  1.378925e+02 -9.813479e+01  1.510000e+00
     vertex  1.381125e+02 -1.003937e+02  1.510000e+00
   endloop
 endfacet
 facet normal  0.000000e+00  0.000000e+00  1.000000e+00
   outer loop
     vertex  1.383325e+02 -9.813479e+01  1.510000e+00
     vertex  1.381125e+02 -1.003937e+02  1.510000e+00
     vertex  1.386301e+02 -1.004619e+02  1.510000e+00
   endloop
 endfacet
 facet normal  0.000000e+00  0.000000e+00  1.000000e+00
   outer loop
     vertex  1.383325e+02 -9.813479e+01  1.510000e+00
     vertex  1.381125e+02 -9.816375e+01  1.510000e+00
     vertex  1.381125e+02 -1.003937e+02  1.510000e+00
   endloop
 endfacet
 facet normal  0.000000e+00  0.000000e+00  1.000000e+00
   outer loop
     vertex  1.372915e+02 -9.709375e+01  1.510000e+00
     vertex  1.361806e+02 -1.018761e+02  1.510000e+00
     vertex  1.372625e+02 -9.731375e+01  1.510000e+00
   endloop
 endfacet
 facet normal  0.000000e+00  0.000000e+00  1.000000e+00
   outer loop
     vertex  1.402775e+02 -9.923327e+01  1.510000e+00
     vertex  1.401222e+02 -9.911408e+01  1.510000e+00
     vertex  1.391125e+02 -1.006617e+02  1.510000e+00
   endloop
 endfacet
 facet normal  0.000000e+00  0.000000e+00  1.000000e+00
   outer loop
     vertex  1.402775e+02 -9.923327e+01  1.510000e+00
     vertex  1.391125e+02 -1.006617e+02  1.510000e+00
     vertex  1.395267e+02 -1.009795e+02  1.510000e+00
   endloop
 endfacet
 facet normal  0.000000e+00  0.000000e+00  1.000000e+00
   outer loop
     vertex  1.400030e+02 -9.895875e+01  1.510000e+00
     vertex  1.391125e+02 -1.006617e+02  1.510000e+00
     vertex  1.401222e+02 -9.911408e+01  1.510000e+00
   endloop
 endfacet
 facet normal  0.000000e+00  0.000000e+00  1.000000e+00
   outer loop
     vertex  1.400030e+02 -9.895875e+01  1.510000e+00
     vertex  1.386301e+02 -1.004619e+02  1.510000e+00
     vertex  1.391125e+02 -1.006617e+02  1.510000e+00
   endloop
 endfacet
 facet normal  0.000000e+00  0.000000e+00  1.000000e+00
   outer loop
     vertex  1.399281e+02 -9.877786e+01  1.510000e+00
     vertex  1.385375e+02 -9.804987e+01  1.510000e+00
     vertex  1.383325e+02 -9.813479e+01  1.510000e+00
   endloop
 endfacet
 facet normal  0.000000e+00  0.000000e+00  1.000000e+00
   outer loop
     vertex  1.399281e+02 -9.877786e+01  1.510000e+00
     vertex  1.386301e+02 -1.004619e+02  1.510000e+00
     vertex  1.400030e+02 -9.895875e+01  1.510000e+00
   endloop
 endfacet
 facet normal  0.000000e+00  0.000000e+00  1.000000e+00
   outer loop
     vertex  1.399281e+02 -9.877786e+01  1.510000e+00
     vertex  1.383325e+02 -9.813479e+01  1.510000e+00
     vertex  1.386301e+02 -1.004619e+02  1.510000e+00
   endloop
 endfacet
 facet normal  0.000000e+00  0.000000e+00  1.000000e+00
   outer loop
     vertex  1.404584e+02 -9.930819e+01  1.510000e+00
     vertex  1.402775e+02 -9.923327e+01  1.510000e+00
     vertex  1.395267e+02 -1.009795e+02  1.510000e+00
   endloop
 endfacet
 facet normal  0.000000e+00  0.000000e+00  1.000000e+00
   outer loop
     vertex  1.399025e+02 -9.858375e+01  1.510000e+00
     vertex  1.387135e+02 -9.791479e+01  1.510000e+00
     vertex  1.385375e+02 -9.804987e+01  1.510000e+00
   endloop
 endfacet
 facet normal  0.000000e+00  0.000000e+00  1.000000e+00
   outer loop
     vertex  1.399025e+02 -9.858375e+01  1.510000e+00
     vertex  1.385375e+02 -9.804987e+01  1.510000e+00
     vertex  1.399281e+02 -9.877786e+01  1.510000e+00
   endloop
 endfacet
 facet normal  0.000000e+00  0.000000e+00  1.000000e+00
   outer loop
     vertex  1.406525e+02 -9.933375e+01  1.510000e+00
     vertex  1.404584e+02 -9.930819e+01  1.510000e+00
     vertex  1.395267e+02 -1.009795e+02  1.510000e+00
   endloop
 endfacet
 facet normal  0.000000e+00  0.000000e+00  1.000000e+00
   outer loop
     vertex  1.406525e+02 -9.933375e+01  1.510000e+00
     vertex  1.395267e+02 -1.009795e+02  1.510000e+00
     vertex  1.398446e+02 -1.013937e+02  1.510000e+00
   endloop
 endfacet
 facet normal  0.000000e+00  0.000000e+00  1.000000e+00
   outer loop
     vertex  1.399281e+02 -9.838964e+01  1.510000e+00
     vertex  1.388486e+02 -9.773875e+01  1.510000e+00
     vertex  1.387135e+02 -9.791479e+01  1.510000e+00
   endloop
 endfacet
 facet normal  0.000000e+00  0.000000e+00  1.000000e+00
   outer loop
     vertex  1.399281e+02 -9.838964e+01  1.510000e+00
     vertex  1.387135e+02 -9.791479e+01  1.510000e+00
     vertex  1.399025e+02 -9.858375e+01  1.510000e+00
   endloop
 endfacet
 facet normal  0.000000e+00  0.000000e+00  1.000000e+00
   outer loop
     vertex  1.408466e+02 -9.930819e+01  1.510000e+00
     vertex  1.406525e+02 -9.933375e+01  1.510000e+00
     vertex  1.398446e+02 -1.013937e+02  1.510000e+00
   endloop
 endfacet
 facet normal  0.000000e+00  0.000000e+00  1.000000e+00
   outer loop
     vertex  1.408466e+02 -9.930819e+01  1.510000e+00
     vertex  1.398446e+02 -1.013937e+02  1.510000e+00
     vertex  1.400444e+02 -1.018761e+02  1.510000e+00
   endloop
 endfacet
 facet normal  0.000000e+00  0.000000e+00  1.000000e+00
   outer loop
     vertex  1.410275e+02 -9.923327e+01  1.510000e+00
     vertex  1.408466e+02 -9.930819e+01  1.510000e+00
     vertex  1.400444e+02 -1.018761e+02  1.510000e+00
   endloop
 endfacet
 facet normal  0.000000e+00  0.000000e+00  1.000000e+00
   outer loop
     vertex  1.410275e+02 -9.923327e+01  1.510000e+00
     vertex  1.400444e+02 -1.018761e+02  1.510000e+00
     vertex  1.431925e+02 -1.041838e+02  1.510000e+00
   endloop
 endfacet
 facet normal  0.000000e+00  0.000000e+00  1.000000e+00
   outer loop
     vertex  1.400030e+02 -9.820875e+01  1.510000e+00
     vertex  1.388486e+02 -9.773875e+01  1.510000e+00
     vertex  1.399281e+02 -9.838964e+01  1.510000e+00
   endloop
 endfacet
 facet normal  0.000000e+00  0.000000e+00  1.000000e+00
   outer loop
     vertex  1.400030e+02 -9.820875e+01  1.510000e+00
     vertex  1.389335e+02 -9.753375e+01  1.510000e+00
     vertex  1.388486e+02 -9.773875e+01  1.510000e+00
   endloop
 endfacet
 facet normal  0.000000e+00  0.000000e+00  1.000000e+00
   outer loop
     vertex  1.401222e+02 -9.805342e+01  1.510000e+00
     vertex  1.389335e+02 -9.753375e+01  1.510000e+00
     vertex  1.400030e+02 -9.820875e+01  1.510000e+00
   endloop
 endfacet
 facet normal  0.000000e+00  0.000000e+00  1.000000e+00
   outer loop
     vertex  1.401222e+02 -9.805342e+01  1.510000e+00
     vertex  1.389625e+02 -9.731375e+01  1.510000e+00
     vertex  1.389335e+02 -9.753375e+01  1.510000e+00
   endloop
 endfacet
 facet normal  0.000000e+00  0.000000e+00  1.000000e+00
   outer loop
     vertex  1.411828e+02 -9.911408e+01  1.510000e+00
     vertex  1.410275e+02 -9.923327e+01  1.510000e+00
     vertex  1.431925e+02 -1.041838e+02  1.510000e+00
   endloop
 endfacet
 facet normal  0.000000e+00  0.000000e+00  1.000000e+00
   outer loop
     vertex  1.411828e+02 -9.911408e+01  1.510000e+00
     vertex  1.431925e+02 -1.041838e+02  1.510000e+00
     vertex  1.433866e+02 -1.042093e+02  1.510000e+00
   endloop
 endfacet
 facet normal  0.000000e+00  0.000000e+00  1.000000e+00
   outer loop
     vertex  1.402775e+02 -9.793423e+01  1.510000e+00
     vertex  1.389625e+02 -9.731375e+01  1.510000e+00
     vertex  1.401222e+02 -9.805342e+01  1.510000e+00
   endloop
 endfacet
 facet normal  0.000000e+00  0.000000e+00  1.000000e+00
   outer loop
     vertex  1.402775e+02 -9.793423e+01  1.510000e+00
     vertex  1.389335e+02 -9.709375e+01  1.510000e+00
     vertex  1.389625e+02 -9.731375e+01  1.510000e+00
   endloop
 endfacet
 facet normal  0.000000e+00  0.000000e+00  1.000000e+00
   outer loop
     vertex  1.413020e+02 -9.895875e+01  1.510000e+00
     vertex  1.433866e+02 -1.042093e+02  1.510000e+00
     vertex  1.435675e+02 -1.042842e+02  1.510000e+00
   endloop
 endfacet
 facet normal  0.000000e+00  0.000000e+00  1.000000e+00
   outer loop
     vertex  1.413020e+02 -9.895875e+01  1.510000e+00
     vertex  1.411828e+02 -9.911408e+01  1.510000e+00
     vertex  1.433866e+02 -1.042093e+02  1.510000e+00
   endloop
 endfacet
 facet normal  0.000000e+00  0.000000e+00  1.000000e+00
   outer loop
     vertex  1.413769e+02 -9.877786e+01  1.510000e+00
     vertex  1.413020e+02 -9.895875e+01  1.510000e+00
     vertex  1.435675e+02 -1.042842e+02  1.510000e+00
   endloop
 endfacet
 facet normal  0.000000e+00  0.000000e+00  1.000000e+00
   outer loop
     vertex  1.413769e+02 -9.877786e+01  1.510000e+00
     vertex  1.435675e+02 -1.042842e+02  1.510000e+00
     vertex  1.437228e+02 -1.044034e+02  1.510000e+00
   endloop
 endfacet
 facet normal  0.000000e+00  0.000000e+00  1.000000e+00
   outer loop
     vertex  1.404584e+02 -9.785931e+01  1.510000e+00
     vertex  1.388486e+02 -9.688875e+01  1.510000e+00
     vertex  1.389335e+02 -9.709375e+01  1.510000e+00
   endloop
 endfacet
 facet normal  0.000000e+00  0.000000e+00  1.000000e+00
   outer loop
     vertex  1.404584e+02 -9.785931e+01  1.510000e+00
     vertex  1.389335e+02 -9.709375e+01  1.510000e+00
     vertex  1.402775e+02 -9.793423e+01  1.510000e+00
   endloop
 endfacet
 facet normal  0.000000e+00  0.000000e+00  1.000000e+00
   outer loop
     vertex  1.406525e+02 -9.783375e+01  1.510000e+00
     vertex  1.388486e+02 -9.688875e+01  1.510000e+00
     vertex  1.404584e+02 -9.785931e+01  1.510000e+00
   endloop
 endfacet
 facet normal  0.000000e+00  0.000000e+00  1.000000e+00
   outer loop
     vertex  1.406525e+02 -9.783375e+01  1.510000e+00
     vertex  1.387135e+02 -9.671271e+01  1.510000e+00
     vertex  1.388486e+02 -9.688875e+01  1.510000e+00
   endloop
 endfacet
 facet normal  0.000000e+00  0.000000e+00  1.000000e+00
   outer loop
     vertex  1.414025e+02 -9.858375e+01  1.510000e+00
     vertex  1.413769e+02 -9.877786e+01  1.510000e+00
     vertex  1.437228e+02 -1.044034e+02  1.510000e+00
   endloop
 endfacet
 facet normal  0.000000e+00  0.000000e+00  1.000000e+00
   outer loop
     vertex  1.408466e+02 -9.785931e+01  1.510000e+00
     vertex  1.387135e+02 -9.671271e+01  1.510000e+00
     vertex  1.406525e+02 -9.783375e+01  1.510000e+00
   endloop
 endfacet
 facet normal  0.000000e+00  0.000000e+00  1.000000e+00
   outer loop
     vertex  1.565615e+02 -1.080748e+02  1.510000e+00
     vertex  1.433866e+02 -1.056582e+02  1.510000e+00
     vertex  1.387135e+02 -1.080748e+02  1.510000e+00
   endloop
 endfacet
 facet normal  0.000000e+00  0.000000e+00  1.000000e+00
   outer loop
     vertex  1.565615e+02 -1.080748e+02  1.510000e+00
     vertex  1.387135e+02 -1.080748e+02  1.510000e+00
     vertex  1.385375e+02 -1.082099e+02  1.510000e+00
   endloop
 endfacet
 facet normal  0.000000e+00  0.000000e+00  1.000000e+00
   outer loop
     vertex  1.565615e+02 -1.080748e+02  1.510000e+00
     vertex  1.435675e+02 -1.055833e+02  1.510000e+00
     vertex  1.433866e+02 -1.056582e+02  1.510000e+00
   endloop
 endfacet
 facet normal  0.000000e+00  0.000000e+00  1.000000e+00
   outer loop
     vertex  1.373764e+02 -8.884875e+01  1.510000e+00
     vertex  1.375115e+02 -9.671271e+01  1.510000e+00
     vertex  1.375115e+02 -8.902479e+01  1.510000e+00
   endloop
 endfacet
 facet normal  0.000000e+00  0.000000e+00  1.000000e+00
   outer loop
     vertex  1.373764e+02 -8.884875e+01  1.510000e+00
     vertex  1.372915e+02 -9.709375e+01  1.510000e+00
     vertex  1.373764e+02 -9.688875e+01  1.510000e+00
   endloop
 endfacet
 facet normal  0.000000e+00  0.000000e+00  1.000000e+00
   outer loop
     vertex  1.373764e+02 -8.884875e+01  1.510000e+00
     vertex  1.373764e+02 -9.688875e+01  1.510000e+00
     vertex  1.375115e+02 -9.671271e+01  1.510000e+00
   endloop
 endfacet
 facet normal  0.000000e+00  0.000000e+00  1.000000e+00
   outer loop
     vertex  1.376875e+02 -8.915987e+01  1.510000e+00
     vertex  1.375115e+02 -8.902479e+01  1.510000e+00
     vertex  1.375115e+02 -9.671271e+01  1.510000e+00
   endloop
 endfacet
 facet normal  0.000000e+00  0.000000e+00  1.000000e+00
   outer loop
     vertex  1.376875e+02 -8.915987e+01  1.510000e+00
     vertex  1.375115e+02 -9.671271e+01  1.510000e+00
     vertex  1.376875e+02 -9.657763e+01  1.510000e+00
   endloop
 endfacet
 facet normal  0.000000e+00  0.000000e+00  1.000000e+00
   outer loop
     vertex  1.376875e+02 -8.915987e+01  1.510000e+00
     vertex  1.376875e+02 -9.657763e+01  1.510000e+00
     vertex  1.378925e+02 -9.649271e+01  1.510000e+00
   endloop
 endfacet
 facet normal  0.000000e+00  0.000000e+00  1.000000e+00
   outer loop
     vertex  1.567375e+02 -1.082099e+02  1.510000e+00
     vertex  1.565615e+02 -1.080748e+02  1.510000e+00
     vertex  1.385375e+02 -1.082099e+02  1.510000e+00
   endloop
 endfacet
 facet normal  0.000000e+00  0.000000e+00  1.000000e+00
   outer loop
     vertex  1.567375e+02 -1.082099e+02  1.510000e+00
     vertex  1.385375e+02 -1.082099e+02  1.510000e+00
     vertex  1.383325e+02 -1.082948e+02  1.510000e+00
   endloop
 endfacet
 facet normal  0.000000e+00  0.000000e+00  1.000000e+00
   outer loop
     vertex  1.564264e+02 -1.078988e+02  1.510000e+00
     vertex  1.435675e+02 -1.055833e+02  1.510000e+00
     vertex  1.565615e+02 -1.080748e+02  1.510000e+00
   endloop
 endfacet
 facet normal  0.000000e+00  0.000000e+00  1.000000e+00
   outer loop
     vertex  1.564264e+02 -1.078988e+02  1.510000e+00
     vertex  1.437228e+02 -1.054641e+02  1.510000e+00
     vertex  1.435675e+02 -1.055833e+02  1.510000e+00
   endloop
 endfacet
 facet normal  0.000000e+00  0.000000e+00  1.000000e+00
   outer loop
     vertex  1.378925e+02 -8.924479e+01  1.510000e+00
     vertex  1.376875e+02 -8.915987e+01  1.510000e+00
     vertex  1.378925e+02 -9.649271e+01  1.510000e+00
   endloop
 endfacet
 facet normal  0.000000e+00  0.000000e+00  1.000000e+00
   outer loop
     vertex  1.372915e+02 -8.864375e+01  1.510000e+00
     vertex  1.372915e+02 -9.709375e+01  1.510000e+00
     vertex  1.373764e+02 -8.884875e+01  1.510000e+00
   endloop
 endfacet
 facet normal  0.000000e+00  0.000000e+00  1.000000e+00
   outer loop
     vertex  1.569425e+02 -1.082948e+02  1.510000e+00
     vertex  1.383325e+02 -1.082948e+02  1.510000e+00
     vertex  1.250000e+02 -1.185000e+02  1.510000e+00
   endloop
 endfacet
 facet normal  0.000000e+00  0.000000e+00  1.000000e+00
   outer loop
     vertex  1.569425e+02 -1.082948e+02  1.510000e+00
     vertex  1.567375e+02 -1.082099e+02  1.510000e+00
     vertex  1.383325e+02 -1.082948e+02  1.510000e+00
   endloop
 endfacet
 facet normal  0.000000e+00  0.000000e+00  1.000000e+00
   outer loop
     vertex  1.563415e+02 -1.076937e+02  1.510000e+00
     vertex  1.438420e+02 -1.053088e+02  1.510000e+00
     vertex  1.437228e+02 -1.054641e+02  1.510000e+00
   endloop
 endfacet
 facet normal  0.000000e+00  0.000000e+00  1.000000e+00
   outer loop
     vertex  1.563415e+02 -1.076937e+02  1.510000e+00
     vertex  1.437228e+02 -1.054641e+02  1.510000e+00
     vertex  1.564264e+02 -1.078988e+02  1.510000e+00
   endloop
 endfacet
 facet normal  0.000000e+00  0.000000e+00  1.000000e+00
   outer loop
     vertex  1.381125e+02 -8.927375e+01  1.510000e+00
     vertex  1.378925e+02 -8.924479e+01  1.510000e+00
     vertex  1.378925e+02 -9.649271e+01  1.510000e+00
   endloop
 endfacet
 facet normal  0.000000e+00  0.000000e+00  1.000000e+00
   outer loop
     vertex  1.381125e+02 -8.927375e+01  1.510000e+00
     vertex  1.378925e+02 -9.649271e+01  1.510000e+00
     vertex  1.381125e+02 -9.646375e+01  1.510000e+00
   endloop
 endfacet
 facet normal  0.000000e+00  0.000000e+00  1.000000e+00
   outer loop
     vertex  1.571625e+02 -1.083238e+02  1.510000e+00
     vertex  1.569425e+02 -1.082948e+02  1.510000e+00
     vertex  1.250000e+02 -1.185000e+02  1.510000e+00
   endloop
 endfacet
 facet normal  0.000000e+00  0.000000e+00  1.000000e+00
   outer loop
     vertex  1.563125e+02 -1.074738e+02  1.510000e+00
     vertex  1.438420e+02 -1.053088e+02  1.510000e+00
     vertex  1.563415e+02 -1.076937e+02  1.510000e+00
   endloop
 endfacet
 facet normal  0.000000e+00  0.000000e+00  1.000000e+00
   outer loop
     vertex  1.563125e+02 -1.074738e+02  1.510000e+00
     vertex  1.439169e+02 -1.051279e+02  1.510000e+00
     vertex  1.438420e+02 -1.053088e+02  1.510000e+00
   endloop
 endfacet
 facet normal  0.000000e+00  0.000000e+00  1.000000e+00
   outer loop
     vertex  1.383325e+02 -8.924479e+01  1.510000e+00
     vertex  1.381125e+02 -9.646375e+01  1.510000e+00
     vertex  1.383325e+02 -9.649271e+01  1.510000e+00
   endloop
 endfacet
 facet normal  0.000000e+00  0.000000e+00  1.000000e+00
   outer loop
     vertex  1.383325e+02 -8.924479e+01  1.510000e+00
     vertex  1.383325e+02 -9.649271e+01  1.510000e+00
     vertex  1.385375e+02 -9.657763e+01  1.510000e+00
   endloop
 endfacet
 facet normal  0.000000e+00  0.000000e+00  1.000000e+00
   outer loop
     vertex  1.383325e+02 -8.924479e+01  1.510000e+00
     vertex  1.381125e+02 -8.927375e+01  1.510000e+00
     vertex  1.381125e+02 -9.646375e+01  1.510000e+00
   endloop
 endfacet
 facet normal  0.000000e+00  0.000000e+00  1.000000e+00
   outer loop
     vertex  1.385375e+02 -8.915987e+01  1.510000e+00
     vertex  1.383325e+02 -8.924479e+01  1.510000e+00
     vertex  1.385375e+02 -9.657763e+01  1.510000e+00
   endloop
 endfacet
 facet normal  0.000000e+00  0.000000e+00  1.000000e+00
   outer loop
     vertex  1.387135e+02 -8.902479e+01  1.510000e+00
     vertex  1.385375e+02 -9.657763e+01  1.510000e+00
     vertex  1.387135e+02 -9.671271e+01  1.510000e+00
   endloop
 endfacet
 facet normal  0.000000e+00  0.000000e+00  1.000000e+00
   outer loop
     vertex  1.387135e+02 -8.902479e+01  1.510000e+00
     vertex  1.387135e+02 -9.671271e+01  1.510000e+00
     vertex  1.408466e+02 -9.785931e+01  1.510000e+00
   endloop
 endfacet
 facet normal  0.000000e+00  0.000000e+00  1.000000e+00
   outer loop
     vertex  1.387135e+02 -8.902479e+01  1.510000e+00
     vertex  1.408466e+02 -9.785931e+01  1.510000e+00
     vertex  1.410275e+02 -9.793423e+01  1.510000e+00
   endloop
 endfacet
 facet normal  0.000000e+00  0.000000e+00  1.000000e+00
   outer loop
     vertex  1.387135e+02 -8.902479e+01  1.510000e+00
     vertex  1.385375e+02 -8.915987e+01  1.510000e+00
     vertex  1.385375e+02 -9.657763e+01  1.510000e+00
   endloop
 endfacet
 facet normal  0.000000e+00  0.000000e+00  1.000000e+00
   outer loop
     vertex  1.366983e+02 -8.475796e+01  1.510000e+00
     vertex  1.372915e+02 -8.820375e+01  1.510000e+00
     vertex  1.373764e+02 -8.799875e+01  1.510000e+00
   endloop
 endfacet
 facet normal  0.000000e+00  0.000000e+00  1.000000e+00
   outer loop
     vertex  1.557483e+02 -1.038080e+02  1.510000e+00
     vertex  1.563415e+02 -1.072538e+02  1.510000e+00
     vertex  1.564264e+02 -1.070488e+02  1.510000e+00
   endloop
 endfacet
 facet normal  0.000000e+00  0.000000e+00  1.000000e+00
   outer loop
     vertex  1.371125e+02 -8.507580e+01  1.510000e+00
     vertex  1.373764e+02 -8.799875e+01  1.510000e+00
     vertex  1.375115e+02 -8.782271e+01  1.510000e+00
   endloop
 endfacet
 facet normal  0.000000e+00  0.000000e+00  1.000000e+00
   outer loop
     vertex  1.371125e+02 -8.507580e+01  1.510000e+00
     vertex  1.375115e+02 -8.782271e+01  1.510000e+00
     vertex  1.376875e+02 -8.768763e+01  1.510000e+00
   endloop
 endfacet
 facet normal  0.000000e+00  0.000000e+00  1.000000e+00
   outer loop
     vertex  1.371125e+02 -8.507580e+01  1.510000e+00
     vertex  1.366983e+02 -8.475796e+01  1.510000e+00
     vertex  1.373764e+02 -8.799875e+01  1.510000e+00
   endloop
 endfacet
 facet normal  0.000000e+00  0.000000e+00  1.000000e+00
   outer loop
     vertex  1.363804e+02 -8.434375e+01  1.510000e+00
     vertex  1.372625e+02 -8.842375e+01  1.510000e+00
     vertex  1.372915e+02 -8.820375e+01  1.510000e+00
   endloop
 endfacet
 facet normal  0.000000e+00  0.000000e+00  1.000000e+00
   outer loop
     vertex  1.363804e+02 -8.434375e+01  1.510000e+00
     vertex  1.372915e+02 -8.820375e+01  1.510000e+00
     vertex  1.366983e+02 -8.475796e+01  1.510000e+00
   endloop
 endfacet
 facet normal  0.000000e+00  0.000000e+00  1.000000e+00
   outer loop
     vertex  1.561625e+02 -1.041258e+02  1.510000e+00
     vertex  1.557483e+02 -1.038080e+02  1.510000e+00
     vertex  1.564264e+02 -1.070488e+02  1.510000e+00
   endloop
 endfacet
 facet normal  0.000000e+00  0.000000e+00  1.000000e+00
   outer loop
     vertex  1.561625e+02 -1.041258e+02  1.510000e+00
     vertex  1.564264e+02 -1.070488e+02  1.510000e+00
     vertex  1.565615e+02 -1.068727e+02  1.510000e+00
   endloop
 endfacet
 facet normal  0.000000e+00  0.000000e+00  1.000000e+00
   outer loop
     vertex  1.561625e+02 -1.041258e+02  1.510000e+00
     vertex  1.565615e+02 -1.068727e+02  1.510000e+00
     vertex  1.567375e+02 -1.067376e+02  1.510000e+00
   endloop
 endfacet
 facet normal  0.000000e+00  0.000000e+00  1.000000e+00
   outer loop
     vertex  1.554304e+02 -1.033937e+02  1.510000e+00
     vertex  1.439425e+02 -1.049338e+02  1.510000e+00
     vertex  1.439169e+02 -1.051279e+02  1.510000e+00
   endloop
 endfacet
 facet normal  0.000000e+00  0.000000e+00  1.000000e+00
   outer loop
     vertex  1.554304e+02 -1.033937e+02  1.510000e+00
     vertex  1.439169e+02 -1.051279e+02  1.510000e+00
     vertex  1.563125e+02 -1.074738e+02  1.510000e+00
   endloop
 endfacet
 facet normal  0.000000e+00  0.000000e+00  1.000000e+00
   outer loop
     vertex  1.554304e+02 -1.033937e+02  1.510000e+00
     vertex  1.563415e+02 -1.072538e+02  1.510000e+00
     vertex  1.557483e+02 -1.038080e+02  1.510000e+00
   endloop
 endfacet
 facet normal  0.000000e+00  0.000000e+00  1.000000e+00
   outer loop
     vertex  1.554304e+02 -1.033937e+02  1.510000e+00
     vertex  1.563125e+02 -1.074738e+02  1.510000e+00
     vertex  1.563415e+02 -1.072538e+02  1.510000e+00
   endloop
 endfacet
 facet normal  0.000000e+00  0.000000e+00  1.000000e+00
   outer loop
     vertex  1.375949e+02 -8.527560e+01  1.510000e+00
     vertex  1.376875e+02 -8.768763e+01  1.510000e+00
     vertex  1.378925e+02 -8.760271e+01  1.510000e+00
   endloop
 endfacet
 facet normal  0.000000e+00  0.000000e+00  1.000000e+00
   outer loop
     vertex  1.375949e+02 -8.527560e+01  1.510000e+00
     vertex  1.371125e+02 -8.507580e+01  1.510000e+00
     vertex  1.376875e+02 -8.768763e+01  1.510000e+00
   endloop
 endfacet
 facet normal  0.000000e+00  0.000000e+00  1.000000e+00
   outer loop
     vertex  1.361806e+02 -8.386139e+01  1.510000e+00
     vertex  1.372915e+02 -8.864375e+01  1.510000e+00
     vertex  1.372625e+02 -8.842375e+01  1.510000e+00
   endloop
 endfacet
 facet normal  0.000000e+00  0.000000e+00  1.000000e+00
   outer loop
     vertex  1.361806e+02 -8.386139e+01  1.510000e+00
     vertex  1.372625e+02 -8.842375e+01  1.510000e+00
     vertex  1.363804e+02 -8.434375e+01  1.510000e+00
   endloop
 endfacet
 facet normal  0.000000e+00  0.000000e+00  1.000000e+00
   outer loop
     vertex  1.566449e+02 -1.043256e+02  1.510000e+00
     vertex  1.561625e+02 -1.041258e+02  1.510000e+00
     vertex  1.567375e+02 -1.067376e+02  1.510000e+00
   endloop
 endfacet
 facet normal  0.000000e+00  0.000000e+00  1.000000e+00
   outer loop
     vertex  1.566449e+02 -1.043256e+02  1.510000e+00
     vertex  1.567375e+02 -1.067376e+02  1.510000e+00
     vertex  1.569425e+02 -1.066527e+02  1.510000e+00
   endloop
 endfacet
 facet normal  0.000000e+00  0.000000e+00  1.000000e+00
   outer loop
     vertex  1.552306e+02 -1.029114e+02  1.510000e+00
     vertex  1.439425e+02 -1.049338e+02  1.510000e+00
     vertex  1.554304e+02 -1.033937e+02  1.510000e+00
   endloop
 endfacet
 facet normal  0.000000e+00  0.000000e+00  1.000000e+00
   outer loop
     vertex  1.552306e+02 -1.029114e+02  1.510000e+00
     vertex  1.439169e+02 -1.047396e+02  1.510000e+00
     vertex  1.439425e+02 -1.049338e+02  1.510000e+00
   endloop
 endfacet
 facet normal  0.000000e+00  0.000000e+00  1.000000e+00
   outer loop
     vertex  1.381125e+02 -8.534375e+01  1.510000e+00
     vertex  1.378925e+02 -8.760271e+01  1.510000e+00
     vertex  1.381125e+02 -8.757375e+01  1.510000e+00
   endloop
 endfacet
 facet normal  0.000000e+00  0.000000e+00  1.000000e+00
   outer loop
     vertex  1.381125e+02 -8.534375e+01  1.510000e+00
     vertex  1.381125e+02 -8.757375e+01  1.510000e+00
     vertex  1.383325e+02 -8.760271e+01  1.510000e+00
   endloop
 endfacet
 facet normal  0.000000e+00  0.000000e+00  1.000000e+00
   outer loop
     vertex  1.381125e+02 -8.534375e+01  1.510000e+00
     vertex  1.375949e+02 -8.527560e+01  1.510000e+00
     vertex  1.378925e+02 -8.760271e+01  1.510000e+00
   endloop
 endfacet
 facet normal  0.000000e+00  0.000000e+00  1.000000e+00
   outer loop
     vertex  1.551625e+02 -1.023937e+02  1.510000e+00
     vertex  1.439169e+02 -1.047396e+02  1.510000e+00
     vertex  1.552306e+02 -1.029114e+02  1.510000e+00
   endloop
 endfacet
 facet normal  0.000000e+00  0.000000e+00  1.000000e+00
   outer loop
     vertex  1.551625e+02 -1.023937e+02  1.510000e+00
     vertex  1.438420e+02 -1.045588e+02  1.510000e+00
     vertex  1.439169e+02 -1.047396e+02  1.510000e+00
   endloop
 endfacet
 facet normal  0.000000e+00  0.000000e+00  1.000000e+00
   outer loop
     vertex  1.571625e+02 -1.043937e+02  1.510000e+00
     vertex  1.566449e+02 -1.043256e+02  1.510000e+00
     vertex  1.569425e+02 -1.066527e+02  1.510000e+00
   endloop
 endfacet
 facet normal  0.000000e+00  0.000000e+00  1.000000e+00
   outer loop
     vertex  1.571625e+02 -1.043937e+02  1.510000e+00
     vertex  1.569425e+02 -1.066527e+02  1.510000e+00
     vertex  1.571625e+02 -1.066238e+02  1.510000e+00
   endloop
 endfacet
 facet normal  0.000000e+00  0.000000e+00  1.000000e+00
   outer loop
     vertex  1.571625e+02 -1.043937e+02  1.510000e+00
     vertex  1.571625e+02 -1.066238e+02  1.510000e+00
     vertex  1.573825e+02 -1.066527e+02  1.510000e+00
   endloop
 endfacet
 facet normal  0.000000e+00  0.000000e+00  1.000000e+00
   outer loop
     vertex  1.386301e+02 -8.527560e+01  1.510000e+00
     vertex  1.383325e+02 -8.760271e+01  1.510000e+00
     vertex  1.385375e+02 -8.768763e+01  1.510000e+00
   endloop
 endfacet
 facet normal  0.000000e+00  0.000000e+00  1.000000e+00
   outer loop
     vertex  1.386301e+02 -8.527560e+01  1.510000e+00
     vertex  1.381125e+02 -8.534375e+01  1.510000e+00
     vertex  1.383325e+02 -8.760271e+01  1.510000e+00
   endloop
 endfacet
 facet normal  0.000000e+00  0.000000e+00  1.000000e+00
   outer loop
     vertex  1.552306e+02 -1.018761e+02  1.510000e+00
     vertex  1.414025e+02 -9.858375e+01  1.510000e+00
     vertex  1.437228e+02 -1.044034e+02  1.510000e+00
   endloop
 endfacet
 facet normal  0.000000e+00  0.000000e+00  1.000000e+00
   outer loop
     vertex  1.552306e+02 -1.018761e+02  1.510000e+00
     vertex  1.437228e+02 -1.044034e+02  1.510000e+00
     vertex  1.438420e+02 -1.045588e+02  1.510000e+00
   endloop
 endfacet
 facet normal  0.000000e+00  0.000000e+00  1.000000e+00
   outer loop
     vertex  1.552306e+02 -1.018761e+02  1.510000e+00
     vertex  1.438420e+02 -1.045588e+02  1.510000e+00
     vertex  1.551625e+02 -1.023937e+02  1.510000e+00
   endloop
 endfacet
 facet normal  0.000000e+00  0.000000e+00  1.000000e+00
   outer loop
     vertex  1.576801e+02 -1.043256e+02  1.510000e+00
     vertex  1.571625e+02 -1.043937e+02  1.510000e+00
     vertex  1.573825e+02 -1.066527e+02  1.510000e+00
   endloop
 endfacet
 facet normal  0.000000e+00  0.000000e+00  1.000000e+00
   outer loop
     vertex  1.576801e+02 -1.043256e+02  1.510000e+00
     vertex  1.573825e+02 -1.066527e+02  1.510000e+00
     vertex  1.575875e+02 -1.067376e+02  1.510000e+00
   endloop
 endfacet
 facet normal  0.000000e+00  0.000000e+00  1.000000e+00
   outer loop
     vertex  1.391125e+02 -8.507580e+01  1.510000e+00
     vertex  1.385375e+02 -8.768763e+01  1.510000e+00
     vertex  1.387135e+02 -8.782271e+01  1.510000e+00
   endloop
 endfacet
 facet normal  0.000000e+00  0.000000e+00  1.000000e+00
   outer loop
     vertex  1.391125e+02 -8.507580e+01  1.510000e+00
     vertex  1.387135e+02 -8.782271e+01  1.510000e+00
     vertex  1.388486e+02 -8.799875e+01  1.510000e+00
   endloop
 endfacet
 facet normal  0.000000e+00  0.000000e+00  1.000000e+00
   outer loop
     vertex  1.391125e+02 -8.507580e+01  1.510000e+00
     vertex  1.386301e+02 -8.527560e+01  1.510000e+00
     vertex  1.385375e+02 -8.768763e+01  1.510000e+00
   endloop
 endfacet
 facet normal  0.000000e+00  0.000000e+00  1.000000e+00
   outer loop
     vertex  1.581625e+02 -1.041258e+02  1.510000e+00
     vertex  1.576801e+02 -1.043256e+02  1.510000e+00
     vertex  1.575875e+02 -1.067376e+02  1.510000e+00
   endloop
 endfacet
 facet normal  0.000000e+00  0.000000e+00  1.000000e+00
   outer loop
     vertex  1.581625e+02 -1.041258e+02  1.510000e+00
     vertex  1.575875e+02 -1.067376e+02  1.510000e+00
     vertex  1.577635e+02 -1.068727e+02  1.510000e+00
   endloop
 endfacet
 facet normal  0.000000e+00  0.000000e+00  1.000000e+00
   outer loop
     vertex  1.581625e+02 -1.041258e+02  1.510000e+00
     vertex  1.577635e+02 -1.068727e+02  1.510000e+00
     vertex  1.578986e+02 -1.070488e+02  1.510000e+00
   endloop
 endfacet
 facet normal  0.000000e+00  0.000000e+00  1.000000e+00
   outer loop
     vertex  1.554304e+02 -1.013937e+02  1.510000e+00
     vertex  1.414025e+02 -9.858375e+01  1.510000e+00
     vertex  1.552306e+02 -1.018761e+02  1.510000e+00
   endloop
 endfacet
 facet normal  0.000000e+00  0.000000e+00  1.000000e+00
   outer loop
     vertex  1.250000e+02 -7.000000e+01  1.510000e+00
     vertex  1.250000e+02 -1.185000e+02  1.510000e+00
     vertex  1.361806e+02 -1.018761e+02  1.510000e+00
   endloop
 endfacet
 facet normal  0.000000e+00  0.000000e+00  1.000000e+00
   outer loop
     vertex  1.250000e+02 -7.000000e+01  1.510000e+00
     vertex  1.372915e+02 -8.864375e+01  1.510000e+00
     vertex  1.361806e+02 -8.386139e+01  1.510000e+00
   endloop
 endfacet
 facet normal  0.000000e+00  0.000000e+00  1.000000e+00
   outer loop
     vertex  1.250000e+02 -7.000000e+01  1.510000e+00
     vertex  1.361806e+02 -1.018761e+02  1.510000e+00
     vertex  1.372915e+02 -9.709375e+01  1.510000e+00
   endloop
 endfacet
 facet normal  0.000000e+00  0.000000e+00  1.000000e+00
   outer loop
     vertex  1.250000e+02 -7.000000e+01  1.510000e+00
     vertex  1.361806e+02 -8.386139e+01  1.510000e+00
     vertex  1.361125e+02 -8.334375e+01  1.510000e+00
   endloop
 endfacet
 facet normal  0.000000e+00  0.000000e+00  1.000000e+00
   outer loop
     vertex  1.250000e+02 -7.000000e+01  1.510000e+00
     vertex  1.361125e+02 -8.334375e+01  1.510000e+00
     vertex  1.361806e+02 -8.282611e+01  1.510000e+00
   endloop
 endfacet
 facet normal  0.000000e+00  0.000000e+00  1.000000e+00
   outer loop
     vertex  1.250000e+02 -7.000000e+01  1.510000e+00
     vertex  1.372915e+02 -9.709375e+01  1.510000e+00
     vertex  1.372915e+02 -8.864375e+01  1.510000e+00
   endloop
 endfacet
 facet normal  0.000000e+00  0.000000e+00  1.000000e+00
   outer loop
     vertex  1.250000e+02 -7.000000e+01  1.510000e+00
     vertex  1.361806e+02 -8.282611e+01  1.510000e+00
     vertex  1.363804e+02 -8.234375e+01  1.510000e+00
   endloop
 endfacet
 facet normal  0.000000e+00  0.000000e+00  1.000000e+00
   outer loop
     vertex  1.426622e+02 -8.641408e+01  1.510000e+00
     vertex  1.389335e+02 -8.820375e+01  1.510000e+00
     vertex  1.389625e+02 -8.842375e+01  1.510000e+00
   endloop
 endfacet
 facet normal  0.000000e+00  0.000000e+00  1.000000e+00
   outer loop
     vertex  1.617122e+02 -1.054641e+02  1.510000e+00
     vertex  1.579835e+02 -1.072538e+02  1.510000e+00
     vertex  1.580125e+02 -1.074738e+02  1.510000e+00
   endloop
 endfacet
 facet normal  0.000000e+00  0.000000e+00  1.000000e+00
   outer loop
     vertex  1.425430e+02 -8.625875e+01  1.510000e+00
     vertex  1.389335e+02 -8.820375e+01  1.510000e+00
     vertex  1.426622e+02 -8.641408e+01  1.510000e+00
   endloop
 endfacet
 facet normal  0.000000e+00  0.000000e+00  1.000000e+00
   outer loop
     vertex  1.425430e+02 -8.625875e+01  1.510000e+00
     vertex  1.388486e+02 -8.799875e+01  1.510000e+00
     vertex  1.389335e+02 -8.820375e+01  1.510000e+00
   endloop
 endfacet
 facet normal  0.000000e+00  0.000000e+00  1.000000e+00
   outer loop
     vertex  1.428175e+02 -8.653327e+01  1.510000e+00
     vertex  1.389625e+02 -8.842375e+01  1.510000e+00
     vertex  1.389335e+02 -8.864375e+01  1.510000e+00
   endloop
 endfacet
 facet normal  0.000000e+00  0.000000e+00  1.000000e+00
   outer loop
     vertex  1.428175e+02 -8.653327e+01  1.510000e+00
     vertex  1.426622e+02 -8.641408e+01  1.510000e+00
     vertex  1.389625e+02 -8.842375e+01  1.510000e+00
   endloop
 endfacet
 facet normal  0.000000e+00  0.000000e+00  1.000000e+00
   outer loop
     vertex  1.615930e+02 -1.053088e+02  1.510000e+00
     vertex  1.579835e+02 -1.072538e+02  1.510000e+00
     vertex  1.617122e+02 -1.054641e+02  1.510000e+00
   endloop
 endfacet
 facet normal  0.000000e+00  0.000000e+00  1.000000e+00
   outer loop
     vertex  1.615930e+02 -1.053088e+02  1.510000e+00
     vertex  1.578986e+02 -1.070488e+02  1.510000e+00
     vertex  1.579835e+02 -1.072538e+02  1.510000e+00
   endloop
 endfacet
 facet normal  0.000000e+00  0.000000e+00  1.000000e+00
   outer loop
     vertex  1.618675e+02 -1.055833e+02  1.510000e+00
     vertex  1.617122e+02 -1.054641e+02  1.510000e+00
     vertex  1.580125e+02 -1.074738e+02  1.510000e+00
   endloop
 endfacet
 facet normal  0.000000e+00  0.000000e+00  1.000000e+00
   outer loop
     vertex  1.618675e+02 -1.055833e+02  1.510000e+00
     vertex  1.580125e+02 -1.074738e+02  1.510000e+00
     vertex  1.579835e+02 -1.076937e+02  1.510000e+00
   endloop
 endfacet
 facet normal  0.000000e+00  0.000000e+00  1.000000e+00
   outer loop
     vertex  1.429984e+02 -8.660819e+01  1.510000e+00
     vertex  1.428175e+02 -8.653327e+01  1.510000e+00
     vertex  1.389335e+02 -8.864375e+01  1.510000e+00
   endloop
 endfacet
 facet normal  0.000000e+00  0.000000e+00  1.000000e+00
   outer loop
     vertex  1.429984e+02 -8.660819e+01  1.510000e+00
     vertex  1.389335e+02 -8.864375e+01  1.510000e+00
     vertex  1.388486e+02 -8.884875e+01  1.510000e+00
   endloop
 endfacet
 facet normal  0.000000e+00  0.000000e+00  1.000000e+00
   outer loop
     vertex  1.424681e+02 -8.607786e+01  1.510000e+00
     vertex  1.395267e+02 -8.475796e+01  1.510000e+00
     vertex  1.391125e+02 -8.507580e+01  1.510000e+00
   endloop
 endfacet
 facet normal  0.000000e+00  0.000000e+00  1.000000e+00
   outer loop
     vertex  1.424681e+02 -8.607786e+01  1.510000e+00
     vertex  1.391125e+02 -8.507580e+01  1.510000e+00
     vertex  1.388486e+02 -8.799875e+01  1.510000e+00
   endloop
 endfacet
 facet normal  0.000000e+00  0.000000e+00  1.000000e+00
   outer loop
     vertex  1.424681e+02 -8.607786e+01  1.510000e+00
     vertex  1.388486e+02 -8.799875e+01  1.510000e+00
     vertex  1.425430e+02 -8.625875e+01  1.510000e+00
   endloop
 endfacet
 facet normal  0.000000e+00  0.000000e+00  1.000000e+00
   outer loop
     vertex  1.615181e+02 -1.051279e+02  1.510000e+00
     vertex  1.585767e+02 -1.038080e+02  1.510000e+00
     vertex  1.581625e+02 -1.041258e+02  1.510000e+00
   endloop
 endfacet
 facet normal  0.000000e+00  0.000000e+00  1.000000e+00
   outer loop
     vertex  1.615181e+02 -1.051279e+02  1.510000e+00
     vertex  1.578986e+02 -1.070488e+02  1.510000e+00
     vertex  1.615930e+02 -1.053088e+02  1.510000e+00
   endloop
 endfacet
 facet normal  0.000000e+00  0.000000e+00  1.000000e+00
   outer loop
     vertex  1.615181e+02 -1.051279e+02  1.510000e+00
     vertex  1.581625e+02 -1.041258e+02  1.510000e+00
     vertex  1.578986e+02 -1.070488e+02  1.510000e+00
   endloop
 endfacet
 facet normal  0.000000e+00  0.000000e+00  1.000000e+00
   outer loop
     vertex  1.620484e+02 -1.056582e+02  1.510000e+00
     vertex  1.618675e+02 -1.055833e+02  1.510000e+00
     vertex  1.579835e+02 -1.076937e+02  1.510000e+00
   endloop
 endfacet
 facet normal  0.000000e+00  0.000000e+00  1.000000e+00
   outer loop
     vertex  1.620484e+02 -1.056582e+02  1.510000e+00
     vertex  1.579835e+02 -1.076937e+02  1.510000e+00
     vertex  1.578986e+02 -1.078988e+02  1.510000e+00
   endloop
 endfacet
 facet normal  0.000000e+00  0.000000e+00  1.000000e+00
   outer loop
     vertex  1.424425e+02 -8.588375e+01  1.510000e+00
     vertex  1.395267e+02 -8.475796e+01  1.510000e+00
     vertex  1.424681e+02 -8.607786e+01  1.510000e+00
   endloop
 endfacet
 facet normal  0.000000e+00  0.000000e+00  1.000000e+00
   outer loop
     vertex  1.431925e+02 -8.663375e+01  1.510000e+00
     vertex  1.388486e+02 -8.884875e+01  1.510000e+00
     vertex  1.387135e+02 -8.902479e+01  1.510000e+00
   endloop
 endfacet
 facet normal  0.000000e+00  0.000000e+00  1.000000e+00
   outer loop
     vertex  1.431925e+02 -8.663375e+01  1.510000e+00
     vertex  1.387135e+02 -8.902479e+01  1.510000e+00
     vertex  1.410275e+02 -9.793423e+01  1.510000e+00
   endloop
 endfacet
 facet normal  0.000000e+00  0.000000e+00  1.000000e+00
   outer loop
     vertex  1.431925e+02 -8.663375e+01  1.510000e+00
     vertex  1.429984e+02 -8.660819e+01  1.510000e+00
     vertex  1.388486e+02 -8.884875e+01  1.510000e+00
   endloop
 endfacet
 facet normal  0.000000e+00  0.000000e+00  1.000000e+00
   outer loop
     vertex  1.622425e+02 -1.056838e+02  1.510000e+00
     vertex  1.620484e+02 -1.056582e+02  1.510000e+00
     vertex  1.578986e+02 -1.078988e+02  1.510000e+00
   endloop
 endfacet
 facet normal  0.000000e+00  0.000000e+00  1.000000e+00
   outer loop
     vertex  1.622425e+02 -1.056838e+02  1.510000e+00
     vertex  1.578986e+02 -1.078988e+02  1.510000e+00
     vertex  1.577635e+02 -1.080748e+02  1.510000e+00
   endloop
 endfacet
 facet normal  0.000000e+00  0.000000e+00  1.000000e+00
   outer loop
     vertex  1.614925e+02 -1.049338e+02  1.510000e+00
     vertex  1.585767e+02 -1.038080e+02  1.510000e+00
     vertex  1.615181e+02 -1.051279e+02  1.510000e+00
   endloop
 endfacet
 facet normal  0.000000e+00  0.000000e+00  1.000000e+00
   outer loop
     vertex  1.433866e+02 -8.660819e+01  1.510000e+00
     vertex  1.410275e+02 -9.793423e+01  1.510000e+00
     vertex  1.411828e+02 -9.805342e+01  1.510000e+00
   endloop
 endfacet
 facet normal  0.000000e+00  0.000000e+00  1.000000e+00
   outer loop
     vertex  1.433866e+02 -8.660819e+01  1.510000e+00
     vertex  1.431925e+02 -8.663375e+01  1.510000e+00
     vertex  1.410275e+02 -9.793423e+01  1.510000e+00
   endloop
 endfacet
 facet normal  0.000000e+00  0.000000e+00  1.000000e+00
   outer loop
     vertex  1.424681e+02 -8.568964e+01  1.510000e+00
     vertex  1.395267e+02 -8.475796e+01  1.510000e+00
     vertex  1.424425e+02 -8.588375e+01  1.510000e+00
   endloop
 endfacet
 facet normal  0.000000e+00  0.000000e+00  1.000000e+00
   outer loop
     vertex  1.424681e+02 -8.568964e+01  1.510000e+00
     vertex  1.398446e+02 -8.434375e+01  1.510000e+00
     vertex  1.395267e+02 -8.475796e+01  1.510000e+00
   endloop
 endfacet
 facet normal  0.000000e+00  0.000000e+00  1.000000e+00
   outer loop
     vertex  1.624366e+02 -1.056582e+02  1.510000e+00
     vertex  1.622425e+02 -1.056838e+02  1.510000e+00
     vertex  1.577635e+02 -1.080748e+02  1.510000e+00
   endloop
 endfacet
 facet normal  0.000000e+00  0.000000e+00  1.000000e+00
   outer loop
     vertex  1.624366e+02 -1.056582e+02  1.510000e+00
     vertex  1.577635e+02 -1.080748e+02  1.510000e+00
     vertex  1.575875e+02 -1.082099e+02  1.510000e+00
   endloop
 endfacet
 facet normal  0.000000e+00  0.000000e+00  1.000000e+00
   outer loop
     vertex  1.615181e+02 -1.047396e+02  1.510000e+00
     vertex  1.588946e+02 -1.033937e+02  1.510000e+00
     vertex  1.585767e+02 -1.038080e+02  1.510000e+00
   endloop
 endfacet
 facet normal  0.000000e+00  0.000000e+00  1.000000e+00
   outer loop
     vertex  1.615181e+02 -1.047396e+02  1.510000e+00
     vertex  1.585767e+02 -1.038080e+02  1.510000e+00
     vertex  1.614925e+02 -1.049338e+02  1.510000e+00
   endloop
 endfacet
 facet normal  0.000000e+00  0.000000e+00  1.000000e+00
   outer loop
     vertex  1.425430e+02 -8.550875e+01  1.510000e+00
     vertex  1.398446e+02 -8.434375e+01  1.510000e+00
     vertex  1.424681e+02 -8.568964e+01  1.510000e+00
   endloop
 endfacet
 facet normal  0.000000e+00  0.000000e+00  1.000000e+00
   outer loop
     vertex  1.425430e+02 -8.550875e+01  1.510000e+00
     vertex  1.400444e+02 -8.386139e+01  1.510000e+00
     vertex  1.398446e+02 -8.434375e+01  1.510000e+00
   endloop
 endfacet
 facet normal  0.000000e+00  0.000000e+00  1.000000e+00
   outer loop
     vertex  1.435675e+02 -8.653327e+01  1.510000e+00
     vertex  1.433866e+02 -8.660819e+01  1.510000e+00
     vertex  1.411828e+02 -9.805342e+01  1.510000e+00
   endloop
 endfacet
 facet normal  0.000000e+00  0.000000e+00  1.000000e+00
   outer loop
     vertex  1.435675e+02 -8.653327e+01  1.510000e+00
     vertex  1.411828e+02 -9.805342e+01  1.510000e+00
     vertex  1.413020e+02 -9.820875e+01  1.510000e+00
   endloop
 endfacet
 facet normal  0.000000e+00  0.000000e+00  1.000000e+00
   outer loop
     vertex  1.615930e+02 -1.045588e+02  1.510000e+00
     vertex  1.590944e+02 -1.029114e+02  1.510000e+00
     vertex  1.588946e+02 -1.033937e+02  1.510000e+00
   endloop
 endfacet
 facet normal  0.000000e+00  0.000000e+00  1.000000e+00
   outer loop
     vertex  1.615930e+02 -1.045588e+02  1.510000e+00
     vertex  1.588946e+02 -1.033937e+02  1.510000e+00
     vertex  1.615181e+02 -1.047396e+02  1.510000e+00
   endloop
 endfacet
 facet normal  0.000000e+00  0.000000e+00  1.000000e+00
   outer loop
     vertex  1.426622e+02 -8.535342e+01  1.510000e+00
     vertex  1.400444e+02 -8.386139e+01  1.510000e+00
     vertex  1.425430e+02 -8.550875e+01  1.510000e+00
   endloop
 endfacet
 facet normal  0.000000e+00  0.000000e+00  1.000000e+00
   outer loop
     vertex  1.617122e+02 -1.044034e+02  1.510000e+00
     vertex  1.590944e+02 -1.029114e+02  1.510000e+00
     vertex  1.615930e+02 -1.045588e+02  1.510000e+00
   endloop
 endfacet
 facet normal  0.000000e+00  0.000000e+00  1.000000e+00
   outer loop
     vertex  1.428175e+02 -8.523423e+01  1.510000e+00
     vertex  1.400444e+02 -8.386139e+01  1.510000e+00
     vertex  1.426622e+02 -8.535342e+01  1.510000e+00
   endloop
 endfacet
 facet normal  0.000000e+00  0.000000e+00  1.000000e+00
   outer loop
     vertex  1.428175e+02 -8.523423e+01  1.510000e+00
     vertex  1.401125e+02 -8.334375e+01  1.510000e+00
     vertex  1.400444e+02 -8.386139e+01  1.510000e+00
   endloop
 endfacet
 facet normal  0.000000e+00  0.000000e+00  1.000000e+00
   outer loop
     vertex  1.618675e+02 -1.042842e+02  1.510000e+00
     vertex  1.591625e+02 -1.023937e+02  1.510000e+00
     vertex  1.590944e+02 -1.029114e+02  1.510000e+00
   endloop
 endfacet
 facet normal  0.000000e+00  0.000000e+00  1.000000e+00
   outer loop
     vertex  1.618675e+02 -1.042842e+02  1.510000e+00
     vertex  1.590944e+02 -1.029114e+02  1.510000e+00
     vertex  1.617122e+02 -1.044034e+02  1.510000e+00
   endloop
 endfacet
 facet normal  0.000000e+00  0.000000e+00  1.000000e+00
   outer loop
     vertex  1.429984e+02 -8.515931e+01  1.510000e+00
     vertex  1.401125e+02 -8.334375e+01  1.510000e+00
     vertex  1.428175e+02 -8.523423e+01  1.510000e+00
   endloop
 endfacet
 facet normal  0.000000e+00  0.000000e+00  1.000000e+00
   outer loop
     vertex  1.429984e+02 -8.515931e+01  1.510000e+00
     vertex  1.400444e+02 -8.282611e+01  1.510000e+00
     vertex  1.401125e+02 -8.334375e+01  1.510000e+00
   endloop
 endfacet
 facet normal  0.000000e+00  0.000000e+00  1.000000e+00
   outer loop
     vertex  1.620484e+02 -1.042093e+02  1.510000e+00
     vertex  1.590944e+02 -1.018761e+02  1.510000e+00
     vertex  1.591625e+02 -1.023937e+02  1.510000e+00
   endloop
 endfacet
 facet normal  0.000000e+00  0.000000e+00  1.000000e+00
   outer loop
     vertex  1.620484e+02 -1.042093e+02  1.510000e+00
     vertex  1.591625e+02 -1.023937e+02  1.510000e+00
     vertex  1.618675e+02 -1.042842e+02  1.510000e+00
   endloop
 endfacet
 facet normal  0.000000e+00  0.000000e+00  1.000000e+00
   outer loop
     vertex  1.431925e+02 -8.513375e+01  1.510000e+00
     vertex  1.400444e+02 -8.282611e+01  1.510000e+00
     vertex  1.429984e+02 -8.515931e+01  1.510000e+00
   endloop
 endfacet
 facet normal  0.000000e+00  0.000000e+00  1.000000e+00
   outer loop
     vertex  1.622425e+02 -1.041838e+02  1.510000e+00
     vertex  1.590944e+02 -1.018761e+02  1.510000e+00
     vertex  1.620484e+02 -1.042093e+02  1.510000e+00
   endloop
 endfacet
 facet normal  0.000000e+00  0.000000e+00  1.000000e+00
   outer loop
     vertex  1.373764e+02 -7.868875e+01  1.510000e+00
     vertex  1.366983e+02 -8.192954e+01  1.510000e+00
     vertex  1.371125e+02 -8.161170e+01  1.510000e+00
   endloop
 endfacet
 facet normal  0.000000e+00  0.000000e+00  1.000000e+00
   outer loop
     vertex  1.373764e+02 -7.868875e+01  1.510000e+00
     vertex  1.371125e+02 -8.161170e+01  1.510000e+00
     vertex  1.375115e+02 -7.886479e+01  1.510000e+00
   endloop
 endfacet
 facet normal  0.000000e+00  0.000000e+00  1.000000e+00
   outer loop
     vertex  1.376875e+02 -7.899987e+01  1.510000e+00
     vertex  1.371125e+02 -8.161170e+01  1.510000e+00
     vertex  1.375949e+02 -8.141190e+01  1.510000e+00
   endloop
 endfacet
 facet normal  0.000000e+00  0.000000e+00  1.000000e+00
   outer loop
     vertex  1.376875e+02 -7.899987e+01  1.510000e+00
     vertex  1.375115e+02 -7.886479e+01  1.510000e+00
     vertex  1.371125e+02 -8.161170e+01  1.510000e+00
   endloop
 endfacet
 facet normal  0.000000e+00  0.000000e+00  1.000000e+00
   outer loop
     vertex  1.564264e+02 -9.773875e+01  1.510000e+00
     vertex  1.557483e+02 -1.009795e+02  1.510000e+00
     vertex  1.561625e+02 -1.006617e+02  1.510000e+00
   endloop
 endfacet
 facet normal  0.000000e+00  0.000000e+00  1.000000e+00
   outer loop
     vertex  1.564264e+02 -9.773875e+01  1.510000e+00
     vertex  1.561625e+02 -1.006617e+02  1.510000e+00
     vertex  1.565615e+02 -9.791479e+01  1.510000e+00
   endloop
 endfacet
 facet normal  0.000000e+00  0.000000e+00  1.000000e+00
   outer loop
     vertex  1.567375e+02 -9.804987e+01  1.510000e+00
     vertex  1.561625e+02 -1.006617e+02  1.510000e+00
     vertex  1.566449e+02 -1.004619e+02  1.510000e+00
   endloop
 endfacet
 facet normal  0.000000e+00  0.000000e+00  1.000000e+00
   outer loop
     vertex  1.567375e+02 -9.804987e+01  1.510000e+00
     vertex  1.565615e+02 -9.791479e+01  1.510000e+00
     vertex  1.561625e+02 -1.006617e+02  1.510000e+00
   endloop
 endfacet
 facet normal  0.000000e+00  0.000000e+00  1.000000e+00
   outer loop
     vertex  1.378925e+02 -7.908479e+01  1.510000e+00
     vertex  1.376875e+02 -7.899987e+01  1.510000e+00
     vertex  1.375949e+02 -8.141190e+01  1.510000e+00
   endloop
 endfacet
 facet normal  0.000000e+00  0.000000e+00  1.000000e+00
   outer loop
     vertex  1.378925e+02 -7.908479e+01  1.510000e+00
     vertex  1.375949e+02 -8.141190e+01  1.510000e+00
     vertex  1.381125e+02 -8.134375e+01  1.510000e+00
   endloop
 endfacet
 facet normal  0.000000e+00  0.000000e+00  1.000000e+00
   outer loop
     vertex  1.372915e+02 -7.848375e+01  1.510000e+00
     vertex  1.366983e+02 -8.192954e+01  1.510000e+00
     vertex  1.373764e+02 -7.868875e+01  1.510000e+00
   endloop
 endfacet
 facet normal  0.000000e+00  0.000000e+00  1.000000e+00
   outer loop
     vertex  1.372915e+02 -7.848375e+01  1.510000e+00
     vertex  1.363804e+02 -8.234375e+01  1.510000e+00
     vertex  1.366983e+02 -8.192954e+01  1.510000e+00
   endloop
 endfacet
 facet normal  0.000000e+00  0.000000e+00  1.000000e+00
   outer loop
     vertex  1.563415e+02 -9.753375e+01  1.510000e+00
     vertex  1.554304e+02 -1.013937e+02  1.510000e+00
     vertex  1.557483e+02 -1.009795e+02  1.510000e+00
   endloop
 endfacet
 facet normal  0.000000e+00  0.000000e+00  1.000000e+00
   outer loop
     vertex  1.563415e+02 -9.753375e+01  1.510000e+00
     vertex  1.557483e+02 -1.009795e+02  1.510000e+00
     vertex  1.564264e+02 -9.773875e+01  1.510000e+00
   endloop
 endfacet
 facet normal  0.000000e+00  0.000000e+00  1.000000e+00
   outer loop
     vertex  1.569425e+02 -9.813479e+01  1.510000e+00
     vertex  1.566449e+02 -1.004619e+02  1.510000e+00
     vertex  1.571625e+02 -1.003937e+02  1.510000e+00
   endloop
 endfacet
 facet normal  0.000000e+00  0.000000e+00  1.000000e+00
   outer loop
     vertex  1.569425e+02 -9.813479e+01  1.510000e+00
     vertex  1.567375e+02 -9.804987e+01  1.510000e+00
     vertex  1.566449e+02 -1.004619e+02  1.510000e+00
   endloop
 endfacet
 facet normal  0.000000e+00  0.000000e+00  1.000000e+00
   outer loop
     vertex  1.372625e+02 -7.826375e+01  1.510000e+00
     vertex  1.250000e+02 -7.000000e+01  1.510000e+00
     vertex  1.363804e+02 -8.234375e+01  1.510000e+00
   endloop
 endfacet
 facet normal  0.000000e+00  0.000000e+00  1.000000e+00
   outer loop
     vertex  1.372625e+02 -7.826375e+01  1.510000e+00
     vertex  1.363804e+02 -8.234375e+01  1.510000e+00
     vertex  1.372915e+02 -7.848375e+01  1.510000e+00
   endloop
 endfacet
 facet normal  0.000000e+00  0.000000e+00  1.000000e+00
   outer loop
     vertex  1.381125e+02 -7.911375e+01  1.510000e+00
     vertex  1.378925e+02 -7.908479e+01  1.510000e+00
     vertex  1.381125e+02 -8.134375e+01  1.510000e+00
   endloop
 endfacet
 facet normal  0.000000e+00  0.000000e+00  1.000000e+00
   outer loop
     vertex  1.563125e+02 -9.731375e+01  1.510000e+00
     vertex  1.554304e+02 -1.013937e+02  1.510000e+00
     vertex  1.563415e+02 -9.753375e+01  1.510000e+00
   endloop
 endfacet
 facet normal  0.000000e+00  0.000000e+00  1.000000e+00
   outer loop
     vertex  1.563125e+02 -9.731375e+01  1.510000e+00
     vertex  1.414025e+02 -9.858375e+01  1.510000e+00
     vertex  1.554304e+02 -1.013937e+02  1.510000e+00
   endloop
 endfacet
 facet normal  0.000000e+00  0.000000e+00  1.000000e+00
   outer loop
     vertex  1.563125e+02 -9.731375e+01  1.510000e+00
     vertex  1.413769e+02 -9.838964e+01  1.510000e+00
     vertex  1.414025e+02 -9.858375e+01  1.510000e+00
   endloop
 endfacet
 facet normal  0.000000e+00  0.000000e+00  1.000000e+00
   outer loop
     vertex  1.571625e+02 -9.816375e+01  1.510000e+00
     vertex  1.569425e+02 -9.813479e+01  1.510000e+00
     vertex  1.571625e+02 -1.003937e+02  1.510000e+00
   endloop
 endfacet
 facet normal  0.000000e+00  0.000000e+00  1.000000e+00
   outer loop
     vertex  1.383325e+02 -7.908479e+01  1.510000e+00
     vertex  1.381125e+02 -7.911375e+01  1.510000e+00
     vertex  1.381125e+02 -8.134375e+01  1.510000e+00
   endloop
 endfacet
 facet normal  0.000000e+00  0.000000e+00  1.000000e+00
   outer loop
     vertex  1.383325e+02 -7.908479e+01  1.510000e+00
     vertex  1.381125e+02 -8.134375e+01  1.510000e+00
     vertex  1.386301e+02 -8.141190e+01  1.510000e+00
   endloop
 endfacet
 facet normal  0.000000e+00  0.000000e+00  1.000000e+00
   outer loop
     vertex  1.372915e+02 -7.804375e+01  1.510000e+00
     vertex  1.250000e+02 -7.000000e+01  1.510000e+00
     vertex  1.372625e+02 -7.826375e+01  1.510000e+00
   endloop
 endfacet
 facet normal  0.000000e+00  0.000000e+00  1.000000e+00
   outer loop
     vertex  1.563415e+02 -9.709375e+01  1.510000e+00
     vertex  1.413020e+02 -9.820875e+01  1.510000e+00
     vertex  1.413769e+02 -9.838964e+01  1.510000e+00
   endloop
 endfacet
 facet normal  0.000000e+00  0.000000e+00  1.000000e+00
   outer loop
     vertex  1.563415e+02 -9.709375e+01  1.510000e+00
     vertex  1.413769e+02 -9.838964e+01  1.510000e+00
     vertex  1.563125e+02 -9.731375e+01  1.510000e+00
   endloop
 endfacet
 facet normal  0.000000e+00  0.000000e+00  1.000000e+00
   outer loop
     vertex  1.573825e+02 -9.813479e+01  1.510000e+00
     vertex  1.571625e+02 -1.003937e+02  1.510000e+00
     vertex  1.576801e+02 -1.004619e+02  1.510000e+00
   endloop
 endfacet
 facet normal  0.000000e+00  0.000000e+00  1.000000e+00
   outer loop
     vertex  1.573825e+02 -9.813479e+01  1.510000e+00
     vertex  1.571625e+02 -9.816375e+01  1.510000e+00
     vertex  1.571625e+02 -1.003937e+02  1.510000e+00
   endloop
 endfacet
 facet normal  0.000000e+00  0.000000e+00  1.000000e+00
   outer loop
     vertex  1.373764e+02 -7.783875e+01  1.510000e+00
     vertex  1.250000e+02 -7.000000e+01  1.510000e+00
     vertex  1.372915e+02 -7.804375e+01  1.510000e+00
   endloop
 endfacet
 facet normal  0.000000e+00  0.000000e+00  1.000000e+00
   outer loop
     vertex  1.564264e+02 -9.688875e+01  1.510000e+00
     vertex  1.435675e+02 -8.653327e+01  1.510000e+00
     vertex  1.413020e+02 -9.820875e+01  1.510000e+00
   endloop
 endfacet
 facet normal  0.000000e+00  0.000000e+00  1.000000e+00
   outer loop
     vertex  1.564264e+02 -9.688875e+01  1.510000e+00
     vertex  1.437228e+02 -8.641408e+01  1.510000e+00
     vertex  1.435675e+02 -8.653327e+01  1.510000e+00
   endloop
 endfacet
 facet normal  0.000000e+00  0.000000e+00  1.000000e+00
   outer loop
     vertex  1.564264e+02 -9.688875e+01  1.510000e+00
     vertex  1.413020e+02 -9.820875e+01  1.510000e+00
     vertex  1.563415e+02 -9.709375e+01  1.510000e+00
   endloop
 endfacet
 facet normal  0.000000e+00  0.000000e+00  1.000000e+00
   outer loop
     vertex  1.375115e+02 -7.766271e+01  1.510000e+00
     vertex  1.250000e+02 -7.000000e+01  1.510000e+00
     vertex  1.373764e+02 -7.783875e+01  1.510000e+00
   endloop
 endfacet
 facet normal  0.000000e+00  0.000000e+00  1.000000e+00
   outer loop
     vertex  1.402775e+02 -8.018327e+01  1.510000e+00
     vertex  1.391125e+02 -8.161170e+01  1.510000e+00
     vertex  1.395267e+02 -8.192954e+01  1.510000e+00
   endloop
 endfacet
 facet normal  0.000000e+00  0.000000e+00  1.000000e+00
   outer loop
     vertex  1.402775e+02 -8.018327e+01  1.510000e+00
     vertex  1.401222e+02 -8.006408e+01  1.510000e+00
     vertex  1.391125e+02 -8.161170e+01  1.510000e+00
   endloop
 endfacet
 facet normal  0.000000e+00  0.000000e+00  1.000000e+00
   outer loop
     vertex  1.400030e+02 -7.990875e+01  1.510000e+00
     vertex  1.386301e+02 -8.141190e+01  1.510000e+00
     vertex  1.391125e+02 -8.161170e+01  1.510000e+00
   endloop
 endfacet
 facet normal  0.000000e+00  0.000000e+00  1.000000e+00
   outer loop
     vertex  1.400030e+02 -7.990875e+01  1.510000e+00
     vertex  1.391125e+02 -8.161170e+01  1.510000e+00
     vertex  1.401222e+02 -8.006408e+01  1.510000e+00
   endloop
 endfacet
 facet normal  0.000000e+00  0.000000e+00  1.000000e+00
   outer loop
     vertex  1.590530e+02 -9.895875e+01  1.510000e+00
     vertex  1.576801e+02 -1.004619e+02  1.510000e+00
     vertex  1.581625e+02 -1.006617e+02  1.510000e+00
   endloop
 endfacet
 facet normal  0.000000e+00  0.000000e+00  1.000000e+00
   outer loop
     vertex  1.590530e+02 -9.895875e+01  1.510000e+00
     vertex  1.581625e+02 -1.006617e+02  1.510000e+00
     vertex  1.591722e+02 -9.911408e+01  1.510000e+00
   endloop
 endfacet
 facet normal  0.000000e+00  0.000000e+00  1.000000e+00
   outer loop
     vertex  1.593275e+02 -9.923327e+01  1.510000e+00
     vertex  1.581625e+02 -1.006617e+02  1.510000e+00
     vertex  1.585767e+02 -1.009795e+02  1.510000e+00
   endloop
 endfacet
 facet normal  0.000000e+00  0.000000e+00  1.000000e+00
   outer loop
     vertex  1.593275e+02 -9.923327e+01  1.510000e+00
     vertex  1.591722e+02 -9.911408e+01  1.510000e+00
     vertex  1.581625e+02 -1.006617e+02  1.510000e+00
   endloop
 endfacet
 facet normal  0.000000e+00  0.000000e+00  1.000000e+00
   outer loop
     vertex  1.376875e+02 -7.752763e+01  1.510000e+00
     vertex  1.250000e+02 -7.000000e+01  1.510000e+00
     vertex  1.375115e+02 -7.766271e+01  1.510000e+00
   endloop
 endfacet
 facet normal  0.000000e+00  0.000000e+00  1.000000e+00
   outer loop
     vertex  1.404584e+02 -8.025819e+01  1.510000e+00
     vertex  1.402775e+02 -8.018327e+01  1.510000e+00
     vertex  1.395267e+02 -8.192954e+01  1.510000e+00
   endloop
 endfacet
 facet normal  0.000000e+00  0.000000e+00  1.000000e+00
   outer loop
     vertex  1.399281e+02 -7.972786e+01  1.510000e+00
     vertex  1.383325e+02 -7.908479e+01  1.510000e+00
     vertex  1.386301e+02 -8.141190e+01  1.510000e+00
   endloop
 endfacet
 facet normal  0.000000e+00  0.000000e+00  1.000000e+00
   outer loop
     vertex  1.399281e+02 -7.972786e+01  1.510000e+00
     vertex  1.385375e+02 -7.899987e+01  1.510000e+00
     vertex  1.383325e+02 -7.908479e+01  1.510000e+00
   endloop
 endfacet
 facet normal  0.000000e+00  0.000000e+00  1.000000e+00
   outer loop
     vertex  1.399281e+02 -7.972786e+01  1.510000e+00
     vertex  1.386301e+02 -8.141190e+01  1.510000e+00
     vertex  1.400030e+02 -7.990875e+01  1.510000e+00
   endloop
 endfacet
 facet normal  0.000000e+00  0.000000e+00  1.000000e+00
   outer loop
     vertex  1.589781e+02 -9.877786e+01  1.510000e+00
     vertex  1.576801e+02 -1.004619e+02  1.510000e+00
     vertex  1.590530e+02 -9.895875e+01  1.510000e+00
   endloop
 endfacet
 facet normal  0.000000e+00  0.000000e+00  1.000000e+00
   outer loop
     vertex  1.589781e+02 -9.877786e+01  1.510000e+00
     vertex  1.573825e+02 -9.813479e+01  1.510000e+00
     vertex  1.576801e+02 -1.004619e+02  1.510000e+00
   endloop
 endfacet
 facet normal  0.000000e+00  0.000000e+00  1.000000e+00
   outer loop
     vertex  1.589781e+02 -9.877786e+01  1.510000e+00
     vertex  1.575875e+02 -9.804987e+01  1.510000e+00
     vertex  1.573825e+02 -9.813479e+01  1.510000e+00
   endloop
 endfacet
 facet normal  0.000000e+00  0.000000e+00  1.000000e+00
   outer loop
     vertex  1.595084e+02 -9.930819e+01  1.510000e+00
     vertex  1.593275e+02 -9.923327e+01  1.510000e+00
     vertex  1.585767e+02 -1.009795e+02  1.510000e+00
   endloop
 endfacet
 facet normal  0.000000e+00  0.000000e+00  1.000000e+00
   outer loop
     vertex  1.406525e+02 -8.028375e+01  1.510000e+00
     vertex  1.404584e+02 -8.025819e+01  1.510000e+00
     vertex  1.395267e+02 -8.192954e+01  1.510000e+00
   endloop
 endfacet
 facet normal  0.000000e+00  0.000000e+00  1.000000e+00
   outer loop
     vertex  1.406525e+02 -8.028375e+01  1.510000e+00
     vertex  1.395267e+02 -8.192954e+01  1.510000e+00
     vertex  1.398446e+02 -8.234375e+01  1.510000e+00
   endloop
 endfacet
 facet normal  0.000000e+00  0.000000e+00  1.000000e+00
   outer loop
     vertex  1.399025e+02 -7.953375e+01  1.510000e+00
     vertex  1.385375e+02 -7.899987e+01  1.510000e+00
     vertex  1.399281e+02 -7.972786e+01  1.510000e+00
   endloop
 endfacet
 facet normal  0.000000e+00  0.000000e+00  1.000000e+00
   outer loop
     vertex  1.399025e+02 -7.953375e+01  1.510000e+00
     vertex  1.387135e+02 -7.886479e+01  1.510000e+00
     vertex  1.385375e+02 -7.899987e+01  1.510000e+00
   endloop
 endfacet
 facet normal  0.000000e+00  0.000000e+00  1.000000e+00
   outer loop
     vertex  1.589525e+02 -9.858375e+01  1.510000e+00
     vertex  1.575875e+02 -9.804987e+01  1.510000e+00
     vertex  1.589781e+02 -9.877786e+01  1.510000e+00
   endloop
 endfacet
 facet normal  0.000000e+00  0.000000e+00  1.000000e+00
   outer loop
     vertex  1.589525e+02 -9.858375e+01  1.510000e+00
     vertex  1.577635e+02 -9.791479e+01  1.510000e+00
     vertex  1.575875e+02 -9.804987e+01  1.510000e+00
   endloop
 endfacet
 facet normal  0.000000e+00  0.000000e+00  1.000000e+00
   outer loop
     vertex  1.597025e+02 -9.933375e+01  1.510000e+00
     vertex  1.585767e+02 -1.009795e+02  1.510000e+00
     vertex  1.588946e+02 -1.013937e+02  1.510000e+00
   endloop
 endfacet
 facet normal  0.000000e+00  0.000000e+00  1.000000e+00
   outer loop
     vertex  1.597025e+02 -9.933375e+01  1.510000e+00
     vertex  1.595084e+02 -9.930819e+01  1.510000e+00
     vertex  1.585767e+02 -1.009795e+02  1.510000e+00
   endloop
 endfacet
 facet normal  0.000000e+00  0.000000e+00  1.000000e+00
   outer loop
     vertex  1.378925e+02 -7.744271e+01  1.510000e+00
     vertex  1.250000e+02 -7.000000e+01  1.510000e+00
     vertex  1.376875e+02 -7.752763e+01  1.510000e+00
   endloop
 endfacet
 facet normal  0.000000e+00  0.000000e+00  1.000000e+00
   outer loop
     vertex  1.399281e+02 -7.933964e+01  1.510000e+00
     vertex  1.387135e+02 -7.886479e+01  1.510000e+00
     vertex  1.399025e+02 -7.953375e+01  1.510000e+00
   endloop
 endfacet
 facet normal  0.000000e+00  0.000000e+00  1.000000e+00
   outer loop
     vertex  1.399281e+02 -7.933964e+01  1.510000e+00
     vertex  1.388486e+02 -7.868875e+01  1.510000e+00
     vertex  1.387135e+02 -7.886479e+01  1.510000e+00
   endloop
 endfacet
 facet normal  0.000000e+00  0.000000e+00  1.000000e+00
   outer loop
     vertex  1.408466e+02 -8.025819e+01  1.510000e+00
     vertex  1.406525e+02 -8.028375e+01  1.510000e+00
     vertex  1.398446e+02 -8.234375e+01  1.510000e+00
   endloop
 endfacet
 facet normal  0.000000e+00  0.000000e+00  1.000000e+00
   outer loop
     vertex  1.408466e+02 -8.025819e+01  1.510000e+00
     vertex  1.398446e+02 -8.234375e+01  1.510000e+00
     vertex  1.400444e+02 -8.282611e+01  1.510000e+00
   endloop
 endfacet
 facet normal  0.000000e+00  0.000000e+00  1.000000e+00
   outer loop
     vertex  1.598966e+02 -9.930819e+01  1.510000e+00
     vertex  1.597025e+02 -9.933375e+01  1.510000e+00
     vertex  1.588946e+02 -1.013937e+02  1.510000e+00
   endloop
 endfacet
 facet normal  0.000000e+00  0.000000e+00  1.000000e+00
   outer loop
     vertex  1.598966e+02 -9.930819e+01  1.510000e+00
     vertex  1.588946e+02 -1.013937e+02  1.510000e+00
     vertex  1.590944e+02 -1.018761e+02  1.510000e+00
   endloop
 endfacet
 facet normal  0.000000e+00  0.000000e+00  1.000000e+00
   outer loop
     vertex  1.589781e+02 -9.838964e+01  1.510000e+00
     vertex  1.577635e+02 -9.791479e+01  1.510000e+00
     vertex  1.589525e+02 -9.858375e+01  1.510000e+00
   endloop
 endfacet
 facet normal  0.000000e+00  0.000000e+00  1.000000e+00
   outer loop
     vertex  1.589781e+02 -9.838964e+01  1.510000e+00
     vertex  1.578986e+02 -9.773875e+01  1.510000e+00
     vertex  1.577635e+02 -9.791479e+01  1.510000e+00
   endloop
 endfacet
 facet normal  0.000000e+00  0.000000e+00  1.000000e+00
   outer loop
     vertex  1.381125e+02 -7.741375e+01  1.510000e+00
     vertex  1.250000e+02 -7.000000e+01  1.510000e+00
     vertex  1.378925e+02 -7.744271e+01  1.510000e+00
   endloop
 endfacet
 facet normal  0.000000e+00  0.000000e+00  1.000000e+00
   outer loop
     vertex  1.410275e+02 -8.018327e+01  1.510000e+00
     vertex  1.408466e+02 -8.025819e+01  1.510000e+00
     vertex  1.400444e+02 -8.282611e+01  1.510000e+00
   endloop
 endfacet
 facet normal  0.000000e+00  0.000000e+00  1.000000e+00
   outer loop
     vertex  1.410275e+02 -8.018327e+01  1.510000e+00
     vertex  1.400444e+02 -8.282611e+01  1.510000e+00
     vertex  1.431925e+02 -8.513375e+01  1.510000e+00
   endloop
 endfacet
 facet normal  0.000000e+00  0.000000e+00  1.000000e+00
   outer loop
     vertex  1.400030e+02 -7.915875e+01  1.510000e+00
     vertex  1.388486e+02 -7.868875e+01  1.510000e+00
     vertex  1.399281e+02 -7.933964e+01  1.510000e+00
   endloop
 endfacet
 facet normal  0.000000e+00  0.000000e+00  1.000000e+00
   outer loop
     vertex  1.400030e+02 -7.915875e+01  1.510000e+00
     vertex  1.389335e+02 -7.848375e+01  1.510000e+00
     vertex  1.388486e+02 -7.868875e+01  1.510000e+00
   endloop
 endfacet
 facet normal  0.000000e+00  0.000000e+00  1.000000e+00
   outer loop
     vertex  1.590530e+02 -9.820875e+01  1.510000e+00
     vertex  1.578986e+02 -9.773875e+01  1.510000e+00
     vertex  1.589781e+02 -9.838964e+01  1.510000e+00
   endloop
 endfacet
 facet normal  0.000000e+00  0.000000e+00  1.000000e+00
   outer loop
     vertex  1.590530e+02 -9.820875e+01  1.510000e+00
     vertex  1.579835e+02 -9.753375e+01  1.510000e+00
     vertex  1.578986e+02 -9.773875e+01  1.510000e+00
   endloop
 endfacet
 facet normal  0.000000e+00  0.000000e+00  1.000000e+00
   outer loop
     vertex  1.600775e+02 -9.923327e+01  1.510000e+00
     vertex  1.590944e+02 -1.018761e+02  1.510000e+00
     vertex  1.622425e+02 -1.041838e+02  1.510000e+00
   endloop
 endfacet
 facet normal  0.000000e+00  0.000000e+00  1.000000e+00
   outer loop
     vertex  1.600775e+02 -9.923327e+01  1.510000e+00
     vertex  1.598966e+02 -9.930819e+01  1.510000e+00
     vertex  1.590944e+02 -1.018761e+02  1.510000e+00
   endloop
 endfacet
 facet normal  0.000000e+00  0.000000e+00  1.000000e+00
   outer loop
     vertex  1.383325e+02 -7.744271e+01  1.510000e+00
     vertex  1.250000e+02 -7.000000e+01  1.510000e+00
     vertex  1.381125e+02 -7.741375e+01  1.510000e+00
   endloop
 endfacet
 facet normal  0.000000e+00  0.000000e+00  1.000000e+00
   outer loop
     vertex  1.401222e+02 -7.900342e+01  1.510000e+00
     vertex  1.389625e+02 -7.826375e+01  1.510000e+00
     vertex  1.389335e+02 -7.848375e+01  1.510000e+00
   endloop
 endfacet
 facet normal  0.000000e+00  0.000000e+00  1.000000e+00
   outer loop
     vertex  1.401222e+02 -7.900342e+01  1.510000e+00
     vertex  1.389335e+02 -7.848375e+01  1.510000e+00
     vertex  1.400030e+02 -7.915875e+01  1.510000e+00
   endloop
 endfacet
 facet normal  0.000000e+00  0.000000e+00  1.000000e+00
   outer loop
     vertex  1.411828e+02 -8.006408e+01  1.510000e+00
     vertex  1.431925e+02 -8.513375e+01  1.510000e+00
     vertex  1.433866e+02 -8.515931e+01  1.510000e+00
   endloop
 endfacet
 facet normal  0.000000e+00  0.000000e+00  1.000000e+00
   outer loop
     vertex  1.411828e+02 -8.006408e+01  1.510000e+00
     vertex  1.410275e+02 -8.018327e+01  1.510000e+00
     vertex  1.431925e+02 -8.513375e+01  1.510000e+00
   endloop
 endfacet
 facet normal  0.000000e+00  0.000000e+00  1.000000e+00
   outer loop
     vertex  1.602328e+02 -9.911408e+01  1.510000e+00
     vertex  1.622425e+02 -1.041838e+02  1.510000e+00
     vertex  1.624366e+02 -1.042093e+02  1.510000e+00
   endloop
 endfacet
 facet normal  0.000000e+00  0.000000e+00  1.000000e+00
   outer loop
     vertex  1.602328e+02 -9.911408e+01  1.510000e+00
     vertex  1.600775e+02 -9.923327e+01  1.510000e+00
     vertex  1.622425e+02 -1.041838e+02  1.510000e+00
   endloop
 endfacet
 facet normal  0.000000e+00  0.000000e+00  1.000000e+00
   outer loop
     vertex  1.591722e+02 -9.805342e+01  1.510000e+00
     vertex  1.579835e+02 -9.753375e+01  1.510000e+00
     vertex  1.590530e+02 -9.820875e+01  1.510000e+00
   endloop
 endfacet
 facet normal  0.000000e+00  0.000000e+00  1.000000e+00
   outer loop
     vertex  1.591722e+02 -9.805342e+01  1.510000e+00
     vertex  1.580125e+02 -9.731375e+01  1.510000e+00
     vertex  1.579835e+02 -9.753375e+01  1.510000e+00
   endloop
 endfacet
 facet normal  0.000000e+00  0.000000e+00  1.000000e+00
   outer loop
     vertex  1.402775e+02 -7.888423e+01  1.510000e+00
     vertex  1.389625e+02 -7.826375e+01  1.510000e+00
     vertex  1.401222e+02 -7.900342e+01  1.510000e+00
   endloop
 endfacet
 facet normal  0.000000e+00  0.000000e+00  1.000000e+00
   outer loop
     vertex  1.402775e+02 -7.888423e+01  1.510000e+00
     vertex  1.389335e+02 -7.804375e+01  1.510000e+00
     vertex  1.389625e+02 -7.826375e+01  1.510000e+00
   endloop
 endfacet
 facet normal  0.000000e+00  0.000000e+00  1.000000e+00
   outer loop
     vertex  1.413020e+02 -7.990875e+01  1.510000e+00
     vertex  1.433866e+02 -8.515931e+01  1.510000e+00
     vertex  1.435675e+02 -8.523423e+01  1.510000e+00
   endloop
 endfacet
 facet normal  0.000000e+00  0.000000e+00  1.000000e+00
   outer loop
     vertex  1.413020e+02 -7.990875e+01  1.510000e+00
     vertex  1.411828e+02 -8.006408e+01  1.510000e+00
     vertex  1.433866e+02 -8.515931e+01  1.510000e+00
   endloop
 endfacet
 facet normal  0.000000e+00  0.000000e+00  1.000000e+00
   outer loop
     vertex  1.593275e+02 -9.793423e+01  1.510000e+00
     vertex  1.579835e+02 -9.709375e+01  1.510000e+00
     vertex  1.580125e+02 -9.731375e+01  1.510000e+00
   endloop
 endfacet
 facet normal  0.000000e+00  0.000000e+00  1.000000e+00
   outer loop
     vertex  1.593275e+02 -9.793423e+01  1.510000e+00
     vertex  1.580125e+02 -9.731375e+01  1.510000e+00
     vertex  1.591722e+02 -9.805342e+01  1.510000e+00
   endloop
 endfacet
 facet normal  0.000000e+00  0.000000e+00  1.000000e+00
   outer loop
     vertex  1.603520e+02 -9.895875e+01  1.510000e+00
     vertex  1.624366e+02 -1.042093e+02  1.510000e+00
     vertex  1.626175e+02 -1.042842e+02  1.510000e+00
   endloop
 endfacet
 facet normal  0.000000e+00  0.000000e+00  1.000000e+00
   outer loop
     vertex  1.603520e+02 -9.895875e+01  1.510000e+00
     vertex  1.602328e+02 -9.911408e+01  1.510000e+00
     vertex  1.624366e+02 -1.042093e+02  1.510000e+00
   endloop
 endfacet
 facet normal  0.000000e+00  0.000000e+00  1.000000e+00
   outer loop
     vertex  1.413769e+02 -7.972786e+01  1.510000e+00
     vertex  1.435675e+02 -8.523423e+01  1.510000e+00
     vertex  1.437228e+02 -8.535342e+01  1.510000e+00
   endloop
 endfacet
 facet normal  0.000000e+00  0.000000e+00  1.000000e+00
   outer loop
     vertex  1.413769e+02 -7.972786e+01  1.510000e+00
     vertex  1.413020e+02 -7.990875e+01  1.510000e+00
     vertex  1.435675e+02 -8.523423e+01  1.510000e+00
   endloop
 endfacet
 facet normal  0.000000e+00  0.000000e+00  1.000000e+00
   outer loop
     vertex  1.404584e+02 -7.880931e+01  1.510000e+00
     vertex  1.388486e+02 -7.783875e+01  1.510000e+00
     vertex  1.389335e+02 -7.804375e+01  1.510000e+00
   endloop
 endfacet
 facet normal  0.000000e+00  0.000000e+00  1.000000e+00
   outer loop
     vertex  1.404584e+02 -7.880931e+01  1.510000e+00
     vertex  1.389335e+02 -7.804375e+01  1.510000e+00
     vertex  1.402775e+02 -7.888423e+01  1.510000e+00
   endloop
 endfacet
 facet normal  0.000000e+00  0.000000e+00  1.000000e+00
   outer loop
     vertex  1.604269e+02 -9.877786e+01  1.510000e+00
     vertex  1.603520e+02 -9.895875e+01  1.510000e+00
     vertex  1.626175e+02 -1.042842e+02  1.510000e+00
   endloop
 endfacet
 facet normal  0.000000e+00  0.000000e+00  1.000000e+00
   outer loop
     vertex  1.595084e+02 -9.785931e+01  1.510000e+00
     vertex  1.578986e+02 -9.688875e+01  1.510000e+00
     vertex  1.579835e+02 -9.709375e+01  1.510000e+00
   endloop
 endfacet
 facet normal  0.000000e+00  0.000000e+00  1.000000e+00
   outer loop
     vertex  1.595084e+02 -9.785931e+01  1.510000e+00
     vertex  1.579835e+02 -9.709375e+01  1.510000e+00
     vertex  1.593275e+02 -9.793423e+01  1.510000e+00
   endloop
 endfacet
 facet normal  0.000000e+00  0.000000e+00  1.000000e+00
   outer loop
     vertex  1.414025e+02 -7.953375e+01  1.510000e+00
     vertex  1.413769e+02 -7.972786e+01  1.510000e+00
     vertex  1.437228e+02 -8.535342e+01  1.510000e+00
   endloop
 endfacet
 facet normal  0.000000e+00  0.000000e+00  1.000000e+00
   outer loop
     vertex  1.406525e+02 -7.878375e+01  1.510000e+00
     vertex  1.387135e+02 -7.766271e+01  1.510000e+00
     vertex  1.388486e+02 -7.783875e+01  1.510000e+00
   endloop
 endfacet
 facet normal  0.000000e+00  0.000000e+00  1.000000e+00
   outer loop
     vertex  1.406525e+02 -7.878375e+01  1.510000e+00
     vertex  1.388486e+02 -7.783875e+01  1.510000e+00
     vertex  1.404584e+02 -7.880931e+01  1.510000e+00
   endloop
 endfacet
 facet normal  0.000000e+00  0.000000e+00  1.000000e+00
   outer loop
     vertex  1.597025e+02 -9.783375e+01  1.510000e+00
     vertex  1.578986e+02 -9.688875e+01  1.510000e+00
     vertex  1.595084e+02 -9.785931e+01  1.510000e+00
   endloop
 endfacet
 facet normal  0.000000e+00  0.000000e+00  1.000000e+00
   outer loop
     vertex  1.597025e+02 -9.783375e+01  1.510000e+00
     vertex  1.577635e+02 -9.671271e+01  1.510000e+00
     vertex  1.578986e+02 -9.688875e+01  1.510000e+00
   endloop
 endfacet
 facet normal  0.000000e+00  0.000000e+00  1.000000e+00
   outer loop
     vertex  1.408466e+02 -7.880931e+01  1.510000e+00
     vertex  1.387135e+02 -7.766271e+01  1.510000e+00
     vertex  1.406525e+02 -7.878375e+01  1.510000e+00
   endloop
 endfacet
 facet normal  0.000000e+00  0.000000e+00  1.000000e+00
   outer loop
     vertex  1.408466e+02 -7.880931e+01  1.510000e+00
     vertex  1.385375e+02 -7.752763e+01  1.510000e+00
     vertex  1.387135e+02 -7.766271e+01  1.510000e+00
   endloop
 endfacet
 facet normal  0.000000e+00  0.000000e+00  1.000000e+00
   outer loop
     vertex  1.598966e+02 -9.785931e+01  1.510000e+00
     vertex  1.577635e+02 -9.671271e+01  1.510000e+00
     vertex  1.597025e+02 -9.783375e+01  1.510000e+00
   endloop
 endfacet
 facet normal  0.000000e+00  0.000000e+00  1.000000e+00
   outer loop
     vertex  1.410275e+02 -7.888423e+01  1.510000e+00
     vertex  1.385375e+02 -7.752763e+01  1.510000e+00
     vertex  1.408466e+02 -7.880931e+01  1.510000e+00
   endloop
 endfacet
 facet normal  0.000000e+00  0.000000e+00  1.000000e+00
   outer loop
     vertex  1.565615e+02 -8.902479e+01  1.510000e+00
     vertex  1.565615e+02 -9.671271e+01  1.510000e+00
     vertex  1.567375e+02 -9.657763e+01  1.510000e+00
   endloop
 endfacet
 facet normal  0.000000e+00  0.000000e+00  1.000000e+00
   outer loop
     vertex  1.564264e+02 -8.884875e+01  1.510000e+00
     vertex  1.565615e+02 -9.671271e+01  1.510000e+00
     vertex  1.565615e+02 -8.902479e+01  1.510000e+00
   endloop
 endfacet
 facet normal  0.000000e+00  0.000000e+00  1.000000e+00
   outer loop
     vertex  1.564264e+02 -8.884875e+01  1.510000e+00
     vertex  1.564264e+02 -9.688875e+01  1.510000e+00
     vertex  1.565615e+02 -9.671271e+01  1.510000e+00
   endloop
 endfacet
 facet normal  0.000000e+00  0.000000e+00  1.000000e+00
   outer loop
     vertex  1.564264e+02 -8.884875e+01  1.510000e+00
     vertex  1.437228e+02 -8.641408e+01  1.510000e+00
     vertex  1.564264e+02 -9.688875e+01  1.510000e+00
   endloop
 endfacet
 facet normal  0.000000e+00  0.000000e+00  1.000000e+00
   outer loop
     vertex  1.567375e+02 -8.915987e+01  1.510000e+00
     vertex  1.565615e+02 -8.902479e+01  1.510000e+00
     vertex  1.567375e+02 -9.657763e+01  1.510000e+00
   endloop
 endfacet
 facet normal  0.000000e+00  0.000000e+00  1.000000e+00
   outer loop
     vertex  1.569425e+02 -8.924479e+01  1.510000e+00
     vertex  1.567375e+02 -8.915987e+01  1.510000e+00
     vertex  1.567375e+02 -9.657763e+01  1.510000e+00
   endloop
 endfacet
 facet normal  0.000000e+00  0.000000e+00  1.000000e+00
   outer loop
     vertex  1.569425e+02 -8.924479e+01  1.510000e+00
     vertex  1.567375e+02 -9.657763e+01  1.510000e+00
     vertex  1.569425e+02 -9.649271e+01  1.510000e+00
   endloop
 endfacet
 facet normal  0.000000e+00  0.000000e+00  1.000000e+00
   outer loop
     vertex  1.563415e+02 -8.864375e+01  1.510000e+00
     vertex  1.438420e+02 -8.625875e+01  1.510000e+00
     vertex  1.437228e+02 -8.641408e+01  1.510000e+00
   endloop
 endfacet
 facet normal  0.000000e+00  0.000000e+00  1.000000e+00
   outer loop
     vertex  1.563415e+02 -8.864375e+01  1.510000e+00
     vertex  1.437228e+02 -8.641408e+01  1.510000e+00
     vertex  1.564264e+02 -8.884875e+01  1.510000e+00
   endloop
 endfacet
 facet normal  0.000000e+00  0.000000e+00  1.000000e+00
   outer loop
     vertex  1.563125e+02 -8.842375e+01  1.510000e+00
     vertex  1.439169e+02 -8.607786e+01  1.510000e+00
     vertex  1.438420e+02 -8.625875e+01  1.510000e+00
   endloop
 endfacet
 facet normal  0.000000e+00  0.000000e+00  1.000000e+00
   outer loop
     vertex  1.563125e+02 -8.842375e+01  1.510000e+00
     vertex  1.438420e+02 -8.625875e+01  1.510000e+00
     vertex  1.563415e+02 -8.864375e+01  1.510000e+00
   endloop
 endfacet
 facet normal  0.000000e+00  0.000000e+00  1.000000e+00
   outer loop
     vertex  1.571625e+02 -8.927375e+01  1.510000e+00
     vertex  1.569425e+02 -8.924479e+01  1.510000e+00
     vertex  1.569425e+02 -9.649271e+01  1.510000e+00
   endloop
 endfacet
 facet normal  0.000000e+00  0.000000e+00  1.000000e+00
   outer loop
     vertex  1.571625e+02 -8.927375e+01  1.510000e+00
     vertex  1.569425e+02 -9.649271e+01  1.510000e+00
     vertex  1.571625e+02 -9.646375e+01  1.510000e+00
   endloop
 endfacet
 facet normal  0.000000e+00  0.000000e+00  1.000000e+00
   outer loop
     vertex  1.573825e+02 -8.924479e+01  1.510000e+00
     vertex  1.571625e+02 -8.927375e+01  1.510000e+00
     vertex  1.571625e+02 -9.646375e+01  1.510000e+00
   endloop
 endfacet
 facet normal  0.000000e+00  0.000000e+00  1.000000e+00
   outer loop
     vertex  1.573825e+02 -8.924479e+01  1.510000e+00
     vertex  1.571625e+02 -9.646375e+01  1.510000e+00
     vertex  1.573825e+02 -9.649271e+01  1.510000e+00
   endloop
 endfacet
 facet normal  0.000000e+00  0.000000e+00  1.000000e+00
   outer loop
     vertex  1.575875e+02 -8.915987e+01  1.510000e+00
     vertex  1.573825e+02 -8.924479e+01  1.510000e+00
     vertex  1.573825e+02 -9.649271e+01  1.510000e+00
   endloop
 endfacet
 facet normal  0.000000e+00  0.000000e+00  1.000000e+00
   outer loop
     vertex  1.575875e+02 -8.915987e+01  1.510000e+00
     vertex  1.573825e+02 -9.649271e+01  1.510000e+00
     vertex  1.575875e+02 -9.657763e+01  1.510000e+00
   endloop
 endfacet
 facet normal  0.000000e+00  0.000000e+00  1.000000e+00
   outer loop
     vertex  1.577635e+02 -8.902479e+01  1.510000e+00
     vertex  1.598966e+02 -9.785931e+01  1.510000e+00
     vertex  1.600775e+02 -9.793423e+01  1.510000e+00
   endloop
 endfacet
 facet normal  0.000000e+00  0.000000e+00  1.000000e+00
   outer loop
     vertex  1.577635e+02 -8.902479e+01  1.510000e+00
     vertex  1.577635e+02 -9.671271e+01  1.510000e+00
     vertex  1.598966e+02 -9.785931e+01  1.510000e+00
   endloop
 endfacet
 facet normal  0.000000e+00  0.000000e+00  1.000000e+00
   outer loop
     vertex  1.577635e+02 -8.902479e+01  1.510000e+00
     vertex  1.575875e+02 -8.915987e+01  1.510000e+00
     vertex  1.575875e+02 -9.657763e+01  1.510000e+00
   endloop
 endfacet
 facet normal  0.000000e+00  0.000000e+00  1.000000e+00
   outer loop
     vertex  1.577635e+02 -8.902479e+01  1.510000e+00
     vertex  1.575875e+02 -9.657763e+01  1.510000e+00
     vertex  1.577635e+02 -9.671271e+01  1.510000e+00
   endloop
 endfacet
 facet normal  0.000000e+00  0.000000e+00  1.000000e+00
   outer loop
     vertex  1.706594e+02 -1.008031e+02  1.510000e+00
     vertex  1.629669e+02 -1.047396e+02  1.510000e+00
     vertex  1.629925e+02 -1.049338e+02  1.510000e+00
   endloop
 endfacet
 facet normal  0.000000e+00  0.000000e+00  1.000000e+00
   outer loop
     vertex  1.705888e+02 -1.007110e+02  1.510000e+00
     vertex  1.629669e+02 -1.047396e+02  1.510000e+00
     vertex  1.706594e+02 -1.008031e+02  1.510000e+00
   endloop
 endfacet
 facet normal  0.000000e+00  0.000000e+00  1.000000e+00
   outer loop
     vertex  1.705888e+02 -1.007110e+02  1.510000e+00
     vertex  1.628920e+02 -1.045588e+02  1.510000e+00
     vertex  1.629669e+02 -1.047396e+02  1.510000e+00
   endloop
 endfacet
 facet normal  0.000000e+00  0.000000e+00  1.000000e+00
   outer loop
     vertex  1.707515e+02 -1.008737e+02  1.510000e+00
     vertex  1.629925e+02 -1.049338e+02  1.510000e+00
     vertex  1.629669e+02 -1.051279e+02  1.510000e+00
   endloop
 endfacet
 facet normal  0.000000e+00  0.000000e+00  1.000000e+00
   outer loop
     vertex  1.707515e+02 -1.008737e+02  1.510000e+00
     vertex  1.706594e+02 -1.008031e+02  1.510000e+00
     vertex  1.629925e+02 -1.049338e+02  1.510000e+00
   endloop
 endfacet
 facet normal  0.000000e+00  0.000000e+00  1.000000e+00
   outer loop
     vertex  1.705444e+02 -1.006038e+02  1.510000e+00
     vertex  1.628920e+02 -1.045588e+02  1.510000e+00
     vertex  1.705888e+02 -1.007110e+02  1.510000e+00
   endloop
 endfacet
 facet normal  0.000000e+00  0.000000e+00  1.000000e+00
   outer loop
     vertex  1.705444e+02 -1.006038e+02  1.510000e+00
     vertex  1.627728e+02 -1.044034e+02  1.510000e+00
     vertex  1.628920e+02 -1.045588e+02  1.510000e+00
   endloop
 endfacet
 facet normal  0.000000e+00  0.000000e+00  1.000000e+00
   outer loop
     vertex  1.708587e+02 -1.009181e+02  1.510000e+00
     vertex  1.629669e+02 -1.051279e+02  1.510000e+00
     vertex  1.628920e+02 -1.053088e+02  1.510000e+00
   endloop
 endfacet
 facet normal  0.000000e+00  0.000000e+00  1.000000e+00
   outer loop
     vertex  1.708587e+02 -1.009181e+02  1.510000e+00
     vertex  1.707515e+02 -1.008737e+02  1.510000e+00
     vertex  1.629669e+02 -1.051279e+02  1.510000e+00
   endloop
 endfacet
 facet normal  0.000000e+00  0.000000e+00  1.000000e+00
   outer loop
     vertex  1.705292e+02 -1.004887e+02  1.510000e+00
     vertex  1.626175e+02 -1.042842e+02  1.510000e+00
     vertex  1.627728e+02 -1.044034e+02  1.510000e+00
   endloop
 endfacet
 facet normal  0.000000e+00  0.000000e+00  1.000000e+00
   outer loop
     vertex  1.705292e+02 -1.004887e+02  1.510000e+00
     vertex  1.627728e+02 -1.044034e+02  1.510000e+00
     vertex  1.705444e+02 -1.006038e+02  1.510000e+00
   endloop
 endfacet
 facet normal  0.000000e+00  0.000000e+00  1.000000e+00
   outer loop
     vertex  1.705292e+02 -1.004887e+02  1.510000e+00
     vertex  1.604269e+02 -9.877786e+01  1.510000e+00
     vertex  1.626175e+02 -1.042842e+02  1.510000e+00
   endloop
 endfacet
 facet normal  0.000000e+00  0.000000e+00  1.000000e+00
   outer loop
     vertex  1.709737e+02 -1.009333e+02  1.510000e+00
     vertex  1.628920e+02 -1.053088e+02  1.510000e+00
     vertex  1.627728e+02 -1.054641e+02  1.510000e+00
   endloop
 endfacet
 facet normal  0.000000e+00  0.000000e+00  1.000000e+00
   outer loop
     vertex  1.709737e+02 -1.009333e+02  1.510000e+00
     vertex  1.708587e+02 -1.009181e+02  1.510000e+00
     vertex  1.628920e+02 -1.053088e+02  1.510000e+00
   endloop
 endfacet
 facet normal  0.000000e+00  0.000000e+00  1.000000e+00
   outer loop
     vertex  1.705444e+02 -1.003737e+02  1.510000e+00
     vertex  1.604269e+02 -9.877786e+01  1.510000e+00
     vertex  1.705292e+02 -1.004887e+02  1.510000e+00
   endloop
 endfacet
 facet normal  0.000000e+00  0.000000e+00  1.000000e+00
   outer loop
     vertex  1.705444e+02 -1.003737e+02  1.510000e+00
     vertex  1.604525e+02 -9.858375e+01  1.510000e+00
     vertex  1.604269e+02 -9.877786e+01  1.510000e+00
   endloop
 endfacet
 facet normal  0.000000e+00  0.000000e+00  1.000000e+00
   outer loop
     vertex  1.705888e+02 -1.002665e+02  1.510000e+00
     vertex  1.604269e+02 -9.838964e+01  1.510000e+00
     vertex  1.604525e+02 -9.858375e+01  1.510000e+00
   endloop
 endfacet
 facet normal  0.000000e+00  0.000000e+00  1.000000e+00
   outer loop
     vertex  1.705888e+02 -1.002665e+02  1.510000e+00
     vertex  1.604525e+02 -9.858375e+01  1.510000e+00
     vertex  1.705444e+02 -1.003737e+02  1.510000e+00
   endloop
 endfacet
 facet normal  0.000000e+00  0.000000e+00  1.000000e+00
   outer loop
     vertex  1.706594e+02 -1.001744e+02  1.510000e+00
     vertex  1.603520e+02 -9.820875e+01  1.510000e+00
     vertex  1.604269e+02 -9.838964e+01  1.510000e+00
   endloop
 endfacet
 facet normal  0.000000e+00  0.000000e+00  1.000000e+00
   outer loop
     vertex  1.706594e+02 -1.001744e+02  1.510000e+00
     vertex  1.604269e+02 -9.838964e+01  1.510000e+00
     vertex  1.705888e+02 -1.002665e+02  1.510000e+00
   endloop
 endfacet
 facet normal  0.000000e+00  0.000000e+00  1.000000e+00
   outer loop
     vertex  1.707515e+02 -1.001038e+02  1.510000e+00
     vertex  1.603520e+02 -9.820875e+01  1.510000e+00
     vertex  1.706594e+02 -1.001744e+02  1.510000e+00
   endloop
 endfacet
 facet normal  0.000000e+00  0.000000e+00  1.000000e+00
   outer loop
     vertex  1.892000e+02 -1.185000e+02  1.510000e+00
     vertex  1.627728e+02 -1.054641e+02  1.510000e+00
     vertex  1.626175e+02 -1.055833e+02  1.510000e+00
   endloop
 endfacet
 facet normal  0.000000e+00  0.000000e+00  1.000000e+00
   outer loop
     vertex  1.892000e+02 -1.185000e+02  1.510000e+00
     vertex  1.626175e+02 -1.055833e+02  1.510000e+00
     vertex  1.624366e+02 -1.056582e+02  1.510000e+00
   endloop
 endfacet
 facet normal  0.000000e+00  0.000000e+00  1.000000e+00
   outer loop
     vertex  1.892000e+02 -1.185000e+02  1.510000e+00
     vertex  1.624366e+02 -1.056582e+02  1.510000e+00
     vertex  1.575875e+02 -1.082099e+02  1.510000e+00
   endloop
 endfacet
 facet normal  0.000000e+00  0.000000e+00  1.000000e+00
   outer loop
     vertex  1.892000e+02 -1.185000e+02  1.510000e+00
     vertex  1.571625e+02 -1.083238e+02  1.510000e+00
     vertex  1.250000e+02 -1.185000e+02  1.510000e+00
   endloop
 endfacet
 facet normal  0.000000e+00  0.000000e+00  1.000000e+00
   outer loop
     vertex  1.892000e+02 -1.185000e+02  1.510000e+00
     vertex  1.575875e+02 -1.082099e+02  1.510000e+00
     vertex  1.573825e+02 -1.082948e+02  1.510000e+00
   endloop
 endfacet
 facet normal  0.000000e+00  0.000000e+00  1.000000e+00
   outer loop
     vertex  1.892000e+02 -1.185000e+02  1.510000e+00
     vertex  1.573825e+02 -1.082948e+02  1.510000e+00
     vertex  1.571625e+02 -1.083238e+02  1.510000e+00
   endloop
 endfacet
 facet normal  0.000000e+00  0.000000e+00  1.000000e+00
   outer loop
     vertex  1.557483e+02 -8.475796e+01  1.510000e+00
     vertex  1.563415e+02 -8.820375e+01  1.510000e+00
     vertex  1.564264e+02 -8.799875e+01  1.510000e+00
   endloop
 endfacet
 facet normal  0.000000e+00  0.000000e+00  1.000000e+00
   outer loop
     vertex  1.561625e+02 -8.507580e+01  1.510000e+00
     vertex  1.557483e+02 -8.475796e+01  1.510000e+00
     vertex  1.564264e+02 -8.799875e+01  1.510000e+00
   endloop
 endfacet
 facet normal  0.000000e+00  0.000000e+00  1.000000e+00
   outer loop
     vertex  1.561625e+02 -8.507580e+01  1.510000e+00
     vertex  1.564264e+02 -8.799875e+01  1.510000e+00
     vertex  1.565615e+02 -8.782271e+01  1.510000e+00
   endloop
 endfacet
 facet normal  0.000000e+00  0.000000e+00  1.000000e+00
   outer loop
     vertex  1.561625e+02 -8.507580e+01  1.510000e+00
     vertex  1.565615e+02 -8.782271e+01  1.510000e+00
     vertex  1.567375e+02 -8.768763e+01  1.510000e+00
   endloop
 endfacet
 facet normal  0.000000e+00  0.000000e+00  1.000000e+00
   outer loop
     vertex  1.554304e+02 -8.434375e+01  1.510000e+00
     vertex  1.439169e+02 -8.607786e+01  1.510000e+00
     vertex  1.563125e+02 -8.842375e+01  1.510000e+00
   endloop
 endfacet
 facet normal  0.000000e+00  0.000000e+00  1.000000e+00
   outer loop
     vertex  1.554304e+02 -8.434375e+01  1.510000e+00
     vertex  1.439425e+02 -8.588375e+01  1.510000e+00
     vertex  1.439169e+02 -8.607786e+01  1.510000e+00
   endloop
 endfacet
 facet normal  0.000000e+00  0.000000e+00  1.000000e+00
   outer loop
     vertex  1.554304e+02 -8.434375e+01  1.510000e+00
     vertex  1.563415e+02 -8.820375e+01  1.510000e+00
     vertex  1.557483e+02 -8.475796e+01  1.510000e+00
   endloop
 endfacet
 facet normal  0.000000e+00  0.000000e+00  1.000000e+00
   outer loop
     vertex  1.554304e+02 -8.434375e+01  1.510000e+00
     vertex  1.563125e+02 -8.842375e+01  1.510000e+00
     vertex  1.563415e+02 -8.820375e+01  1.510000e+00
   endloop
 endfacet
 facet normal  0.000000e+00  0.000000e+00  1.000000e+00
   outer loop
     vertex  1.552306e+02 -8.386139e+01  1.510000e+00
     vertex  1.439425e+02 -8.588375e+01  1.510000e+00
     vertex  1.554304e+02 -8.434375e+01  1.510000e+00
   endloop
 endfacet
 facet normal  0.000000e+00  0.000000e+00  1.000000e+00
   outer loop
     vertex  1.552306e+02 -8.386139e+01  1.510000e+00
     vertex  1.439169e+02 -8.568964e+01  1.510000e+00
     vertex  1.439425e+02 -8.588375e+01  1.510000e+00
   endloop
 endfacet
 facet normal  0.000000e+00  0.000000e+00  1.000000e+00
   outer loop
     vertex  1.566449e+02 -8.527560e+01  1.510000e+00
     vertex  1.561625e+02 -8.507580e+01  1.510000e+00
     vertex  1.567375e+02 -8.768763e+01  1.510000e+00
   endloop
 endfacet
 facet normal  0.000000e+00  0.000000e+00  1.000000e+00
   outer loop
     vertex  1.566449e+02 -8.527560e+01  1.510000e+00
     vertex  1.567375e+02 -8.768763e+01  1.510000e+00
     vertex  1.569425e+02 -8.760271e+01  1.510000e+00
   endloop
 endfacet
 facet normal  0.000000e+00  0.000000e+00  1.000000e+00
   outer loop
     vertex  1.551625e+02 -8.334375e+01  1.510000e+00
     vertex  1.439169e+02 -8.568964e+01  1.510000e+00
     vertex  1.552306e+02 -8.386139e+01  1.510000e+00
   endloop
 endfacet
 facet normal  0.000000e+00  0.000000e+00  1.000000e+00
   outer loop
     vertex  1.551625e+02 -8.334375e+01  1.510000e+00
     vertex  1.438420e+02 -8.550875e+01  1.510000e+00
     vertex  1.439169e+02 -8.568964e+01  1.510000e+00
   endloop
 endfacet
 facet normal  0.000000e+00  0.000000e+00  1.000000e+00
   outer loop
     vertex  1.571625e+02 -8.534375e+01  1.510000e+00
     vertex  1.566449e+02 -8.527560e+01  1.510000e+00
     vertex  1.569425e+02 -8.760271e+01  1.510000e+00
   endloop
 endfacet
 facet normal  0.000000e+00  0.000000e+00  1.000000e+00
   outer loop
     vertex  1.571625e+02 -8.534375e+01  1.510000e+00
     vertex  1.569425e+02 -8.760271e+01  1.510000e+00
     vertex  1.571625e+02 -8.757375e+01  1.510000e+00
   endloop
 endfacet
 facet normal  0.000000e+00  0.000000e+00  1.000000e+00
   outer loop
     vertex  1.571625e+02 -8.534375e+01  1.510000e+00
     vertex  1.571625e+02 -8.757375e+01  1.510000e+00
     vertex  1.573825e+02 -8.760271e+01  1.510000e+00
   endloop
 endfacet
 facet normal  0.000000e+00  0.000000e+00  1.000000e+00
   outer loop
     vertex  1.552306e+02 -8.282611e+01  1.510000e+00
     vertex  1.438420e+02 -8.550875e+01  1.510000e+00
     vertex  1.551625e+02 -8.334375e+01  1.510000e+00
   endloop
 endfacet
 facet normal  0.000000e+00  0.000000e+00  1.000000e+00
   outer loop
     vertex  1.552306e+02 -8.282611e+01  1.510000e+00
     vertex  1.437228e+02 -8.535342e+01  1.510000e+00
     vertex  1.438420e+02 -8.550875e+01  1.510000e+00
   endloop
 endfacet
 facet normal  0.000000e+00  0.000000e+00  1.000000e+00
   outer loop
     vertex  1.552306e+02 -8.282611e+01  1.510000e+00
     vertex  1.414025e+02 -7.953375e+01  1.510000e+00
     vertex  1.437228e+02 -8.535342e+01  1.510000e+00
   endloop
 endfacet
 facet normal  0.000000e+00  0.000000e+00  1.000000e+00
   outer loop
     vertex  1.576801e+02 -8.527560e+01  1.510000e+00
     vertex  1.573825e+02 -8.760271e+01  1.510000e+00
     vertex  1.575875e+02 -8.768763e+01  1.510000e+00
   endloop
 endfacet
 facet normal  0.000000e+00  0.000000e+00  1.000000e+00
   outer loop
     vertex  1.576801e+02 -8.527560e+01  1.510000e+00
     vertex  1.571625e+02 -8.534375e+01  1.510000e+00
     vertex  1.573825e+02 -8.760271e+01  1.510000e+00
   endloop
 endfacet
 facet normal  0.000000e+00  0.000000e+00  1.000000e+00
   outer loop
     vertex  1.731288e+02 -1.007110e+02  1.510000e+00
     vertex  1.712881e+02 -1.008031e+02  1.510000e+00
     vertex  1.731994e+02 -1.008031e+02  1.510000e+00
   endloop
 endfacet
 facet normal  0.000000e+00  0.000000e+00  1.000000e+00
   outer loop
     vertex  1.731288e+02 -1.007110e+02  1.510000e+00
     vertex  1.713587e+02 -1.007110e+02  1.510000e+00
     vertex  1.712881e+02 -1.008031e+02  1.510000e+00
   endloop
 endfacet
 facet normal  0.000000e+00  0.000000e+00  1.000000e+00
   outer loop
     vertex  1.732915e+02 -1.008737e+02  1.510000e+00
     vertex  1.731994e+02 -1.008031e+02  1.510000e+00
     vertex  1.712881e+02 -1.008031e+02  1.510000e+00
   endloop
 endfacet
 facet normal  0.000000e+00  0.000000e+00  1.000000e+00
   outer loop
     vertex  1.732915e+02 -1.008737e+02  1.510000e+00
     vertex  1.712881e+02 -1.008031e+02  1.510000e+00
     vertex  1.711960e+02 -1.008737e+02  1.510000e+00
   endloop
 endfacet
 facet normal  0.000000e+00  0.000000e+00  1.000000e+00
   outer loop
     vertex  1.732915e+02 -1.008737e+02  1.510000e+00
     vertex  1.711960e+02 -1.008737e+02  1.510000e+00
     vertex  1.710888e+02 -1.009181e+02  1.510000e+00
   endloop
 endfacet
 facet normal  0.000000e+00  0.000000e+00  1.000000e+00
   outer loop
     vertex  1.733987e+02 -1.009181e+02  1.510000e+00
     vertex  1.732915e+02 -1.008737e+02  1.510000e+00
     vertex  1.710888e+02 -1.009181e+02  1.510000e+00
   endloop
 endfacet
 facet normal  0.000000e+00  0.000000e+00  1.000000e+00
   outer loop
     vertex  1.730844e+02 -1.006038e+02  1.510000e+00
     vertex  1.713587e+02 -1.007110e+02  1.510000e+00
     vertex  1.731288e+02 -1.007110e+02  1.510000e+00
   endloop
 endfacet
 facet normal  0.000000e+00  0.000000e+00  1.000000e+00
   outer loop
     vertex  1.730844e+02 -1.006038e+02  1.510000e+00
     vertex  1.714031e+02 -1.006038e+02  1.510000e+00
     vertex  1.713587e+02 -1.007110e+02  1.510000e+00
   endloop
 endfacet
 facet normal  0.000000e+00  0.000000e+00  1.000000e+00
   outer loop
     vertex  1.735137e+02 -1.009333e+02  1.510000e+00
     vertex  1.710888e+02 -1.009181e+02  1.510000e+00
     vertex  1.709737e+02 -1.009333e+02  1.510000e+00
   endloop
 endfacet
 facet normal  0.000000e+00  0.000000e+00  1.000000e+00
   outer loop
     vertex  1.735137e+02 -1.009333e+02  1.510000e+00
     vertex  1.733987e+02 -1.009181e+02  1.510000e+00
     vertex  1.710888e+02 -1.009181e+02  1.510000e+00
   endloop
 endfacet
 facet normal  0.000000e+00  0.000000e+00  1.000000e+00
   outer loop
     vertex  1.735137e+02 -1.009333e+02  1.510000e+00
     vertex  1.627728e+02 -1.054641e+02  1.510000e+00
     vertex  1.892000e+02 -1.185000e+02  1.510000e+00
   endloop
 endfacet
 facet normal  0.000000e+00  0.000000e+00  1.000000e+00
   outer loop
     vertex  1.735137e+02 -1.009333e+02  1.510000e+00
     vertex  1.709737e+02 -1.009333e+02  1.510000e+00
     vertex  1.627728e+02 -1.054641e+02  1.510000e+00
   endloop
 endfacet
 facet normal  0.000000e+00  0.000000e+00  1.000000e+00
   outer loop
     vertex  1.730693e+02 -1.004887e+02  1.510000e+00
     vertex  1.714031e+02 -1.006038e+02  1.510000e+00
     vertex  1.730844e+02 -1.006038e+02  1.510000e+00
   endloop
 endfacet
 facet normal  0.000000e+00  0.000000e+00  1.000000e+00
   outer loop
     vertex  1.730693e+02 -1.004887e+02  1.510000e+00
     vertex  1.714031e+02 -1.003737e+02  1.510000e+00
     vertex  1.714183e+02 -1.004887e+02  1.510000e+00
   endloop
 endfacet
 facet normal  0.000000e+00  0.000000e+00  1.000000e+00
   outer loop
     vertex  1.730693e+02 -1.004887e+02  1.510000e+00
     vertex  1.714183e+02 -1.004887e+02  1.510000e+00
     vertex  1.714031e+02 -1.006038e+02  1.510000e+00
   endloop
 endfacet
 facet normal  0.000000e+00  0.000000e+00  1.000000e+00
   outer loop
     vertex  1.730844e+02 -1.003737e+02  1.510000e+00
     vertex  1.714031e+02 -1.003737e+02  1.510000e+00
     vertex  1.730693e+02 -1.004887e+02  1.510000e+00
   endloop
 endfacet
 facet normal  0.000000e+00  0.000000e+00  1.000000e+00
   outer loop
     vertex  1.731288e+02 -1.002665e+02  1.510000e+00
     vertex  1.714031e+02 -1.003737e+02  1.510000e+00
     vertex  1.730844e+02 -1.003737e+02  1.510000e+00
   endloop
 endfacet
 facet normal  0.000000e+00  0.000000e+00  1.000000e+00
   outer loop
     vertex  1.731288e+02 -1.002665e+02  1.510000e+00
     vertex  1.712881e+02 -1.001744e+02  1.510000e+00
     vertex  1.713587e+02 -1.002665e+02  1.510000e+00
   endloop
 endfacet
 facet normal  0.000000e+00  0.000000e+00  1.000000e+00
   outer loop
     vertex  1.731288e+02 -1.002665e+02  1.510000e+00
     vertex  1.713587e+02 -1.002665e+02  1.510000e+00
     vertex  1.714031e+02 -1.003737e+02  1.510000e+00
   endloop
 endfacet
 facet normal  0.000000e+00  0.000000e+00  1.000000e+00
   outer loop
     vertex  1.731994e+02 -1.001744e+02  1.510000e+00
     vertex  1.712881e+02 -1.001744e+02  1.510000e+00
     vertex  1.731288e+02 -1.002665e+02  1.510000e+00
   endloop
 endfacet
 facet normal  0.000000e+00  0.000000e+00  1.000000e+00
   outer loop
     vertex  1.731994e+02 -1.001744e+02  1.510000e+00
     vertex  1.711960e+02 -1.001038e+02  1.510000e+00
     vertex  1.712881e+02 -1.001744e+02  1.510000e+00
   endloop
 endfacet
 facet normal  0.000000e+00  0.000000e+00  1.000000e+00
   outer loop
     vertex  1.581625e+02 -8.507580e+01  1.510000e+00
     vertex  1.576801e+02 -8.527560e+01  1.510000e+00
     vertex  1.575875e+02 -8.768763e+01  1.510000e+00
   endloop
 endfacet
 facet normal  0.000000e+00  0.000000e+00  1.000000e+00
   outer loop
     vertex  1.581625e+02 -8.507580e+01  1.510000e+00
     vertex  1.575875e+02 -8.768763e+01  1.510000e+00
     vertex  1.577635e+02 -8.782271e+01  1.510000e+00
   endloop
 endfacet
 facet normal  0.000000e+00  0.000000e+00  1.000000e+00
   outer loop
     vertex  1.581625e+02 -8.507580e+01  1.510000e+00
     vertex  1.577635e+02 -8.782271e+01  1.510000e+00
     vertex  1.578986e+02 -8.799875e+01  1.510000e+00
   endloop
 endfacet
 facet normal  0.000000e+00  0.000000e+00  1.000000e+00
   outer loop
     vertex  1.554304e+02 -8.234375e+01  1.510000e+00
     vertex  1.414025e+02 -7.953375e+01  1.510000e+00
     vertex  1.552306e+02 -8.282611e+01  1.510000e+00
   endloop
 endfacet
 facet normal  0.000000e+00  0.000000e+00  1.000000e+00
   outer loop
     vertex  1.732915e+02 -1.001038e+02  1.510000e+00
     vertex  1.710888e+02 -1.000594e+02  1.510000e+00
     vertex  1.711960e+02 -1.001038e+02  1.510000e+00
   endloop
 endfacet
 facet normal  0.000000e+00  0.000000e+00  1.000000e+00
   outer loop
     vertex  1.732915e+02 -1.001038e+02  1.510000e+00
     vertex  1.711960e+02 -1.001038e+02  1.510000e+00
     vertex  1.731994e+02 -1.001744e+02  1.510000e+00
   endloop
 endfacet
 facet normal  0.000000e+00  0.000000e+00  1.000000e+00
   outer loop
     vertex  1.733987e+02 -1.000594e+02  1.510000e+00
     vertex  1.710888e+02 -1.000594e+02  1.510000e+00
     vertex  1.732915e+02 -1.001038e+02  1.510000e+00
   endloop
 endfacet
 facet normal  0.000000e+00  0.000000e+00  1.000000e+00
   outer loop
     vertex  1.756688e+02 -1.007110e+02  1.510000e+00
     vertex  1.738281e+02 -1.008031e+02  1.510000e+00
     vertex  1.757394e+02 -1.008031e+02  1.510000e+00
   endloop
 endfacet
 facet normal  0.000000e+00  0.000000e+00  1.000000e+00
   outer loop
     vertex  1.756688e+02 -1.007110e+02  1.510000e+00
     vertex  1.739431e+02 -1.006038e+02  1.510000e+00
     vertex  1.738987e+02 -1.007110e+02  1.510000e+00
   endloop
 endfacet
 facet normal  0.000000e+00  0.000000e+00  1.000000e+00
   outer loop
     vertex  1.756688e+02 -1.007110e+02  1.510000e+00
     vertex  1.738987e+02 -1.007110e+02  1.510000e+00
     vertex  1.738281e+02 -1.008031e+02  1.510000e+00
   endloop
 endfacet
 facet normal  0.000000e+00  0.000000e+00  1.000000e+00
   outer loop
     vertex  1.758315e+02 -1.008737e+02  1.510000e+00
     vertex  1.757394e+02 -1.008031e+02  1.510000e+00
     vertex  1.738281e+02 -1.008031e+02  1.510000e+00
   endloop
 endfacet
 facet normal  0.000000e+00  0.000000e+00  1.000000e+00
   outer loop
     vertex  1.758315e+02 -1.008737e+02  1.510000e+00
     vertex  1.738281e+02 -1.008031e+02  1.510000e+00
     vertex  1.737360e+02 -1.008737e+02  1.510000e+00
   endloop
 endfacet
 facet normal  0.000000e+00  0.000000e+00  1.000000e+00
   outer loop
     vertex  1.759387e+02 -1.009181e+02  1.510000e+00
     vertex  1.758315e+02 -1.008737e+02  1.510000e+00
     vertex  1.737360e+02 -1.008737e+02  1.510000e+00
   endloop
 endfacet
 facet normal  0.000000e+00  0.000000e+00  1.000000e+00
   outer loop
     vertex  1.759387e+02 -1.009181e+02  1.510000e+00
     vertex  1.737360e+02 -1.008737e+02  1.510000e+00
     vertex  1.736288e+02 -1.009181e+02  1.510000e+00
   endloop
 endfacet
 facet normal  0.000000e+00  0.000000e+00  1.000000e+00
   outer loop
     vertex  1.759387e+02 -1.009181e+02  1.510000e+00
     vertex  1.736288e+02 -1.009181e+02  1.510000e+00
     vertex  1.735137e+02 -1.009333e+02  1.510000e+00
   endloop
 endfacet
 facet normal  0.000000e+00  0.000000e+00  1.000000e+00
   outer loop
     vertex  1.756244e+02 -1.006038e+02  1.510000e+00
     vertex  1.739431e+02 -1.006038e+02  1.510000e+00
     vertex  1.756688e+02 -1.007110e+02  1.510000e+00
   endloop
 endfacet
 facet normal  0.000000e+00  0.000000e+00  1.000000e+00
   outer loop
     vertex  1.756093e+02 -1.004887e+02  1.510000e+00
     vertex  1.739431e+02 -1.006038e+02  1.510000e+00
     vertex  1.756244e+02 -1.006038e+02  1.510000e+00
   endloop
 endfacet
 facet normal  0.000000e+00  0.000000e+00  1.000000e+00
   outer loop
     vertex  1.756093e+02 -1.004887e+02  1.510000e+00
     vertex  1.739431e+02 -1.003737e+02  1.510000e+00
     vertex  1.739582e+02 -1.004888e+02  1.510000e+00
   endloop
 endfacet
 facet normal  0.000000e+00  0.000000e+00  1.000000e+00
   outer loop
     vertex  1.756093e+02 -1.004887e+02  1.510000e+00
     vertex  1.739582e+02 -1.004888e+02  1.510000e+00
     vertex  1.739431e+02 -1.006038e+02  1.510000e+00
   endloop
 endfacet
 facet normal  0.000000e+00  0.000000e+00  1.000000e+00
   outer loop
     vertex  1.760538e+02 -1.009333e+02  1.510000e+00
     vertex  1.759387e+02 -1.009181e+02  1.510000e+00
     vertex  1.735137e+02 -1.009333e+02  1.510000e+00
   endloop
 endfacet
 facet normal  0.000000e+00  0.000000e+00  1.000000e+00
   outer loop
     vertex  1.760538e+02 -1.009333e+02  1.510000e+00
     vertex  1.735137e+02 -1.009333e+02  1.510000e+00
     vertex  1.892000e+02 -1.185000e+02  1.510000e+00
   endloop
 endfacet
 facet normal  0.000000e+00  0.000000e+00  1.000000e+00
   outer loop
     vertex  1.756244e+02 -1.003737e+02  1.510000e+00
     vertex  1.739431e+02 -1.003737e+02  1.510000e+00
     vertex  1.756093e+02 -1.004887e+02  1.510000e+00
   endloop
 endfacet
 facet normal  0.000000e+00  0.000000e+00  1.000000e+00
   outer loop
     vertex  1.617122e+02 -8.641408e+01  1.510000e+00
     vertex  1.579835e+02 -8.820375e+01  1.510000e+00
     vertex  1.580125e+02 -8.842375e+01  1.510000e+00
   endloop
 endfacet
 facet normal  0.000000e+00  0.000000e+00  1.000000e+00
   outer loop
     vertex  1.618675e+02 -8.653327e+01  1.510000e+00
     vertex  1.617122e+02 -8.641408e+01  1.510000e+00
     vertex  1.580125e+02 -8.842375e+01  1.510000e+00
   endloop
 endfacet
 facet normal  0.000000e+00  0.000000e+00  1.000000e+00
   outer loop
     vertex  1.618675e+02 -8.653327e+01  1.510000e+00
     vertex  1.580125e+02 -8.842375e+01  1.510000e+00
     vertex  1.579835e+02 -8.864375e+01  1.510000e+00
   endloop
 endfacet
 facet normal  0.000000e+00  0.000000e+00  1.000000e+00
   outer loop
     vertex  1.615930e+02 -8.625875e+01  1.510000e+00
     vertex  1.579835e+02 -8.820375e+01  1.510000e+00
     vertex  1.617122e+02 -8.641408e+01  1.510000e+00
   endloop
 endfacet
 facet normal  0.000000e+00  0.000000e+00  1.000000e+00
   outer loop
     vertex  1.615930e+02 -8.625875e+01  1.510000e+00
     vertex  1.578986e+02 -8.799875e+01  1.510000e+00
     vertex  1.579835e+02 -8.820375e+01  1.510000e+00
   endloop
 endfacet
 facet normal  0.000000e+00  0.000000e+00  1.000000e+00
   outer loop
     vertex  1.756688e+02 -1.002665e+02  1.510000e+00
     vertex  1.739431e+02 -1.003737e+02  1.510000e+00
     vertex  1.756244e+02 -1.003737e+02  1.510000e+00
   endloop
 endfacet
 facet normal  0.000000e+00  0.000000e+00  1.000000e+00
   outer loop
     vertex  1.756688e+02 -1.002665e+02  1.510000e+00
     vertex  1.738281e+02 -1.001744e+02  1.510000e+00
     vertex  1.738987e+02 -1.002665e+02  1.510000e+00
   endloop
 endfacet
 facet normal  0.000000e+00  0.000000e+00  1.000000e+00
   outer loop
     vertex  1.756688e+02 -1.002665e+02  1.510000e+00
     vertex  1.738987e+02 -1.002665e+02  1.510000e+00
     vertex  1.739431e+02 -1.003737e+02  1.510000e+00
   endloop
 endfacet
 facet normal  0.000000e+00  0.000000e+00  1.000000e+00
   outer loop
     vertex  1.615181e+02 -8.607786e+01  1.510000e+00
     vertex  1.581625e+02 -8.507580e+01  1.510000e+00
     vertex  1.578986e+02 -8.799875e+01  1.510000e+00
   endloop
 endfacet
 facet normal  0.000000e+00  0.000000e+00  1.000000e+00
   outer loop
     vertex  1.615181e+02 -8.607786e+01  1.510000e+00
     vertex  1.585767e+02 -8.475796e+01  1.510000e+00
     vertex  1.581625e+02 -8.507580e+01  1.510000e+00
   endloop
 endfacet
 facet normal  0.000000e+00  0.000000e+00  1.000000e+00
   outer loop
     vertex  1.615181e+02 -8.607786e+01  1.510000e+00
     vertex  1.578986e+02 -8.799875e+01  1.510000e+00
     vertex  1.615930e+02 -8.625875e+01  1.510000e+00
   endloop
 endfacet
 facet normal  0.000000e+00  0.000000e+00  1.000000e+00
   outer loop
     vertex  1.620484e+02 -8.660819e+01  1.510000e+00
     vertex  1.618675e+02 -8.653327e+01  1.510000e+00
     vertex  1.579835e+02 -8.864375e+01  1.510000e+00
   endloop
 endfacet
 facet normal  0.000000e+00  0.000000e+00  1.000000e+00
   outer loop
     vertex  1.620484e+02 -8.660819e+01  1.510000e+00
     vertex  1.579835e+02 -8.864375e+01  1.510000e+00
     vertex  1.578986e+02 -8.884875e+01  1.510000e+00
   endloop
 endfacet
 facet normal  0.000000e+00  0.000000e+00  1.000000e+00
   outer loop
     vertex  1.757394e+02 -1.001744e+02  1.510000e+00
     vertex  1.738281e+02 -1.001744e+02  1.510000e+00
     vertex  1.756688e+02 -1.002665e+02  1.510000e+00
   endloop
 endfacet
 facet normal  0.000000e+00  0.000000e+00  1.000000e+00
   outer loop
     vertex  1.614925e+02 -8.588375e+01  1.510000e+00
     vertex  1.585767e+02 -8.475796e+01  1.510000e+00
     vertex  1.615181e+02 -8.607786e+01  1.510000e+00
   endloop
 endfacet
 facet normal  0.000000e+00  0.000000e+00  1.000000e+00
   outer loop
     vertex  1.622425e+02 -8.663375e+01  1.510000e+00
     vertex  1.620484e+02 -8.660819e+01  1.510000e+00
     vertex  1.578986e+02 -8.884875e+01  1.510000e+00
   endloop
 endfacet
 facet normal  0.000000e+00  0.000000e+00  1.000000e+00
   outer loop
     vertex  1.622425e+02 -8.663375e+01  1.510000e+00
     vertex  1.577635e+02 -8.902479e+01  1.510000e+00
     vertex  1.600775e+02 -9.793423e+01  1.510000e+00
   endloop
 endfacet
 facet normal  0.000000e+00  0.000000e+00  1.000000e+00
   outer loop
     vertex  1.622425e+02 -8.663375e+01  1.510000e+00
     vertex  1.578986e+02 -8.884875e+01  1.510000e+00
     vertex  1.577635e+02 -8.902479e+01  1.510000e+00
   endloop
 endfacet
 facet normal  0.000000e+00  0.000000e+00  1.000000e+00
   outer loop
     vertex  1.758315e+02 -1.001038e+02  1.510000e+00
     vertex  1.738281e+02 -1.001744e+02  1.510000e+00
     vertex  1.757394e+02 -1.001744e+02  1.510000e+00
   endloop
 endfacet
 facet normal  0.000000e+00  0.000000e+00  1.000000e+00
   outer loop
     vertex  1.758315e+02 -1.001038e+02  1.510000e+00
     vertex  1.737360e+02 -1.001038e+02  1.510000e+00
     vertex  1.738281e+02 -1.001744e+02  1.510000e+00
   endloop
 endfacet
 facet normal  0.000000e+00  0.000000e+00  1.000000e+00
   outer loop
     vertex  1.615181e+02 -8.568964e+01  1.510000e+00
     vertex  1.585767e+02 -8.475796e+01  1.510000e+00
     vertex  1.614925e+02 -8.588375e+01  1.510000e+00
   endloop
 endfacet
 facet normal  0.000000e+00  0.000000e+00  1.000000e+00
   outer loop
     vertex  1.615181e+02 -8.568964e+01  1.510000e+00
     vertex  1.588946e+02 -8.434375e+01  1.510000e+00
     vertex  1.585767e+02 -8.475796e+01  1.510000e+00
   endloop
 endfacet
 facet normal  0.000000e+00  0.000000e+00  1.000000e+00
   outer loop
     vertex  1.624366e+02 -8.660819e+01  1.510000e+00
     vertex  1.622425e+02 -8.663375e+01  1.510000e+00
     vertex  1.600775e+02 -9.793423e+01  1.510000e+00
   endloop
 endfacet
 facet normal  0.000000e+00  0.000000e+00  1.000000e+00
   outer loop
     vertex  1.624366e+02 -8.660819e+01  1.510000e+00
     vertex  1.600775e+02 -9.793423e+01  1.510000e+00
     vertex  1.602328e+02 -9.805342e+01  1.510000e+00
   endloop
 endfacet
 facet normal  0.000000e+00  0.000000e+00  1.000000e+00
   outer loop
     vertex  1.759387e+02 -1.000594e+02  1.510000e+00
     vertex  1.737360e+02 -1.001038e+02  1.510000e+00
     vertex  1.758315e+02 -1.001038e+02  1.510000e+00
   endloop
 endfacet
 facet normal  0.000000e+00  0.000000e+00  1.000000e+00
   outer loop
     vertex  1.759387e+02 -1.000594e+02  1.510000e+00
     vertex  1.736288e+02 -1.000594e+02  1.510000e+00
     vertex  1.737360e+02 -1.001038e+02  1.510000e+00
   endloop
 endfacet
 facet normal  0.000000e+00  0.000000e+00  1.000000e+00
   outer loop
     vertex  1.626175e+02 -8.653327e+01  1.510000e+00
     vertex  1.624366e+02 -8.660819e+01  1.510000e+00
     vertex  1.602328e+02 -9.805342e+01  1.510000e+00
   endloop
 endfacet
 facet normal  0.000000e+00  0.000000e+00  1.000000e+00
   outer loop
     vertex  1.626175e+02 -8.653327e+01  1.510000e+00
     vertex  1.603520e+02 -9.820875e+01  1.510000e+00
     vertex  1.707515e+02 -1.001038e+02  1.510000e+00
   endloop
 endfacet
 facet normal  0.000000e+00  0.000000e+00  1.000000e+00
   outer loop
     vertex  1.626175e+02 -8.653327e+01  1.510000e+00
     vertex  1.602328e+02 -9.805342e+01  1.510000e+00
     vertex  1.603520e+02 -9.820875e+01  1.510000e+00
   endloop
 endfacet
 facet normal  0.000000e+00  0.000000e+00  1.000000e+00
   outer loop
     vertex  1.615930e+02 -8.550875e+01  1.510000e+00
     vertex  1.588946e+02 -8.434375e+01  1.510000e+00
     vertex  1.615181e+02 -8.568964e+01  1.510000e+00
   endloop
 endfacet
 facet normal  0.000000e+00  0.000000e+00  1.000000e+00
   outer loop
     vertex  1.615930e+02 -8.550875e+01  1.510000e+00
     vertex  1.590944e+02 -8.386139e+01  1.510000e+00
     vertex  1.588946e+02 -8.434375e+01  1.510000e+00
   endloop
 endfacet
 facet normal  0.000000e+00  0.000000e+00  1.000000e+00
   outer loop
     vertex  1.617122e+02 -8.535342e+01  1.510000e+00
     vertex  1.590944e+02 -8.386139e+01  1.510000e+00
     vertex  1.615930e+02 -8.550875e+01  1.510000e+00
   endloop
 endfacet
 facet normal  0.000000e+00  0.000000e+00  1.000000e+00
   outer loop
     vertex  1.618675e+02 -8.523423e+01  1.510000e+00
     vertex  1.591625e+02 -8.334375e+01  1.510000e+00
     vertex  1.590944e+02 -8.386139e+01  1.510000e+00
   endloop
 endfacet
 facet normal  0.000000e+00  0.000000e+00  1.000000e+00
   outer loop
     vertex  1.618675e+02 -8.523423e+01  1.510000e+00
     vertex  1.590944e+02 -8.386139e+01  1.510000e+00
     vertex  1.617122e+02 -8.535342e+01  1.510000e+00
   endloop
 endfacet
 facet normal  0.000000e+00  0.000000e+00  1.000000e+00
   outer loop
     vertex  1.620484e+02 -8.515931e+01  1.510000e+00
     vertex  1.590944e+02 -8.282611e+01  1.510000e+00
     vertex  1.591625e+02 -8.334375e+01  1.510000e+00
   endloop
 endfacet
 facet normal  0.000000e+00  0.000000e+00  1.000000e+00
   outer loop
     vertex  1.620484e+02 -8.515931e+01  1.510000e+00
     vertex  1.591625e+02 -8.334375e+01  1.510000e+00
     vertex  1.618675e+02 -8.523423e+01  1.510000e+00
   endloop
 endfacet
 facet normal  0.000000e+00  0.000000e+00  1.000000e+00
   outer loop
     vertex  1.622425e+02 -8.513375e+01  1.510000e+00
     vertex  1.590944e+02 -8.282611e+01  1.510000e+00
     vertex  1.620484e+02 -8.515931e+01  1.510000e+00
   endloop
 endfacet
 facet normal  0.000000e+00  0.000000e+00  1.000000e+00
   outer loop
     vertex  1.782088e+02 -1.007110e+02  1.510000e+00
     vertex  1.763681e+02 -1.008031e+02  1.510000e+00
     vertex  1.782794e+02 -1.008031e+02  1.510000e+00
   endloop
 endfacet
 facet normal  0.000000e+00  0.000000e+00  1.000000e+00
   outer loop
     vertex  1.782088e+02 -1.007110e+02  1.510000e+00
     vertex  1.764831e+02 -1.006038e+02  1.510000e+00
     vertex  1.764387e+02 -1.007110e+02  1.510000e+00
   endloop
 endfacet
 facet normal  0.000000e+00  0.000000e+00  1.000000e+00
   outer loop
     vertex  1.782088e+02 -1.007110e+02  1.510000e+00
     vertex  1.764387e+02 -1.007110e+02  1.510000e+00
     vertex  1.763681e+02 -1.008031e+02  1.510000e+00
   endloop
 endfacet
 facet normal  0.000000e+00  0.000000e+00  1.000000e+00
   outer loop
     vertex  1.783715e+02 -1.008737e+02  1.510000e+00
     vertex  1.782794e+02 -1.008031e+02  1.510000e+00
     vertex  1.763681e+02 -1.008031e+02  1.510000e+00
   endloop
 endfacet
 facet normal  0.000000e+00  0.000000e+00  1.000000e+00
   outer loop
     vertex  1.783715e+02 -1.008737e+02  1.510000e+00
     vertex  1.763681e+02 -1.008031e+02  1.510000e+00
     vertex  1.762760e+02 -1.008737e+02  1.510000e+00
   endloop
 endfacet
 facet normal  0.000000e+00  0.000000e+00  1.000000e+00
   outer loop
     vertex  1.783715e+02 -1.008737e+02  1.510000e+00
     vertex  1.762760e+02 -1.008737e+02  1.510000e+00
     vertex  1.761688e+02 -1.009181e+02  1.510000e+00
   endloop
 endfacet
 facet normal  0.000000e+00  0.000000e+00  1.000000e+00
   outer loop
     vertex  1.781644e+02 -1.006038e+02  1.510000e+00
     vertex  1.764831e+02 -1.006038e+02  1.510000e+00
     vertex  1.782088e+02 -1.007110e+02  1.510000e+00
   endloop
 endfacet
 facet normal  0.000000e+00  0.000000e+00  1.000000e+00
   outer loop
     vertex  1.784787e+02 -1.009181e+02  1.510000e+00
     vertex  1.783715e+02 -1.008737e+02  1.510000e+00
     vertex  1.761688e+02 -1.009181e+02  1.510000e+00
   endloop
 endfacet
 facet normal  0.000000e+00  0.000000e+00  1.000000e+00
   outer loop
     vertex  1.781492e+02 -1.004887e+02  1.510000e+00
     vertex  1.764983e+02 -1.004887e+02  1.510000e+00
     vertex  1.764831e+02 -1.006038e+02  1.510000e+00
   endloop
 endfacet
 facet normal  0.000000e+00  0.000000e+00  1.000000e+00
   outer loop
     vertex  1.781492e+02 -1.004887e+02  1.510000e+00
     vertex  1.764831e+02 -1.006038e+02  1.510000e+00
     vertex  1.781644e+02 -1.006038e+02  1.510000e+00
   endloop
 endfacet
 facet normal  0.000000e+00  0.000000e+00  1.000000e+00
   outer loop
     vertex  1.785938e+02 -1.009333e+02  1.510000e+00
     vertex  1.761688e+02 -1.009181e+02  1.510000e+00
     vertex  1.760538e+02 -1.009333e+02  1.510000e+00
   endloop
 endfacet
 facet normal  0.000000e+00  0.000000e+00  1.000000e+00
   outer loop
     vertex  1.785938e+02 -1.009333e+02  1.510000e+00
     vertex  1.760538e+02 -1.009333e+02  1.510000e+00
     vertex  1.892000e+02 -1.185000e+02  1.510000e+00
   endloop
 endfacet
 facet normal  0.000000e+00  0.000000e+00  1.000000e+00
   outer loop
     vertex  1.785938e+02 -1.009333e+02  1.510000e+00
     vertex  1.784787e+02 -1.009181e+02  1.510000e+00
     vertex  1.761688e+02 -1.009181e+02  1.510000e+00
   endloop
 endfacet
 facet normal  0.000000e+00  0.000000e+00  1.000000e+00
   outer loop
     vertex  1.567375e+02 -7.899987e+01  1.510000e+00
     vertex  1.565615e+02 -7.886479e+01  1.510000e+00
     vertex  1.561625e+02 -8.161170e+01  1.510000e+00
   endloop
 endfacet
 facet normal  0.000000e+00  0.000000e+00  1.000000e+00
   outer loop
     vertex  1.567375e+02 -7.899987e+01  1.510000e+00
     vertex  1.561625e+02 -8.161170e+01  1.510000e+00
     vertex  1.566449e+02 -8.141190e+01  1.510000e+00
   endloop
 endfacet
 facet normal  0.000000e+00  0.000000e+00  1.000000e+00
   outer loop
     vertex  1.564264e+02 -7.868875e+01  1.510000e+00
     vertex  1.561625e+02 -8.161170e+01  1.510000e+00
     vertex  1.565615e+02 -7.886479e+01  1.510000e+00
   endloop
 endfacet
 facet normal  0.000000e+00  0.000000e+00  1.000000e+00
   outer loop
     vertex  1.564264e+02 -7.868875e+01  1.510000e+00
     vertex  1.557483e+02 -8.192954e+01  1.510000e+00
     vertex  1.561625e+02 -8.161170e+01  1.510000e+00
   endloop
 endfacet
 facet normal  0.000000e+00  0.000000e+00  1.000000e+00
   outer loop
     vertex  1.781644e+02 -1.003737e+02  1.510000e+00
     vertex  1.764831e+02 -1.003737e+02  1.510000e+00
     vertex  1.764983e+02 -1.004887e+02  1.510000e+00
   endloop
 endfacet
 facet normal  0.000000e+00  0.000000e+00  1.000000e+00
   outer loop
     vertex  1.781644e+02 -1.003737e+02  1.510000e+00
     vertex  1.764983e+02 -1.004887e+02  1.510000e+00
     vertex  1.781492e+02 -1.004887e+02  1.510000e+00
   endloop
 endfacet
 facet normal  0.000000e+00  0.000000e+00  1.000000e+00
   outer loop
     vertex  1.563415e+02 -7.848375e+01  1.510000e+00
     vertex  1.557483e+02 -8.192954e+01  1.510000e+00
     vertex  1.564264e+02 -7.868875e+01  1.510000e+00
   endloop
 endfacet
 facet normal  0.000000e+00  0.000000e+00  1.000000e+00
   outer loop
     vertex  1.563415e+02 -7.848375e+01  1.510000e+00
     vertex  1.554304e+02 -8.234375e+01  1.510000e+00
     vertex  1.557483e+02 -8.192954e+01  1.510000e+00
   endloop
 endfacet
 facet normal  0.000000e+00  0.000000e+00  1.000000e+00
   outer loop
     vertex  1.569425e+02 -7.908479e+01  1.510000e+00
     vertex  1.567375e+02 -7.899987e+01  1.510000e+00
     vertex  1.566449e+02 -8.141190e+01  1.510000e+00
   endloop
 endfacet
 facet normal  0.000000e+00  0.000000e+00  1.000000e+00
   outer loop
     vertex  1.569425e+02 -7.908479e+01  1.510000e+00
     vertex  1.566449e+02 -8.141190e+01  1.510000e+00
     vertex  1.571625e+02 -8.134375e+01  1.510000e+00
   endloop
 endfacet
 facet normal  0.000000e+00  0.000000e+00  1.000000e+00
   outer loop
     vertex  1.782088e+02 -1.002665e+02  1.510000e+00
     vertex  1.763681e+02 -1.001744e+02  1.510000e+00
     vertex  1.764387e+02 -1.002665e+02  1.510000e+00
   endloop
 endfacet
 facet normal  0.000000e+00  0.000000e+00  1.000000e+00
   outer loop
     vertex  1.782088e+02 -1.002665e+02  1.510000e+00
     vertex  1.764387e+02 -1.002665e+02  1.510000e+00
     vertex  1.764831e+02 -1.003737e+02  1.510000e+00
   endloop
 endfacet
 facet normal  0.000000e+00  0.000000e+00  1.000000e+00
   outer loop
     vertex  1.782088e+02 -1.002665e+02  1.510000e+00
     vertex  1.764831e+02 -1.003737e+02  1.510000e+00
     vertex  1.781644e+02 -1.003737e+02  1.510000e+00
   endloop
 endfacet
 facet normal  0.000000e+00  0.000000e+00  1.000000e+00
   outer loop
     vertex  1.563125e+02 -7.826375e+01  1.510000e+00
     vertex  1.554304e+02 -8.234375e+01  1.510000e+00
     vertex  1.563415e+02 -7.848375e+01  1.510000e+00
   endloop
 endfacet
 facet normal  0.000000e+00  0.000000e+00  1.000000e+00
   outer loop
     vertex  1.563125e+02 -7.826375e+01  1.510000e+00
     vertex  1.413769e+02 -7.933964e+01  1.510000e+00
     vertex  1.414025e+02 -7.953375e+01  1.510000e+00
   endloop
 endfacet
 facet normal  0.000000e+00  0.000000e+00  1.000000e+00
   outer loop
     vertex  1.563125e+02 -7.826375e+01  1.510000e+00
     vertex  1.414025e+02 -7.953375e+01  1.510000e+00
     vertex  1.554304e+02 -8.234375e+01  1.510000e+00
   endloop
 endfacet
 facet normal  0.000000e+00  0.000000e+00  1.000000e+00
   outer loop
     vertex  1.571625e+02 -7.911375e+01  1.510000e+00
     vertex  1.569425e+02 -7.908479e+01  1.510000e+00
     vertex  1.571625e+02 -8.134375e+01  1.510000e+00
   endloop
 endfacet
 facet normal  0.000000e+00  0.000000e+00  1.000000e+00
   outer loop
     vertex  1.782794e+02 -1.001744e+02  1.510000e+00
     vertex  1.763681e+02 -1.001744e+02  1.510000e+00
     vertex  1.782088e+02 -1.002665e+02  1.510000e+00
   endloop
 endfacet
 facet normal  0.000000e+00  0.000000e+00  1.000000e+00
   outer loop
     vertex  1.783715e+02 -1.001038e+02  1.510000e+00
     vertex  1.761688e+02 -1.000594e+02  1.510000e+00
     vertex  1.762760e+02 -1.001038e+02  1.510000e+00
   endloop
 endfacet
 facet normal  0.000000e+00  0.000000e+00  1.000000e+00
   outer loop
     vertex  1.783715e+02 -1.001038e+02  1.510000e+00
     vertex  1.762760e+02 -1.001038e+02  1.510000e+00
     vertex  1.763681e+02 -1.001744e+02  1.510000e+00
   endloop
 endfacet
 facet normal  0.000000e+00  0.000000e+00  1.000000e+00
   outer loop
     vertex  1.783715e+02 -1.001038e+02  1.510000e+00
     vertex  1.763681e+02 -1.001744e+02  1.510000e+00
     vertex  1.782794e+02 -1.001744e+02  1.510000e+00
   endloop
 endfacet
 facet normal  0.000000e+00  0.000000e+00  1.000000e+00
   outer loop
     vertex  1.563415e+02 -7.804375e+01  1.510000e+00
     vertex  1.413020e+02 -7.915875e+01  1.510000e+00
     vertex  1.413769e+02 -7.933964e+01  1.510000e+00
   endloop
 endfacet
 facet normal  0.000000e+00  0.000000e+00  1.000000e+00
   outer loop
     vertex  1.563415e+02 -7.804375e+01  1.510000e+00
     vertex  1.413769e+02 -7.933964e+01  1.510000e+00
     vertex  1.563125e+02 -7.826375e+01  1.510000e+00
   endloop
 endfacet
 facet normal  0.000000e+00  0.000000e+00  1.000000e+00
   outer loop
     vertex  1.573825e+02 -7.908479e+01  1.510000e+00
     vertex  1.571625e+02 -7.911375e+01  1.510000e+00
     vertex  1.571625e+02 -8.134375e+01  1.510000e+00
   endloop
 endfacet
 facet normal  0.000000e+00  0.000000e+00  1.000000e+00
   outer loop
     vertex  1.573825e+02 -7.908479e+01  1.510000e+00
     vertex  1.571625e+02 -8.134375e+01  1.510000e+00
     vertex  1.576801e+02 -8.141190e+01  1.510000e+00
   endloop
 endfacet
 facet normal  0.000000e+00  0.000000e+00  1.000000e+00
   outer loop
     vertex  1.784787e+02 -1.000594e+02  1.510000e+00
     vertex  1.761688e+02 -1.000594e+02  1.510000e+00
     vertex  1.783715e+02 -1.001038e+02  1.510000e+00
   endloop
 endfacet
 facet normal  0.000000e+00  0.000000e+00  1.000000e+00
   outer loop
     vertex  1.564264e+02 -7.783875e+01  1.510000e+00
     vertex  1.411828e+02 -7.900342e+01  1.510000e+00
     vertex  1.413020e+02 -7.915875e+01  1.510000e+00
   endloop
 endfacet
 facet normal  0.000000e+00  0.000000e+00  1.000000e+00
   outer loop
     vertex  1.564264e+02 -7.783875e+01  1.510000e+00
     vertex  1.413020e+02 -7.915875e+01  1.510000e+00
     vertex  1.563415e+02 -7.804375e+01  1.510000e+00
   endloop
 endfacet
 facet normal  0.000000e+00  0.000000e+00  1.000000e+00
   outer loop
     vertex  1.565615e+02 -7.766271e+01  1.510000e+00
     vertex  1.410275e+02 -7.888423e+01  1.510000e+00
     vertex  1.411828e+02 -7.900342e+01  1.510000e+00
   endloop
 endfacet
 facet normal  0.000000e+00  0.000000e+00  1.000000e+00
   outer loop
     vertex  1.565615e+02 -7.766271e+01  1.510000e+00
     vertex  1.411828e+02 -7.900342e+01  1.510000e+00
     vertex  1.564264e+02 -7.783875e+01  1.510000e+00
   endloop
 endfacet
 facet normal  0.000000e+00  0.000000e+00  1.000000e+00
   outer loop
     vertex  1.590530e+02 -7.990875e+01  1.510000e+00
     vertex  1.581625e+02 -8.161170e+01  1.510000e+00
     vertex  1.591722e+02 -8.006408e+01  1.510000e+00
   endloop
 endfacet
 facet normal  0.000000e+00  0.000000e+00  1.000000e+00
   outer loop
     vertex  1.590530e+02 -7.990875e+01  1.510000e+00
     vertex  1.576801e+02 -8.141190e+01  1.510000e+00
     vertex  1.581625e+02 -8.161170e+01  1.510000e+00
   endloop
 endfacet
 facet normal  0.000000e+00  0.000000e+00  1.000000e+00
   outer loop
     vertex  1.593275e+02 -8.018327e+01  1.510000e+00
     vertex  1.591722e+02 -8.006408e+01  1.510000e+00
     vertex  1.581625e+02 -8.161170e+01  1.510000e+00
   endloop
 endfacet
 facet normal  0.000000e+00  0.000000e+00  1.000000e+00
   outer loop
     vertex  1.593275e+02 -8.018327e+01  1.510000e+00
     vertex  1.581625e+02 -8.161170e+01  1.510000e+00
     vertex  1.585767e+02 -8.192954e+01  1.510000e+00
   endloop
 endfacet
 facet normal  0.000000e+00  0.000000e+00  1.000000e+00
   outer loop
     vertex  1.567375e+02 -7.752763e+01  1.510000e+00
     vertex  1.385375e+02 -7.752763e+01  1.510000e+00
     vertex  1.410275e+02 -7.888423e+01  1.510000e+00
   endloop
 endfacet
 facet normal  0.000000e+00  0.000000e+00  1.000000e+00
   outer loop
     vertex  1.567375e+02 -7.752763e+01  1.510000e+00
     vertex  1.383325e+02 -7.744271e+01  1.510000e+00
     vertex  1.385375e+02 -7.752763e+01  1.510000e+00
   endloop
 endfacet
 facet normal  0.000000e+00  0.000000e+00  1.000000e+00
   outer loop
     vertex  1.567375e+02 -7.752763e+01  1.510000e+00
     vertex  1.410275e+02 -7.888423e+01  1.510000e+00
     vertex  1.565615e+02 -7.766271e+01  1.510000e+00
   endloop
 endfacet
 facet normal  0.000000e+00  0.000000e+00  1.000000e+00
   outer loop
     vertex  1.589781e+02 -7.972786e+01  1.510000e+00
     vertex  1.573825e+02 -7.908479e+01  1.510000e+00
     vertex  1.576801e+02 -8.141190e+01  1.510000e+00
   endloop
 endfacet
 facet normal  0.000000e+00  0.000000e+00  1.000000e+00
   outer loop
     vertex  1.589781e+02 -7.972786e+01  1.510000e+00
     vertex  1.575875e+02 -7.899987e+01  1.510000e+00
     vertex  1.573825e+02 -7.908479e+01  1.510000e+00
   endloop
 endfacet
 facet normal  0.000000e+00  0.000000e+00  1.000000e+00
   outer loop
     vertex  1.589781e+02 -7.972786e+01  1.510000e+00
     vertex  1.576801e+02 -8.141190e+01  1.510000e+00
     vertex  1.590530e+02 -7.990875e+01  1.510000e+00
   endloop
 endfacet
 facet normal  0.000000e+00  0.000000e+00  1.000000e+00
   outer loop
     vertex  1.595084e+02 -8.025819e+01  1.510000e+00
     vertex  1.593275e+02 -8.018327e+01  1.510000e+00
     vertex  1.585767e+02 -8.192954e+01  1.510000e+00
   endloop
 endfacet
 facet normal  0.000000e+00  0.000000e+00  1.000000e+00
   outer loop
     vertex  1.589525e+02 -7.953375e+01  1.510000e+00
     vertex  1.577635e+02 -7.886479e+01  1.510000e+00
     vertex  1.575875e+02 -7.899987e+01  1.510000e+00
   endloop
 endfacet
 facet normal  0.000000e+00  0.000000e+00  1.000000e+00
   outer loop
     vertex  1.589525e+02 -7.953375e+01  1.510000e+00
     vertex  1.575875e+02 -7.899987e+01  1.510000e+00
     vertex  1.589781e+02 -7.972786e+01  1.510000e+00
   endloop
 endfacet
 facet normal  0.000000e+00  0.000000e+00  1.000000e+00
   outer loop
     vertex  1.597025e+02 -8.028375e+01  1.510000e+00
     vertex  1.585767e+02 -8.192954e+01  1.510000e+00
     vertex  1.588946e+02 -8.234375e+01  1.510000e+00
   endloop
 endfacet
 facet normal  0.000000e+00  0.000000e+00  1.000000e+00
   outer loop
     vertex  1.597025e+02 -8.028375e+01  1.510000e+00
     vertex  1.595084e+02 -8.025819e+01  1.510000e+00
     vertex  1.585767e+02 -8.192954e+01  1.510000e+00
   endloop
 endfacet
 facet normal  0.000000e+00  0.000000e+00  1.000000e+00
   outer loop
     vertex  1.569425e+02 -7.744271e+01  1.510000e+00
     vertex  1.383325e+02 -7.744271e+01  1.510000e+00
     vertex  1.567375e+02 -7.752763e+01  1.510000e+00
   endloop
 endfacet
 facet normal  0.000000e+00  0.000000e+00  1.000000e+00
   outer loop
     vertex  1.569425e+02 -7.744271e+01  1.510000e+00
     vertex  1.250000e+02 -7.000000e+01  1.510000e+00
     vertex  1.383325e+02 -7.744271e+01  1.510000e+00
   endloop
 endfacet
 facet normal  0.000000e+00  0.000000e+00  1.000000e+00
   outer loop
     vertex  1.598966e+02 -8.025819e+01  1.510000e+00
     vertex  1.597025e+02 -8.028375e+01  1.510000e+00
     vertex  1.588946e+02 -8.234375e+01  1.510000e+00
   endloop
 endfacet
 facet normal  0.000000e+00  0.000000e+00  1.000000e+00
   outer loop
     vertex  1.598966e+02 -8.025819e+01  1.510000e+00
     vertex  1.588946e+02 -8.234375e+01  1.510000e+00
     vertex  1.590944e+02 -8.282611e+01  1.510000e+00
   endloop
 endfacet
 facet normal  0.000000e+00  0.000000e+00  1.000000e+00
   outer loop
     vertex  1.589781e+02 -7.933964e+01  1.510000e+00
     vertex  1.577635e+02 -7.886479e+01  1.510000e+00
     vertex  1.589525e+02 -7.953375e+01  1.510000e+00
   endloop
 endfacet
 facet normal  0.000000e+00  0.000000e+00  1.000000e+00
   outer loop
     vertex  1.589781e+02 -7.933964e+01  1.510000e+00
     vertex  1.578986e+02 -7.868875e+01  1.510000e+00
     vertex  1.577635e+02 -7.886479e+01  1.510000e+00
   endloop
 endfacet
 facet normal  0.000000e+00  0.000000e+00  1.000000e+00
   outer loop
     vertex  1.600775e+02 -8.018327e+01  1.510000e+00
     vertex  1.590944e+02 -8.282611e+01  1.510000e+00
     vertex  1.622425e+02 -8.513375e+01  1.510000e+00
   endloop
 endfacet
 facet normal  0.000000e+00  0.000000e+00  1.000000e+00
   outer loop
     vertex  1.600775e+02 -8.018327e+01  1.510000e+00
     vertex  1.598966e+02 -8.025819e+01  1.510000e+00
     vertex  1.590944e+02 -8.282611e+01  1.510000e+00
   endloop
 endfacet
 facet normal  0.000000e+00  0.000000e+00  1.000000e+00
   outer loop
     vertex  1.590530e+02 -7.915875e+01  1.510000e+00
     vertex  1.578986e+02 -7.868875e+01  1.510000e+00
     vertex  1.589781e+02 -7.933964e+01  1.510000e+00
   endloop
 endfacet
 facet normal  0.000000e+00  0.000000e+00  1.000000e+00
   outer loop
     vertex  1.590530e+02 -7.915875e+01  1.510000e+00
     vertex  1.579835e+02 -7.848375e+01  1.510000e+00
     vertex  1.578986e+02 -7.868875e+01  1.510000e+00
   endloop
 endfacet
 facet normal  0.000000e+00  0.000000e+00  1.000000e+00
   outer loop
     vertex  1.807488e+02 -1.007110e+02  1.510000e+00
     vertex  1.789787e+02 -1.007110e+02  1.510000e+00
     vertex  1.789081e+02 -1.008031e+02  1.510000e+00
   endloop
 endfacet
 facet normal  0.000000e+00  0.000000e+00  1.000000e+00
   outer loop
     vertex  1.807488e+02 -1.007110e+02  1.510000e+00
     vertex  1.789081e+02 -1.008031e+02  1.510000e+00
     vertex  1.808194e+02 -1.008031e+02  1.510000e+00
   endloop
 endfacet
 facet normal  0.000000e+00  0.000000e+00  1.000000e+00
   outer loop
     vertex  1.809115e+02 -1.008737e+02  1.510000e+00
     vertex  1.789081e+02 -1.008031e+02  1.510000e+00
     vertex  1.788160e+02 -1.008737e+02  1.510000e+00
   endloop
 endfacet
 facet normal  0.000000e+00  0.000000e+00  1.000000e+00
   outer loop
     vertex  1.809115e+02 -1.008737e+02  1.510000e+00
     vertex  1.808194e+02 -1.008031e+02  1.510000e+00
     vertex  1.789081e+02 -1.008031e+02  1.510000e+00
   endloop
 endfacet
 facet normal  0.000000e+00  0.000000e+00  1.000000e+00
   outer loop
     vertex  1.809115e+02 -1.008737e+02  1.510000e+00
     vertex  1.788160e+02 -1.008737e+02  1.510000e+00
     vertex  1.787088e+02 -1.009181e+02  1.510000e+00
   endloop
 endfacet
 facet normal  0.000000e+00  0.000000e+00  1.000000e+00
   outer loop
     vertex  1.807044e+02 -1.006038e+02  1.510000e+00
     vertex  1.790231e+02 -1.006038e+02  1.510000e+00
     vertex  1.789787e+02 -1.007110e+02  1.510000e+00
   endloop
 endfacet
 facet normal  0.000000e+00  0.000000e+00  1.000000e+00
   outer loop
     vertex  1.807044e+02 -1.006038e+02  1.510000e+00
     vertex  1.789787e+02 -1.007110e+02  1.510000e+00
     vertex  1.807488e+02 -1.007110e+02  1.510000e+00
   endloop
 endfacet
 facet normal  0.000000e+00  0.000000e+00  1.000000e+00
   outer loop
     vertex  1.810187e+02 -1.009181e+02  1.510000e+00
     vertex  1.787088e+02 -1.009181e+02  1.510000e+00
     vertex  1.785938e+02 -1.009333e+02  1.510000e+00
   endloop
 endfacet
 facet normal  0.000000e+00  0.000000e+00  1.000000e+00
   outer loop
     vertex  1.810187e+02 -1.009181e+02  1.510000e+00
     vertex  1.809115e+02 -1.008737e+02  1.510000e+00
     vertex  1.787088e+02 -1.009181e+02  1.510000e+00
   endloop
 endfacet
 facet normal  0.000000e+00  0.000000e+00  1.000000e+00
   outer loop
     vertex  1.602328e+02 -8.006408e+01  1.510000e+00
     vertex  1.622425e+02 -8.513375e+01  1.510000e+00
     vertex  1.624366e+02 -8.515931e+01  1.510000e+00
   endloop
 endfacet
 facet normal  0.000000e+00  0.000000e+00  1.000000e+00
   outer loop
     vertex  1.602328e+02 -8.006408e+01  1.510000e+00
     vertex  1.600775e+02 -8.018327e+01  1.510000e+00
     vertex  1.622425e+02 -8.513375e+01  1.510000e+00
   endloop
 endfacet
 facet normal  0.000000e+00  0.000000e+00  1.000000e+00
   outer loop
     vertex  1.591722e+02 -7.900342e+01  1.510000e+00
     vertex  1.580125e+02 -7.826375e+01  1.510000e+00
     vertex  1.579835e+02 -7.848375e+01  1.510000e+00
   endloop
 endfacet
 facet normal  0.000000e+00  0.000000e+00  1.000000e+00
   outer loop
     vertex  1.591722e+02 -7.900342e+01  1.510000e+00
     vertex  1.579835e+02 -7.848375e+01  1.510000e+00
     vertex  1.590530e+02 -7.915875e+01  1.510000e+00
   endloop
 endfacet
 facet normal  0.000000e+00  0.000000e+00  1.000000e+00
   outer loop
     vertex  1.806892e+02 -1.004887e+02  1.510000e+00
     vertex  1.790383e+02 -1.004887e+02  1.510000e+00
     vertex  1.790231e+02 -1.006038e+02  1.510000e+00
   endloop
 endfacet
 facet normal  0.000000e+00  0.000000e+00  1.000000e+00
   outer loop
     vertex  1.806892e+02 -1.004887e+02  1.510000e+00
     vertex  1.790231e+02 -1.006038e+02  1.510000e+00
     vertex  1.807044e+02 -1.006038e+02  1.510000e+00
   endloop
 endfacet
 facet normal  0.000000e+00  0.000000e+00  1.000000e+00
   outer loop
     vertex  1.811337e+02 -1.009333e+02  1.510000e+00
     vertex  1.785938e+02 -1.009333e+02  1.510000e+00
     vertex  1.892000e+02 -1.185000e+02  1.510000e+00
   endloop
 endfacet
 facet normal  0.000000e+00  0.000000e+00  1.000000e+00
   outer loop
     vertex  1.811337e+02 -1.009333e+02  1.510000e+00
     vertex  1.810187e+02 -1.009181e+02  1.510000e+00
     vertex  1.785938e+02 -1.009333e+02  1.510000e+00
   endloop
 endfacet
 facet normal  0.000000e+00  0.000000e+00  1.000000e+00
   outer loop
     vertex  1.807044e+02 -1.003737e+02  1.510000e+00
     vertex  1.790383e+02 -1.004887e+02  1.510000e+00
     vertex  1.806892e+02 -1.004887e+02  1.510000e+00
   endloop
 endfacet
 facet normal  0.000000e+00  0.000000e+00  1.000000e+00
   outer loop
     vertex  1.807044e+02 -1.003737e+02  1.510000e+00
     vertex  1.790231e+02 -1.003737e+02  1.510000e+00
     vertex  1.790383e+02 -1.004887e+02  1.510000e+00
   endloop
 endfacet
 facet normal  0.000000e+00  0.000000e+00  1.000000e+00
   outer loop
     vertex  1.593275e+02 -7.888423e+01  1.510000e+00
     vertex  1.579835e+02 -7.804375e+01  1.510000e+00
     vertex  1.580125e+02 -7.826375e+01  1.510000e+00
   endloop
 endfacet
 facet normal  0.000000e+00  0.000000e+00  1.000000e+00
   outer loop
     vertex  1.593275e+02 -7.888423e+01  1.510000e+00
     vertex  1.580125e+02 -7.826375e+01  1.510000e+00
     vertex  1.591722e+02 -7.900342e+01  1.510000e+00
   endloop
 endfacet
 facet normal  0.000000e+00  0.000000e+00  1.000000e+00
   outer loop
     vertex  1.603520e+02 -7.990875e+01  1.510000e+00
     vertex  1.624366e+02 -8.515931e+01  1.510000e+00
     vertex  1.626175e+02 -8.523423e+01  1.510000e+00
   endloop
 endfacet
 facet normal  0.000000e+00  0.000000e+00  1.000000e+00
   outer loop
     vertex  1.603520e+02 -7.990875e+01  1.510000e+00
     vertex  1.602328e+02 -8.006408e+01  1.510000e+00
     vertex  1.624366e+02 -8.515931e+01  1.510000e+00
   endloop
 endfacet
 facet normal  0.000000e+00  0.000000e+00  1.000000e+00
   outer loop
     vertex  1.807488e+02 -1.002665e+02  1.510000e+00
     vertex  1.790231e+02 -1.003737e+02  1.510000e+00
     vertex  1.807044e+02 -1.003737e+02  1.510000e+00
   endloop
 endfacet
 facet normal  0.000000e+00  0.000000e+00  1.000000e+00
   outer loop
     vertex  1.807488e+02 -1.002665e+02  1.510000e+00
     vertex  1.789787e+02 -1.002665e+02  1.510000e+00
     vertex  1.790231e+02 -1.003737e+02  1.510000e+00
   endloop
 endfacet
 facet normal  0.000000e+00  0.000000e+00  1.000000e+00
   outer loop
     vertex  1.808194e+02 -1.001744e+02  1.510000e+00
     vertex  1.789787e+02 -1.002665e+02  1.510000e+00
     vertex  1.807488e+02 -1.002665e+02  1.510000e+00
   endloop
 endfacet
 facet normal  0.000000e+00  0.000000e+00  1.000000e+00
   outer loop
     vertex  1.808194e+02 -1.001744e+02  1.510000e+00
     vertex  1.789081e+02 -1.001744e+02  1.510000e+00
     vertex  1.789787e+02 -1.002665e+02  1.510000e+00
   endloop
 endfacet
 facet normal  0.000000e+00  0.000000e+00  1.000000e+00
   outer loop
     vertex  1.604269e+02 -7.972786e+01  1.510000e+00
     vertex  1.603520e+02 -7.990875e+01  1.510000e+00
     vertex  1.626175e+02 -8.523423e+01  1.510000e+00
   endloop
 endfacet
 facet normal  0.000000e+00  0.000000e+00  1.000000e+00
   outer loop
     vertex  1.604269e+02 -7.972786e+01  1.510000e+00
     vertex  1.626175e+02 -8.523423e+01  1.510000e+00
     vertex  1.627728e+02 -8.535342e+01  1.510000e+00
   endloop
 endfacet
 facet normal  0.000000e+00  0.000000e+00  1.000000e+00
   outer loop
     vertex  1.595084e+02 -7.880931e+01  1.510000e+00
     vertex  1.579835e+02 -7.804375e+01  1.510000e+00
     vertex  1.593275e+02 -7.888423e+01  1.510000e+00
   endloop
 endfacet
 facet normal  0.000000e+00  0.000000e+00  1.000000e+00
   outer loop
     vertex  1.595084e+02 -7.880931e+01  1.510000e+00
     vertex  1.578986e+02 -7.783875e+01  1.510000e+00
     vertex  1.579835e+02 -7.804375e+01  1.510000e+00
   endloop
 endfacet
 facet normal  0.000000e+00  0.000000e+00  1.000000e+00
   outer loop
     vertex  1.809115e+02 -1.001038e+02  1.510000e+00
     vertex  1.788160e+02 -1.001038e+02  1.510000e+00
     vertex  1.789081e+02 -1.001744e+02  1.510000e+00
   endloop
 endfacet
 facet normal  0.000000e+00  0.000000e+00  1.000000e+00
   outer loop
     vertex  1.809115e+02 -1.001038e+02  1.510000e+00
     vertex  1.789081e+02 -1.001744e+02  1.510000e+00
     vertex  1.808194e+02 -1.001744e+02  1.510000e+00
   endloop
 endfacet
 facet normal  0.000000e+00  0.000000e+00  1.000000e+00
   outer loop
     vertex  1.597025e+02 -7.878375e+01  1.510000e+00
     vertex  1.577635e+02 -7.766271e+01  1.510000e+00
     vertex  1.578986e+02 -7.783875e+01  1.510000e+00
   endloop
 endfacet
 facet normal  0.000000e+00  0.000000e+00  1.000000e+00
   outer loop
     vertex  1.597025e+02 -7.878375e+01  1.510000e+00
     vertex  1.578986e+02 -7.783875e+01  1.510000e+00
     vertex  1.595084e+02 -7.880931e+01  1.510000e+00
   endloop
 endfacet
 facet normal  0.000000e+00  0.000000e+00  1.000000e+00
   outer loop
     vertex  1.810187e+02 -1.000594e+02  1.510000e+00
     vertex  1.787088e+02 -1.000594e+02  1.510000e+00
     vertex  1.788160e+02 -1.001038e+02  1.510000e+00
   endloop
 endfacet
 facet normal  0.000000e+00  0.000000e+00  1.000000e+00
   outer loop
     vertex  1.810187e+02 -1.000594e+02  1.510000e+00
     vertex  1.788160e+02 -1.001038e+02  1.510000e+00
     vertex  1.809115e+02 -1.001038e+02  1.510000e+00
   endloop
 endfacet
 facet normal  0.000000e+00  0.000000e+00  1.000000e+00
   outer loop
     vertex  1.598966e+02 -7.880931e+01  1.510000e+00
     vertex  1.575875e+02 -7.752763e+01  1.510000e+00
     vertex  1.577635e+02 -7.766271e+01  1.510000e+00
   endloop
 endfacet
 facet normal  0.000000e+00  0.000000e+00  1.000000e+00
   outer loop
     vertex  1.598966e+02 -7.880931e+01  1.510000e+00
     vertex  1.577635e+02 -7.766271e+01  1.510000e+00
     vertex  1.597025e+02 -7.878375e+01  1.510000e+00
   endloop
 endfacet
 facet normal  0.000000e+00  0.000000e+00  1.000000e+00
   outer loop
     vertex  1.600775e+02 -7.888423e+01  1.510000e+00
     vertex  1.575875e+02 -7.752763e+01  1.510000e+00
     vertex  1.598966e+02 -7.880931e+01  1.510000e+00
   endloop
 endfacet
 facet normal  0.000000e+00  0.000000e+00  1.000000e+00
   outer loop
     vertex  1.832888e+02 -1.007110e+02  1.510000e+00
     vertex  1.814481e+02 -1.008031e+02  1.510000e+00
     vertex  1.833594e+02 -1.008031e+02  1.510000e+00
   endloop
 endfacet
 facet normal  0.000000e+00  0.000000e+00  1.000000e+00
   outer loop
     vertex  1.832888e+02 -1.007110e+02  1.510000e+00
     vertex  1.815187e+02 -1.007110e+02  1.510000e+00
     vertex  1.814481e+02 -1.008031e+02  1.510000e+00
   endloop
 endfacet
 facet normal  0.000000e+00  0.000000e+00  1.000000e+00
   outer loop
     vertex  1.834515e+02 -1.008737e+02  1.510000e+00
     vertex  1.833594e+02 -1.008031e+02  1.510000e+00
     vertex  1.814481e+02 -1.008031e+02  1.510000e+00
   endloop
 endfacet
 facet normal  0.000000e+00  0.000000e+00  1.000000e+00
   outer loop
     vertex  1.834515e+02 -1.008737e+02  1.510000e+00
     vertex  1.814481e+02 -1.008031e+02  1.510000e+00
     vertex  1.813560e+02 -1.008737e+02  1.510000e+00
   endloop
 endfacet
 facet normal  0.000000e+00  0.000000e+00  1.000000e+00
   outer loop
     vertex  1.832444e+02 -1.006038e+02  1.510000e+00
     vertex  1.815187e+02 -1.007110e+02  1.510000e+00
     vertex  1.832888e+02 -1.007110e+02  1.510000e+00
   endloop
 endfacet
 facet normal  0.000000e+00  0.000000e+00  1.000000e+00
   outer loop
     vertex  1.832444e+02 -1.006038e+02  1.510000e+00
     vertex  1.815631e+02 -1.006038e+02  1.510000e+00
     vertex  1.815187e+02 -1.007110e+02  1.510000e+00
   endloop
 endfacet
 facet normal  0.000000e+00  0.000000e+00  1.000000e+00
   outer loop
     vertex  1.835587e+02 -1.009181e+02  1.510000e+00
     vertex  1.834515e+02 -1.008737e+02  1.510000e+00
     vertex  1.813560e+02 -1.008737e+02  1.510000e+00
   endloop
 endfacet
 facet normal  0.000000e+00  0.000000e+00  1.000000e+00
   outer loop
     vertex  1.835587e+02 -1.009181e+02  1.510000e+00
     vertex  1.813560e+02 -1.008737e+02  1.510000e+00
     vertex  1.812488e+02 -1.009181e+02  1.510000e+00
   endloop
 endfacet
 facet normal  0.000000e+00  0.000000e+00  1.000000e+00
   outer loop
     vertex  1.832292e+02 -1.004888e+02  1.510000e+00
     vertex  1.815782e+02 -1.004887e+02  1.510000e+00
     vertex  1.815631e+02 -1.006038e+02  1.510000e+00
   endloop
 endfacet
 facet normal  0.000000e+00  0.000000e+00  1.000000e+00
   outer loop
     vertex  1.832292e+02 -1.004888e+02  1.510000e+00
     vertex  1.815631e+02 -1.006038e+02  1.510000e+00
     vertex  1.832444e+02 -1.006038e+02  1.510000e+00
   endloop
 endfacet
 facet normal  0.000000e+00  0.000000e+00  1.000000e+00
   outer loop
     vertex  1.836738e+02 -1.009332e+02  1.510000e+00
     vertex  1.835587e+02 -1.009181e+02  1.510000e+00
     vertex  1.812488e+02 -1.009181e+02  1.510000e+00
   endloop
 endfacet
 facet normal  0.000000e+00  0.000000e+00  1.000000e+00
   outer loop
     vertex  1.836738e+02 -1.009332e+02  1.510000e+00
     vertex  1.812488e+02 -1.009181e+02  1.510000e+00
     vertex  1.811337e+02 -1.009333e+02  1.510000e+00
   endloop
 endfacet
 facet normal  0.000000e+00  0.000000e+00  1.000000e+00
   outer loop
     vertex  1.836738e+02 -1.009332e+02  1.510000e+00
     vertex  1.811337e+02 -1.009333e+02  1.510000e+00
     vertex  1.892000e+02 -1.185000e+02  1.510000e+00
   endloop
 endfacet
 facet normal  0.000000e+00  0.000000e+00  1.000000e+00
   outer loop
     vertex  1.832444e+02 -1.003737e+02  1.510000e+00
     vertex  1.815187e+02 -1.002665e+02  1.510000e+00
     vertex  1.815631e+02 -1.003737e+02  1.510000e+00
   endloop
 endfacet
 facet normal  0.000000e+00  0.000000e+00  1.000000e+00
   outer loop
     vertex  1.832444e+02 -1.003737e+02  1.510000e+00
     vertex  1.815631e+02 -1.003737e+02  1.510000e+00
     vertex  1.815782e+02 -1.004887e+02  1.510000e+00
   endloop
 endfacet
 facet normal  0.000000e+00  0.000000e+00  1.000000e+00
   outer loop
     vertex  1.832444e+02 -1.003737e+02  1.510000e+00
     vertex  1.815782e+02 -1.004887e+02  1.510000e+00
     vertex  1.832292e+02 -1.004888e+02  1.510000e+00
   endloop
 endfacet
 facet normal  0.000000e+00  0.000000e+00  1.000000e+00
   outer loop
     vertex  1.832888e+02 -1.002665e+02  1.510000e+00
     vertex  1.815187e+02 -1.002665e+02  1.510000e+00
     vertex  1.832444e+02 -1.003737e+02  1.510000e+00
   endloop
 endfacet
 facet normal  0.000000e+00  0.000000e+00  1.000000e+00
   outer loop
     vertex  1.833594e+02 -1.001744e+02  1.510000e+00
     vertex  1.815187e+02 -1.002665e+02  1.510000e+00
     vertex  1.832888e+02 -1.002665e+02  1.510000e+00
   endloop
 endfacet
 facet normal  0.000000e+00  0.000000e+00  1.000000e+00
   outer loop
     vertex  1.833594e+02 -1.001744e+02  1.510000e+00
     vertex  1.813560e+02 -1.001038e+02  1.510000e+00
     vertex  1.814481e+02 -1.001744e+02  1.510000e+00
   endloop
 endfacet
 facet normal  0.000000e+00  0.000000e+00  1.000000e+00
   outer loop
     vertex  1.833594e+02 -1.001744e+02  1.510000e+00
     vertex  1.814481e+02 -1.001744e+02  1.510000e+00
     vertex  1.815187e+02 -1.002665e+02  1.510000e+00
   endloop
 endfacet
 facet normal  0.000000e+00  0.000000e+00  1.000000e+00
   outer loop
     vertex  1.834515e+02 -1.001038e+02  1.510000e+00
     vertex  1.813560e+02 -1.001038e+02  1.510000e+00
     vertex  1.833594e+02 -1.001744e+02  1.510000e+00
   endloop
 endfacet
 facet normal  0.000000e+00  0.000000e+00  1.000000e+00
   outer loop
     vertex  1.835587e+02 -1.000594e+02  1.510000e+00
     vertex  1.813560e+02 -1.001038e+02  1.510000e+00
     vertex  1.834515e+02 -1.001038e+02  1.510000e+00
   endloop
 endfacet
 facet normal  0.000000e+00  0.000000e+00  1.000000e+00
   outer loop
     vertex  1.835587e+02 -1.000594e+02  1.510000e+00
     vertex  1.812488e+02 -1.000594e+02  1.510000e+00
     vertex  1.813560e+02 -1.001038e+02  1.510000e+00
   endloop
 endfacet
 facet normal  0.000000e+00  0.000000e+00  1.000000e+00
   outer loop
     vertex  1.706594e+02 -8.556306e+01  1.510000e+00
     vertex  1.628920e+02 -8.625875e+01  1.510000e+00
     vertex  1.627728e+02 -8.641408e+01  1.510000e+00
   endloop
 endfacet
 facet normal  0.000000e+00  0.000000e+00  1.000000e+00
   outer loop
     vertex  1.858994e+02 -1.008031e+02  1.510000e+00
     vertex  1.839881e+02 -1.008031e+02  1.510000e+00
     vertex  1.838960e+02 -1.008737e+02  1.510000e+00
   endloop
 endfacet
 facet normal  0.000000e+00  0.000000e+00  1.000000e+00
   outer loop
     vertex  1.705888e+02 -8.547100e+01  1.510000e+00
     vertex  1.629669e+02 -8.607786e+01  1.510000e+00
     vertex  1.628920e+02 -8.625875e+01  1.510000e+00
   endloop
 endfacet
 facet normal  0.000000e+00  0.000000e+00  1.000000e+00
   outer loop
     vertex  1.705888e+02 -8.547100e+01  1.510000e+00
     vertex  1.628920e+02 -8.625875e+01  1.510000e+00
     vertex  1.706594e+02 -8.556306e+01  1.510000e+00
   endloop
 endfacet
 facet normal  0.000000e+00  0.000000e+00  1.000000e+00
   outer loop
     vertex  1.707515e+02 -8.563370e+01  1.510000e+00
     vertex  1.626175e+02 -8.653327e+01  1.510000e+00
     vertex  1.707515e+02 -1.001038e+02  1.510000e+00
   endloop
 endfacet
 facet normal  0.000000e+00  0.000000e+00  1.000000e+00
   outer loop
     vertex  1.707515e+02 -8.563370e+01  1.510000e+00
     vertex  1.627728e+02 -8.641408e+01  1.510000e+00
     vertex  1.626175e+02 -8.653327e+01  1.510000e+00
   endloop
 endfacet
 facet normal  0.000000e+00  0.000000e+00  1.000000e+00
   outer loop
     vertex  1.707515e+02 -8.563370e+01  1.510000e+00
     vertex  1.707515e+02 -1.001038e+02  1.510000e+00
     vertex  1.708587e+02 -1.000594e+02  1.510000e+00
   endloop
 endfacet
 facet normal  0.000000e+00  0.000000e+00  1.000000e+00
   outer loop
     vertex  1.707515e+02 -8.563370e+01  1.510000e+00
     vertex  1.706594e+02 -8.556306e+01  1.510000e+00
     vertex  1.627728e+02 -8.641408e+01  1.510000e+00
   endloop
 endfacet
 facet normal  0.000000e+00  0.000000e+00  1.000000e+00
   outer loop
     vertex  1.858288e+02 -1.007110e+02  1.510000e+00
     vertex  1.839881e+02 -1.008031e+02  1.510000e+00
     vertex  1.858994e+02 -1.008031e+02  1.510000e+00
   endloop
 endfacet
 facet normal  0.000000e+00  0.000000e+00  1.000000e+00
   outer loop
     vertex  1.858288e+02 -1.007110e+02  1.510000e+00
     vertex  1.841031e+02 -1.006038e+02  1.510000e+00
     vertex  1.840587e+02 -1.007110e+02  1.510000e+00
   endloop
 endfacet
 facet normal  0.000000e+00  0.000000e+00  1.000000e+00
   outer loop
     vertex  1.858288e+02 -1.007110e+02  1.510000e+00
     vertex  1.840587e+02 -1.007110e+02  1.510000e+00
     vertex  1.839881e+02 -1.008031e+02  1.510000e+00
   endloop
 endfacet
 facet normal  0.000000e+00  0.000000e+00  1.000000e+00
   outer loop
     vertex  1.859915e+02 -1.008737e+02  1.510000e+00
     vertex  1.858994e+02 -1.008031e+02  1.510000e+00
     vertex  1.838960e+02 -1.008737e+02  1.510000e+00
   endloop
 endfacet
 facet normal  0.000000e+00  0.000000e+00  1.000000e+00
   outer loop
     vertex  1.705444e+02 -8.536380e+01  1.510000e+00
     vertex  1.629669e+02 -8.607786e+01  1.510000e+00
     vertex  1.705888e+02 -8.547100e+01  1.510000e+00
   endloop
 endfacet
 facet normal  0.000000e+00  0.000000e+00  1.000000e+00
   outer loop
     vertex  1.705444e+02 -8.536380e+01  1.510000e+00
     vertex  1.629925e+02 -8.588375e+01  1.510000e+00
     vertex  1.629669e+02 -8.607786e+01  1.510000e+00
   endloop
 endfacet
 facet normal  0.000000e+00  0.000000e+00  1.000000e+00
   outer loop
     vertex  1.708587e+02 -8.567810e+01  1.510000e+00
     vertex  1.708587e+02 -1.000594e+02  1.510000e+00
     vertex  1.709737e+02 -1.000442e+02  1.510000e+00
   endloop
 endfacet
 facet normal  0.000000e+00  0.000000e+00  1.000000e+00
   outer loop
     vertex  1.708587e+02 -8.567810e+01  1.510000e+00
     vertex  1.707515e+02 -8.563370e+01  1.510000e+00
     vertex  1.708587e+02 -1.000594e+02  1.510000e+00
   endloop
 endfacet
 facet normal  0.000000e+00  0.000000e+00  1.000000e+00
   outer loop
     vertex  1.857844e+02 -1.006038e+02  1.510000e+00
     vertex  1.841031e+02 -1.006038e+02  1.510000e+00
     vertex  1.858288e+02 -1.007110e+02  1.510000e+00
   endloop
 endfacet
 facet normal  0.000000e+00  0.000000e+00  1.000000e+00
   outer loop
     vertex  1.857844e+02 -1.006038e+02  1.510000e+00
     vertex  1.841182e+02 -1.004887e+02  1.510000e+00
     vertex  1.841031e+02 -1.006038e+02  1.510000e+00
   endloop
 endfacet
 facet normal  0.000000e+00  0.000000e+00  1.000000e+00
   outer loop
     vertex  1.860987e+02 -1.009181e+02  1.510000e+00
     vertex  1.859915e+02 -1.008737e+02  1.510000e+00
     vertex  1.838960e+02 -1.008737e+02  1.510000e+00
   endloop
 endfacet
 facet normal  0.000000e+00  0.000000e+00  1.000000e+00
   outer loop
     vertex  1.860987e+02 -1.009181e+02  1.510000e+00
     vertex  1.838960e+02 -1.008737e+02  1.510000e+00
     vertex  1.837888e+02 -1.009181e+02  1.510000e+00
   endloop
 endfacet
 facet normal  0.000000e+00  0.000000e+00  1.000000e+00
   outer loop
     vertex  1.705292e+02 -8.524875e+01  1.510000e+00
     vertex  1.629669e+02 -8.568964e+01  1.510000e+00
     vertex  1.629925e+02 -8.588375e+01  1.510000e+00
   endloop
 endfacet
 facet normal  0.000000e+00  0.000000e+00  1.000000e+00
   outer loop
     vertex  1.705292e+02 -8.524875e+01  1.510000e+00
     vertex  1.629925e+02 -8.588375e+01  1.510000e+00
     vertex  1.705444e+02 -8.536380e+01  1.510000e+00
   endloop
 endfacet
 facet normal  0.000000e+00  0.000000e+00  1.000000e+00
   outer loop
     vertex  1.709737e+02 -8.569325e+01  1.510000e+00
     vertex  1.709737e+02 -1.000442e+02  1.510000e+00
     vertex  1.710888e+02 -1.000594e+02  1.510000e+00
   endloop
 endfacet
 facet normal  0.000000e+00  0.000000e+00  1.000000e+00
   outer loop
     vertex  1.709737e+02 -8.569325e+01  1.510000e+00
     vertex  1.708587e+02 -8.567810e+01  1.510000e+00
     vertex  1.709737e+02 -1.000442e+02  1.510000e+00
   endloop
 endfacet
 facet normal  0.000000e+00  0.000000e+00  1.000000e+00
   outer loop
     vertex  1.857692e+02 -1.004887e+02  1.510000e+00
     vertex  1.841182e+02 -1.004887e+02  1.510000e+00
     vertex  1.857844e+02 -1.006038e+02  1.510000e+00
   endloop
 endfacet
 facet normal  0.000000e+00  0.000000e+00  1.000000e+00
   outer loop
     vertex  1.862138e+02 -1.009333e+02  1.510000e+00
     vertex  1.860987e+02 -1.009181e+02  1.510000e+00
     vertex  1.837888e+02 -1.009181e+02  1.510000e+00
   endloop
 endfacet
 facet normal  0.000000e+00  0.000000e+00  1.000000e+00
   outer loop
     vertex  1.862138e+02 -1.009333e+02  1.510000e+00
     vertex  1.837888e+02 -1.009181e+02  1.510000e+00
     vertex  1.836738e+02 -1.009332e+02  1.510000e+00
   endloop
 endfacet
 facet normal  0.000000e+00  0.000000e+00  1.000000e+00
   outer loop
     vertex  1.862138e+02 -1.009333e+02  1.510000e+00
     vertex  1.836738e+02 -1.009332e+02  1.510000e+00
     vertex  1.892000e+02 -1.185000e+02  1.510000e+00
   endloop
 endfacet
 facet normal  0.000000e+00  0.000000e+00  1.000000e+00
   outer loop
     vertex  1.710888e+02 -8.567810e+01  1.510000e+00
     vertex  1.709737e+02 -8.569325e+01  1.510000e+00
     vertex  1.710888e+02 -1.000594e+02  1.510000e+00
   endloop
 endfacet
 facet normal  0.000000e+00  0.000000e+00  1.000000e+00
   outer loop
     vertex  1.705444e+02 -8.513370e+01  1.510000e+00
     vertex  1.628920e+02 -8.550875e+01  1.510000e+00
     vertex  1.629669e+02 -8.568964e+01  1.510000e+00
   endloop
 endfacet
 facet normal  0.000000e+00  0.000000e+00  1.000000e+00
   outer loop
     vertex  1.705444e+02 -8.513370e+01  1.510000e+00
     vertex  1.629669e+02 -8.568964e+01  1.510000e+00
     vertex  1.705292e+02 -8.524875e+01  1.510000e+00
   endloop
 endfacet
 facet normal  0.000000e+00  0.000000e+00  1.000000e+00
   outer loop
     vertex  1.863288e+02 -1.009181e+02  1.510000e+00
     vertex  1.862138e+02 -1.009333e+02  1.510000e+00
     vertex  1.892000e+02 -1.185000e+02  1.510000e+00
   endloop
 endfacet
 facet normal  0.000000e+00  0.000000e+00  1.000000e+00
   outer loop
     vertex  1.857844e+02 -1.003737e+02  1.510000e+00
     vertex  1.841182e+02 -1.004887e+02  1.510000e+00
     vertex  1.857692e+02 -1.004887e+02  1.510000e+00
   endloop
 endfacet
 facet normal  0.000000e+00  0.000000e+00  1.000000e+00
   outer loop
     vertex  1.857844e+02 -1.003737e+02  1.510000e+00
     vertex  1.841031e+02 -1.003737e+02  1.510000e+00
     vertex  1.841182e+02 -1.004887e+02  1.510000e+00
   endloop
 endfacet
 facet normal  0.000000e+00  0.000000e+00  1.000000e+00
   outer loop
     vertex  1.705888e+02 -8.502650e+01  1.510000e+00
     vertex  1.627728e+02 -8.535342e+01  1.510000e+00
     vertex  1.628920e+02 -8.550875e+01  1.510000e+00
   endloop
 endfacet
 facet normal  0.000000e+00  0.000000e+00  1.000000e+00
   outer loop
     vertex  1.705888e+02 -8.502650e+01  1.510000e+00
     vertex  1.628920e+02 -8.550875e+01  1.510000e+00
     vertex  1.705444e+02 -8.513370e+01  1.510000e+00
   endloop
 endfacet
 facet normal  0.000000e+00  0.000000e+00  1.000000e+00
   outer loop
     vertex  1.858288e+02 -1.002665e+02  1.510000e+00
     vertex  1.840587e+02 -1.002665e+02  1.510000e+00
     vertex  1.841031e+02 -1.003737e+02  1.510000e+00
   endloop
 endfacet
 facet normal  0.000000e+00  0.000000e+00  1.000000e+00
   outer loop
     vertex  1.858288e+02 -1.002665e+02  1.510000e+00
     vertex  1.841031e+02 -1.003737e+02  1.510000e+00
     vertex  1.857844e+02 -1.003737e+02  1.510000e+00
   endloop
 endfacet
 facet normal  0.000000e+00  0.000000e+00  1.000000e+00
   outer loop
     vertex  1.864360e+02 -1.008737e+02  1.510000e+00
     vertex  1.863288e+02 -1.009181e+02  1.510000e+00
     vertex  1.892000e+02 -1.185000e+02  1.510000e+00
   endloop
 endfacet
 facet normal  0.000000e+00  0.000000e+00  1.000000e+00
   outer loop
     vertex  1.706594e+02 -8.493444e+01  1.510000e+00
     vertex  1.604269e+02 -7.972786e+01  1.510000e+00
     vertex  1.627728e+02 -8.535342e+01  1.510000e+00
   endloop
 endfacet
 facet normal  0.000000e+00  0.000000e+00  1.000000e+00
   outer loop
     vertex  1.706594e+02 -8.493444e+01  1.510000e+00
     vertex  1.627728e+02 -8.535342e+01  1.510000e+00
     vertex  1.705888e+02 -8.502650e+01  1.510000e+00
   endloop
 endfacet
 facet normal  0.000000e+00  0.000000e+00  1.000000e+00
   outer loop
     vertex  1.706594e+02 -8.493444e+01  1.510000e+00
     vertex  1.604525e+02 -7.953375e+01  1.510000e+00
     vertex  1.604269e+02 -7.972786e+01  1.510000e+00
   endloop
 endfacet
 facet normal  0.000000e+00  0.000000e+00  1.000000e+00
   outer loop
     vertex  1.865281e+02 -1.008031e+02  1.510000e+00
     vertex  1.864360e+02 -1.008737e+02  1.510000e+00
     vertex  1.892000e+02 -1.185000e+02  1.510000e+00
   endloop
 endfacet
 facet normal  0.000000e+00  0.000000e+00  1.000000e+00
   outer loop
     vertex  1.858994e+02 -1.001744e+02  1.510000e+00
     vertex  1.840587e+02 -1.002665e+02  1.510000e+00
     vertex  1.858288e+02 -1.002665e+02  1.510000e+00
   endloop
 endfacet
 facet normal  0.000000e+00  0.000000e+00  1.000000e+00
   outer loop
     vertex  1.858994e+02 -1.001744e+02  1.510000e+00
     vertex  1.838960e+02 -1.001038e+02  1.510000e+00
     vertex  1.839881e+02 -1.001744e+02  1.510000e+00
   endloop
 endfacet
 facet normal  0.000000e+00  0.000000e+00  1.000000e+00
   outer loop
     vertex  1.858994e+02 -1.001744e+02  1.510000e+00
     vertex  1.839881e+02 -1.001744e+02  1.510000e+00
     vertex  1.840587e+02 -1.002665e+02  1.510000e+00
   endloop
 endfacet
 facet normal  0.000000e+00  0.000000e+00  1.000000e+00
   outer loop
     vertex  1.707515e+02 -8.486380e+01  1.510000e+00
     vertex  1.604525e+02 -7.953375e+01  1.510000e+00
     vertex  1.706594e+02 -8.493444e+01  1.510000e+00
   endloop
 endfacet
 facet normal  0.000000e+00  0.000000e+00  1.000000e+00
   outer loop
     vertex  1.707515e+02 -8.486380e+01  1.510000e+00
     vertex  1.604269e+02 -7.933964e+01  1.510000e+00
     vertex  1.604525e+02 -7.953375e+01  1.510000e+00
   endloop
 endfacet
 facet normal  0.000000e+00  0.000000e+00  1.000000e+00
   outer loop
     vertex  1.859915e+02 -1.001038e+02  1.510000e+00
     vertex  1.838960e+02 -1.001038e+02  1.510000e+00
     vertex  1.858994e+02 -1.001744e+02  1.510000e+00
   endloop
 endfacet
 facet normal  0.000000e+00  0.000000e+00  1.000000e+00
   outer loop
     vertex  1.865987e+02 -1.007110e+02  1.510000e+00
     vertex  1.865281e+02 -1.008031e+02  1.510000e+00
     vertex  1.892000e+02 -1.185000e+02  1.510000e+00
   endloop
 endfacet
 facet normal  0.000000e+00  0.000000e+00  1.000000e+00
   outer loop
     vertex  1.708587e+02 -8.481940e+01  1.510000e+00
     vertex  1.604269e+02 -7.933964e+01  1.510000e+00
     vertex  1.707515e+02 -8.486380e+01  1.510000e+00
   endloop
 endfacet
 facet normal  0.000000e+00  0.000000e+00  1.000000e+00
   outer loop
     vertex  1.708587e+02 -8.481940e+01  1.510000e+00
     vertex  1.603520e+02 -7.915875e+01  1.510000e+00
     vertex  1.604269e+02 -7.933964e+01  1.510000e+00
   endloop
 endfacet
 facet normal  0.000000e+00  0.000000e+00  1.000000e+00
   outer loop
     vertex  1.866431e+02 -1.006038e+02  1.510000e+00
     vertex  1.865987e+02 -1.007110e+02  1.510000e+00
     vertex  1.892000e+02 -1.185000e+02  1.510000e+00
   endloop
 endfacet
 facet normal  0.000000e+00  0.000000e+00  1.000000e+00
   outer loop
     vertex  1.860987e+02 -1.000594e+02  1.510000e+00
     vertex  1.837888e+02 -1.000594e+02  1.510000e+00
     vertex  1.838960e+02 -1.001038e+02  1.510000e+00
   endloop
 endfacet
 facet normal  0.000000e+00  0.000000e+00  1.000000e+00
   outer loop
     vertex  1.860987e+02 -1.000594e+02  1.510000e+00
     vertex  1.838960e+02 -1.001038e+02  1.510000e+00
     vertex  1.859915e+02 -1.001038e+02  1.510000e+00
   endloop
 endfacet
 facet normal  0.000000e+00  0.000000e+00  1.000000e+00
   outer loop
     vertex  1.709737e+02 -8.480425e+01  1.510000e+00
     vertex  1.603520e+02 -7.915875e+01  1.510000e+00
     vertex  1.708587e+02 -8.481940e+01  1.510000e+00
   endloop
 endfacet
 facet normal  0.000000e+00  0.000000e+00  1.000000e+00
   outer loop
     vertex  1.709737e+02 -8.480425e+01  1.510000e+00
     vertex  1.602328e+02 -7.900342e+01  1.510000e+00
     vertex  1.603520e+02 -7.915875e+01  1.510000e+00
   endloop
 endfacet
 facet normal  0.000000e+00  0.000000e+00  1.000000e+00
   outer loop
     vertex  1.866583e+02 -1.004887e+02  1.510000e+00
     vertex  1.866431e+02 -1.006038e+02  1.510000e+00
     vertex  1.892000e+02 -1.185000e+02  1.510000e+00
   endloop
 endfacet
 facet normal  0.000000e+00  0.000000e+00  1.000000e+00
   outer loop
     vertex  1.731288e+02 -8.547100e+01  1.510000e+00
     vertex  1.712881e+02 -8.556306e+01  1.510000e+00
     vertex  1.731994e+02 -8.556306e+01  1.510000e+00
   endloop
 endfacet
 facet normal  0.000000e+00  0.000000e+00  1.000000e+00
   outer loop
     vertex  1.731288e+02 -8.547100e+01  1.510000e+00
     vertex  1.713587e+02 -8.547100e+01  1.510000e+00
     vertex  1.712881e+02 -8.556306e+01  1.510000e+00
   endloop
 endfacet
 facet normal  0.000000e+00  0.000000e+00  1.000000e+00
   outer loop
     vertex  1.732915e+02 -8.563370e+01  1.510000e+00
     vertex  1.731994e+02 -8.556306e+01  1.510000e+00
     vertex  1.712881e+02 -8.556306e+01  1.510000e+00
   endloop
 endfacet
 facet normal  0.000000e+00  0.000000e+00  1.000000e+00
   outer loop
     vertex  1.732915e+02 -8.563370e+01  1.510000e+00
     vertex  1.712881e+02 -8.556306e+01  1.510000e+00
     vertex  1.711960e+02 -8.563370e+01  1.510000e+00
   endloop
 endfacet
 facet normal  0.000000e+00  0.000000e+00  1.000000e+00
   outer loop
     vertex  1.733987e+02 -8.567810e+01  1.510000e+00
     vertex  1.732915e+02 -8.563370e+01  1.510000e+00
     vertex  1.711960e+02 -8.563370e+01  1.510000e+00
   endloop
 endfacet
 facet normal  0.000000e+00  0.000000e+00  1.000000e+00
   outer loop
     vertex  1.733987e+02 -8.567810e+01  1.510000e+00
     vertex  1.711960e+02 -8.563370e+01  1.510000e+00
     vertex  1.710888e+02 -8.567810e+01  1.510000e+00
   endloop
 endfacet
 facet normal  0.000000e+00  0.000000e+00  1.000000e+00
   outer loop
     vertex  1.733987e+02 -8.567810e+01  1.510000e+00
     vertex  1.710888e+02 -8.567810e+01  1.510000e+00
     vertex  1.710888e+02 -1.000594e+02  1.510000e+00
   endloop
 endfacet
 facet normal  0.000000e+00  0.000000e+00  1.000000e+00
   outer loop
     vertex  1.733987e+02 -8.567810e+01  1.510000e+00
     vertex  1.710888e+02 -1.000594e+02  1.510000e+00
     vertex  1.733987e+02 -1.000594e+02  1.510000e+00
   endloop
 endfacet
 facet normal  0.000000e+00  0.000000e+00  1.000000e+00
   outer loop
     vertex  1.730844e+02 -8.536380e+01  1.510000e+00
     vertex  1.713587e+02 -8.547100e+01  1.510000e+00
     vertex  1.731288e+02 -8.547100e+01  1.510000e+00
   endloop
 endfacet
 facet normal  0.000000e+00  0.000000e+00  1.000000e+00
   outer loop
     vertex  1.730844e+02 -8.536380e+01  1.510000e+00
     vertex  1.714031e+02 -8.536380e+01  1.510000e+00
     vertex  1.713587e+02 -8.547100e+01  1.510000e+00
   endloop
 endfacet
 facet normal  0.000000e+00  0.000000e+00  1.000000e+00
   outer loop
     vertex  1.735137e+02 -8.569325e+01  1.510000e+00
     vertex  1.733987e+02 -1.000594e+02  1.510000e+00
     vertex  1.735138e+02 -1.000443e+02  1.510000e+00
   endloop
 endfacet
 facet normal  0.000000e+00  0.000000e+00  1.000000e+00
   outer loop
     vertex  1.735137e+02 -8.569325e+01  1.510000e+00
     vertex  1.733987e+02 -8.567810e+01  1.510000e+00
     vertex  1.733987e+02 -1.000594e+02  1.510000e+00
   endloop
 endfacet
 facet normal  0.000000e+00  0.000000e+00  1.000000e+00
   outer loop
     vertex  1.730693e+02 -8.524875e+01  1.510000e+00
     vertex  1.714031e+02 -8.536380e+01  1.510000e+00
     vertex  1.730844e+02 -8.536380e+01  1.510000e+00
   endloop
 endfacet
 facet normal  0.000000e+00  0.000000e+00  1.000000e+00
   outer loop
     vertex  1.730693e+02 -8.524875e+01  1.510000e+00
     vertex  1.714183e+02 -8.524875e+01  1.510000e+00
     vertex  1.714031e+02 -8.536380e+01  1.510000e+00
   endloop
 endfacet
 facet normal  0.000000e+00  0.000000e+00  1.000000e+00
   outer loop
     vertex  1.736288e+02 -8.567810e+01  1.510000e+00
     vertex  1.736288e+02 -1.000594e+02  1.510000e+00
     vertex  1.759387e+02 -1.000594e+02  1.510000e+00
   endloop
 endfacet
 facet normal  0.000000e+00  0.000000e+00  1.000000e+00
   outer loop
     vertex  1.736288e+02 -8.567810e+01  1.510000e+00
     vertex  1.735138e+02 -1.000443e+02  1.510000e+00
     vertex  1.736288e+02 -1.000594e+02  1.510000e+00
   endloop
 endfacet
 facet normal  0.000000e+00  0.000000e+00  1.000000e+00
   outer loop
     vertex  1.736288e+02 -8.567810e+01  1.510000e+00
     vertex  1.735137e+02 -8.569325e+01  1.510000e+00
     vertex  1.735138e+02 -1.000443e+02  1.510000e+00
   endloop
 endfacet
 facet normal  0.000000e+00  0.000000e+00  1.000000e+00
   outer loop
     vertex  1.730844e+02 -8.513370e+01  1.510000e+00
     vertex  1.713587e+02 -8.502650e+01  1.510000e+00
     vertex  1.714031e+02 -8.513370e+01  1.510000e+00
   endloop
 endfacet
 facet normal  0.000000e+00  0.000000e+00  1.000000e+00
   outer loop
     vertex  1.730844e+02 -8.513370e+01  1.510000e+00
     vertex  1.714031e+02 -8.513370e+01  1.510000e+00
     vertex  1.714183e+02 -8.524875e+01  1.510000e+00
   endloop
 endfacet
 facet normal  0.000000e+00  0.000000e+00  1.000000e+00
   outer loop
     vertex  1.730844e+02 -8.513370e+01  1.510000e+00
     vertex  1.714183e+02 -8.524875e+01  1.510000e+00
     vertex  1.730693e+02 -8.524875e+01  1.510000e+00
   endloop
 endfacet
 facet normal  0.000000e+00  0.000000e+00  1.000000e+00
   outer loop
     vertex  1.731288e+02 -8.502650e+01  1.510000e+00
     vertex  1.713587e+02 -8.502650e+01  1.510000e+00
     vertex  1.730844e+02 -8.513370e+01  1.510000e+00
   endloop
 endfacet
 facet normal  0.000000e+00  0.000000e+00  1.000000e+00
   outer loop
     vertex  1.731288e+02 -8.502650e+01  1.510000e+00
     vertex  1.712881e+02 -8.493444e+01  1.510000e+00
     vertex  1.713587e+02 -8.502650e+01  1.510000e+00
   endloop
 endfacet
 facet normal  0.000000e+00  0.000000e+00  1.000000e+00
   outer loop
     vertex  1.731994e+02 -8.493444e+01  1.510000e+00
     vertex  1.712881e+02 -8.493444e+01  1.510000e+00
     vertex  1.731288e+02 -8.502650e+01  1.510000e+00
   endloop
 endfacet
 facet normal  0.000000e+00  0.000000e+00  1.000000e+00
   outer loop
     vertex  1.732915e+02 -8.486380e+01  1.510000e+00
     vertex  1.710888e+02 -8.481940e+01  1.510000e+00
     vertex  1.711960e+02 -8.486380e+01  1.510000e+00
   endloop
 endfacet
 facet normal  0.000000e+00  0.000000e+00  1.000000e+00
   outer loop
     vertex  1.732915e+02 -8.486380e+01  1.510000e+00
     vertex  1.711960e+02 -8.486380e+01  1.510000e+00
     vertex  1.712881e+02 -8.493444e+01  1.510000e+00
   endloop
 endfacet
 facet normal  0.000000e+00  0.000000e+00  1.000000e+00
   outer loop
     vertex  1.732915e+02 -8.486380e+01  1.510000e+00
     vertex  1.712881e+02 -8.493444e+01  1.510000e+00
     vertex  1.731994e+02 -8.493444e+01  1.510000e+00
   endloop
 endfacet
 facet normal  0.000000e+00  0.000000e+00  1.000000e+00
   outer loop
     vertex  1.733987e+02 -8.481940e+01  1.510000e+00
     vertex  1.710888e+02 -8.481940e+01  1.510000e+00
     vertex  1.732915e+02 -8.486380e+01  1.510000e+00
   endloop
 endfacet
 facet normal  0.000000e+00  0.000000e+00  1.000000e+00
   outer loop
     vertex  1.735138e+02 -8.480425e+01  1.510000e+00
     vertex  1.602328e+02 -7.900342e+01  1.510000e+00
     vertex  1.709737e+02 -8.480425e+01  1.510000e+00
   endloop
 endfacet
 facet normal  0.000000e+00  0.000000e+00  1.000000e+00
   outer loop
     vertex  1.735138e+02 -8.480425e+01  1.510000e+00
     vertex  1.709737e+02 -8.480425e+01  1.510000e+00
     vertex  1.710888e+02 -8.481940e+01  1.510000e+00
   endloop
 endfacet
 facet normal  0.000000e+00  0.000000e+00  1.000000e+00
   outer loop
     vertex  1.735138e+02 -8.480425e+01  1.510000e+00
     vertex  1.710888e+02 -8.481940e+01  1.510000e+00
     vertex  1.733987e+02 -8.481940e+01  1.510000e+00
   endloop
 endfacet
 facet normal  0.000000e+00  0.000000e+00  1.000000e+00
   outer loop
     vertex  1.756688e+02 -8.547100e+01  1.510000e+00
     vertex  1.738281e+02 -8.556306e+01  1.510000e+00
     vertex  1.757394e+02 -8.556306e+01  1.510000e+00
   endloop
 endfacet
 facet normal  0.000000e+00  0.000000e+00  1.000000e+00
   outer loop
     vertex  1.756688e+02 -8.547100e+01  1.510000e+00
     vertex  1.738987e+02 -8.547100e+01  1.510000e+00
     vertex  1.738281e+02 -8.556306e+01  1.510000e+00
   endloop
 endfacet
 facet normal  0.000000e+00  0.000000e+00  1.000000e+00
   outer loop
     vertex  1.758315e+02 -8.563370e+01  1.510000e+00
     vertex  1.757394e+02 -8.556306e+01  1.510000e+00
     vertex  1.738281e+02 -8.556306e+01  1.510000e+00
   endloop
 endfacet
 facet normal  0.000000e+00  0.000000e+00  1.000000e+00
   outer loop
     vertex  1.758315e+02 -8.563370e+01  1.510000e+00
     vertex  1.738281e+02 -8.556306e+01  1.510000e+00
     vertex  1.737360e+02 -8.563370e+01  1.510000e+00
   endloop
 endfacet
 facet normal  0.000000e+00  0.000000e+00  1.000000e+00
   outer loop
     vertex  1.758315e+02 -8.563370e+01  1.510000e+00
     vertex  1.737360e+02 -8.563370e+01  1.510000e+00
     vertex  1.736288e+02 -8.567810e+01  1.510000e+00
   endloop
 endfacet
 facet normal  0.000000e+00  0.000000e+00  1.000000e+00
   outer loop
     vertex  1.756244e+02 -8.536380e+01  1.510000e+00
     vertex  1.738987e+02 -8.547100e+01  1.510000e+00
     vertex  1.756688e+02 -8.547100e+01  1.510000e+00
   endloop
 endfacet
 facet normal  0.000000e+00  0.000000e+00  1.000000e+00
   outer loop
     vertex  1.756244e+02 -8.536380e+01  1.510000e+00
     vertex  1.739582e+02 -8.524875e+01  1.510000e+00
     vertex  1.739431e+02 -8.536380e+01  1.510000e+00
   endloop
 endfacet
 facet normal  0.000000e+00  0.000000e+00  1.000000e+00
   outer loop
     vertex  1.756244e+02 -8.536380e+01  1.510000e+00
     vertex  1.739431e+02 -8.536380e+01  1.510000e+00
     vertex  1.738987e+02 -8.547100e+01  1.510000e+00
   endloop
 endfacet
 facet normal  0.000000e+00  0.000000e+00  1.000000e+00
   outer loop
     vertex  1.759387e+02 -8.567810e+01  1.510000e+00
     vertex  1.758315e+02 -8.563370e+01  1.510000e+00
     vertex  1.736288e+02 -8.567810e+01  1.510000e+00
   endloop
 endfacet
 facet normal  0.000000e+00  0.000000e+00  1.000000e+00
   outer loop
     vertex  1.759387e+02 -8.567810e+01  1.510000e+00
     vertex  1.736288e+02 -8.567810e+01  1.510000e+00
     vertex  1.759387e+02 -1.000594e+02  1.510000e+00
   endloop
 endfacet
 facet normal  0.000000e+00  0.000000e+00  1.000000e+00
   outer loop
     vertex  1.756093e+02 -8.524875e+01  1.510000e+00
     vertex  1.739582e+02 -8.524875e+01  1.510000e+00
     vertex  1.756244e+02 -8.536380e+01  1.510000e+00
   endloop
 endfacet
 facet normal  0.000000e+00  0.000000e+00  1.000000e+00
   outer loop
     vertex  1.760538e+02 -8.569325e+01  1.510000e+00
     vertex  1.759387e+02 -1.000594e+02  1.510000e+00
     vertex  1.760538e+02 -1.000442e+02  1.510000e+00
   endloop
 endfacet
 facet normal  0.000000e+00  0.000000e+00  1.000000e+00
   outer loop
     vertex  1.760538e+02 -8.569325e+01  1.510000e+00
     vertex  1.760538e+02 -1.000442e+02  1.510000e+00
     vertex  1.761688e+02 -1.000594e+02  1.510000e+00
   endloop
 endfacet
 facet normal  0.000000e+00  0.000000e+00  1.000000e+00
   outer loop
     vertex  1.760538e+02 -8.569325e+01  1.510000e+00
     vertex  1.759387e+02 -8.567810e+01  1.510000e+00
     vertex  1.759387e+02 -1.000594e+02  1.510000e+00
   endloop
 endfacet
 facet normal  0.000000e+00  0.000000e+00  1.000000e+00
   outer loop
     vertex  1.761688e+02 -8.567810e+01  1.510000e+00
     vertex  1.760538e+02 -8.569325e+01  1.510000e+00
     vertex  1.761688e+02 -1.000594e+02  1.510000e+00
   endloop
 endfacet
 facet normal  0.000000e+00  0.000000e+00  1.000000e+00
   outer loop
     vertex  1.756244e+02 -8.513370e+01  1.510000e+00
     vertex  1.739582e+02 -8.524875e+01  1.510000e+00
     vertex  1.756093e+02 -8.524875e+01  1.510000e+00
   endloop
 endfacet
 facet normal  0.000000e+00  0.000000e+00  1.000000e+00
   outer loop
     vertex  1.756244e+02 -8.513370e+01  1.510000e+00
     vertex  1.739431e+02 -8.513370e+01  1.510000e+00
     vertex  1.739582e+02 -8.524875e+01  1.510000e+00
   endloop
 endfacet
 facet normal  0.000000e+00  0.000000e+00  1.000000e+00
   outer loop
     vertex  1.756688e+02 -8.502650e+01  1.510000e+00
     vertex  1.739431e+02 -8.513370e+01  1.510000e+00
     vertex  1.756244e+02 -8.513370e+01  1.510000e+00
   endloop
 endfacet
 facet normal  0.000000e+00  0.000000e+00  1.000000e+00
   outer loop
     vertex  1.756688e+02 -8.502650e+01  1.510000e+00
     vertex  1.738987e+02 -8.502650e+01  1.510000e+00
     vertex  1.739431e+02 -8.513370e+01  1.510000e+00
   endloop
 endfacet
 facet normal  0.000000e+00  0.000000e+00  1.000000e+00
   outer loop
     vertex  1.757394e+02 -8.493444e+01  1.510000e+00
     vertex  1.738281e+02 -8.493444e+01  1.510000e+00
     vertex  1.738987e+02 -8.502650e+01  1.510000e+00
   endloop
 endfacet
 facet normal  0.000000e+00  0.000000e+00  1.000000e+00
   outer loop
     vertex  1.757394e+02 -8.493444e+01  1.510000e+00
     vertex  1.738987e+02 -8.502650e+01  1.510000e+00
     vertex  1.756688e+02 -8.502650e+01  1.510000e+00
   endloop
 endfacet
 facet normal  0.000000e+00  0.000000e+00  1.000000e+00
   outer loop
     vertex  1.758315e+02 -8.486380e+01  1.510000e+00
     vertex  1.737360e+02 -8.486380e+01  1.510000e+00
     vertex  1.738281e+02 -8.493444e+01  1.510000e+00
   endloop
 endfacet
 facet normal  0.000000e+00  0.000000e+00  1.000000e+00
   outer loop
     vertex  1.758315e+02 -8.486380e+01  1.510000e+00
     vertex  1.738281e+02 -8.493444e+01  1.510000e+00
     vertex  1.757394e+02 -8.493444e+01  1.510000e+00
   endloop
 endfacet
 facet normal  0.000000e+00  0.000000e+00  1.000000e+00
   outer loop
     vertex  1.759387e+02 -8.481940e+01  1.510000e+00
     vertex  1.735138e+02 -8.480425e+01  1.510000e+00
     vertex  1.736288e+02 -8.481940e+01  1.510000e+00
   endloop
 endfacet
 facet normal  0.000000e+00  0.000000e+00  1.000000e+00
   outer loop
     vertex  1.759387e+02 -8.481940e+01  1.510000e+00
     vertex  1.736288e+02 -8.481940e+01  1.510000e+00
     vertex  1.737360e+02 -8.486380e+01  1.510000e+00
   endloop
 endfacet
 facet normal  0.000000e+00  0.000000e+00  1.000000e+00
   outer loop
     vertex  1.759387e+02 -8.481940e+01  1.510000e+00
     vertex  1.737360e+02 -8.486380e+01  1.510000e+00
     vertex  1.758315e+02 -8.486380e+01  1.510000e+00
   endloop
 endfacet
 facet normal  0.000000e+00  0.000000e+00  1.000000e+00
   outer loop
     vertex  1.760538e+02 -8.480425e+01  1.510000e+00
     vertex  1.735138e+02 -8.480425e+01  1.510000e+00
     vertex  1.759387e+02 -8.481940e+01  1.510000e+00
   endloop
 endfacet
 facet normal  0.000000e+00  0.000000e+00  1.000000e+00
   outer loop
     vertex  1.782088e+02 -8.547100e+01  1.510000e+00
     vertex  1.763681e+02 -8.556306e+01  1.510000e+00
     vertex  1.782794e+02 -8.556306e+01  1.510000e+00
   endloop
 endfacet
 facet normal  0.000000e+00  0.000000e+00  1.000000e+00
   outer loop
     vertex  1.782088e+02 -8.547100e+01  1.510000e+00
     vertex  1.764831e+02 -8.536380e+01  1.510000e+00
     vertex  1.764387e+02 -8.547100e+01  1.510000e+00
   endloop
 endfacet
 facet normal  0.000000e+00  0.000000e+00  1.000000e+00
   outer loop
     vertex  1.782088e+02 -8.547100e+01  1.510000e+00
     vertex  1.764387e+02 -8.547100e+01  1.510000e+00
     vertex  1.763681e+02 -8.556306e+01  1.510000e+00
   endloop
 endfacet
 facet normal  0.000000e+00  0.000000e+00  1.000000e+00
   outer loop
     vertex  1.783715e+02 -8.563370e+01  1.510000e+00
     vertex  1.782794e+02 -8.556306e+01  1.510000e+00
     vertex  1.763681e+02 -8.556306e+01  1.510000e+00
   endloop
 endfacet
 facet normal  0.000000e+00  0.000000e+00  1.000000e+00
   outer loop
     vertex  1.783715e+02 -8.563370e+01  1.510000e+00
     vertex  1.763681e+02 -8.556306e+01  1.510000e+00
     vertex  1.762760e+02 -8.563370e+01  1.510000e+00
   endloop
 endfacet
 facet normal  0.000000e+00  0.000000e+00  1.000000e+00
   outer loop
     vertex  1.783715e+02 -8.563370e+01  1.510000e+00
     vertex  1.762760e+02 -8.563370e+01  1.510000e+00
     vertex  1.761688e+02 -8.567810e+01  1.510000e+00
   endloop
 endfacet
 facet normal  0.000000e+00  0.000000e+00  1.000000e+00
   outer loop
     vertex  1.781644e+02 -8.536380e+01  1.510000e+00
     vertex  1.764831e+02 -8.536380e+01  1.510000e+00
     vertex  1.782088e+02 -8.547100e+01  1.510000e+00
   endloop
 endfacet
 facet normal  0.000000e+00  0.000000e+00  1.000000e+00
   outer loop
     vertex  1.784787e+02 -8.567810e+01  1.510000e+00
     vertex  1.784787e+02 -1.000594e+02  1.510000e+00
     vertex  1.785938e+02 -1.000442e+02  1.510000e+00
   endloop
 endfacet
 facet normal  0.000000e+00  0.000000e+00  1.000000e+00
   outer loop
     vertex  1.784787e+02 -8.567810e+01  1.510000e+00
     vertex  1.783715e+02 -8.563370e+01  1.510000e+00
     vertex  1.761688e+02 -8.567810e+01  1.510000e+00
   endloop
 endfacet
 facet normal  0.000000e+00  0.000000e+00  1.000000e+00
   outer loop
     vertex  1.784787e+02 -8.567810e+01  1.510000e+00
     vertex  1.761688e+02 -1.000594e+02  1.510000e+00
     vertex  1.784787e+02 -1.000594e+02  1.510000e+00
   endloop
 endfacet
 facet normal  0.000000e+00  0.000000e+00  1.000000e+00
   outer loop
     vertex  1.784787e+02 -8.567810e+01  1.510000e+00
     vertex  1.761688e+02 -8.567810e+01  1.510000e+00
     vertex  1.761688e+02 -1.000594e+02  1.510000e+00
   endloop
 endfacet
 facet normal  0.000000e+00  0.000000e+00  1.000000e+00
   outer loop
     vertex  1.781492e+02 -8.524875e+01  1.510000e+00
     vertex  1.764983e+02 -8.524875e+01  1.510000e+00
     vertex  1.764831e+02 -8.536380e+01  1.510000e+00
   endloop
 endfacet
 facet normal  0.000000e+00  0.000000e+00  1.000000e+00
   outer loop
     vertex  1.781492e+02 -8.524875e+01  1.510000e+00
     vertex  1.764831e+02 -8.536380e+01  1.510000e+00
     vertex  1.781644e+02 -8.536380e+01  1.510000e+00
   endloop
 endfacet
 facet normal  0.000000e+00  0.000000e+00  1.000000e+00
   outer loop
     vertex  1.785938e+02 -8.569325e+01  1.510000e+00
     vertex  1.785938e+02 -1.000442e+02  1.510000e+00
     vertex  1.787088e+02 -1.000594e+02  1.510000e+00
   endloop
 endfacet
 facet normal  0.000000e+00  0.000000e+00  1.000000e+00
   outer loop
     vertex  1.785938e+02 -8.569325e+01  1.510000e+00
     vertex  1.784787e+02 -8.567810e+01  1.510000e+00
     vertex  1.785938e+02 -1.000442e+02  1.510000e+00
   endloop
 endfacet
 facet normal  0.000000e+00  0.000000e+00  1.000000e+00
   outer loop
     vertex  1.787088e+02 -8.567810e+01  1.510000e+00
     vertex  1.785938e+02 -8.569325e+01  1.510000e+00
     vertex  1.787088e+02 -1.000594e+02  1.510000e+00
   endloop
 endfacet
 facet normal  0.000000e+00  0.000000e+00  1.000000e+00
   outer loop
     vertex  1.781644e+02 -8.513370e+01  1.510000e+00
     vertex  1.764831e+02 -8.513370e+01  1.510000e+00
     vertex  1.764983e+02 -8.524875e+01  1.510000e+00
   endloop
 endfacet
 facet normal  0.000000e+00  0.000000e+00  1.000000e+00
   outer loop
     vertex  1.781644e+02 -8.513370e+01  1.510000e+00
     vertex  1.764983e+02 -8.524875e+01  1.510000e+00
     vertex  1.781492e+02 -8.524875e+01  1.510000e+00
   endloop
 endfacet
 facet normal  0.000000e+00  0.000000e+00  1.000000e+00
   outer loop
     vertex  1.782088e+02 -8.502650e+01  1.510000e+00
     vertex  1.764387e+02 -8.502650e+01  1.510000e+00
     vertex  1.764831e+02 -8.513370e+01  1.510000e+00
   endloop
 endfacet
 facet normal  0.000000e+00  0.000000e+00  1.000000e+00
   outer loop
     vertex  1.782088e+02 -8.502650e+01  1.510000e+00
     vertex  1.764831e+02 -8.513370e+01  1.510000e+00
     vertex  1.781644e+02 -8.513370e+01  1.510000e+00
   endloop
 endfacet
 facet normal  0.000000e+00  0.000000e+00  1.000000e+00
   outer loop
     vertex  1.782794e+02 -8.493444e+01  1.510000e+00
     vertex  1.762760e+02 -8.486380e+01  1.510000e+00
     vertex  1.763681e+02 -8.493444e+01  1.510000e+00
   endloop
 endfacet
 facet normal  0.000000e+00  0.000000e+00  1.000000e+00
   outer loop
     vertex  1.782794e+02 -8.493444e+01  1.510000e+00
     vertex  1.763681e+02 -8.493444e+01  1.510000e+00
     vertex  1.764387e+02 -8.502650e+01  1.510000e+00
   endloop
 endfacet
 facet normal  0.000000e+00  0.000000e+00  1.000000e+00
   outer loop
     vertex  1.782794e+02 -8.493444e+01  1.510000e+00
     vertex  1.764387e+02 -8.502650e+01  1.510000e+00
     vertex  1.782088e+02 -8.502650e+01  1.510000e+00
   endloop
 endfacet
 facet normal  0.000000e+00  0.000000e+00  1.000000e+00
   outer loop
     vertex  1.783715e+02 -8.486380e+01  1.510000e+00
     vertex  1.762760e+02 -8.486380e+01  1.510000e+00
     vertex  1.782794e+02 -8.493444e+01  1.510000e+00
   endloop
 endfacet
 facet normal  0.000000e+00  0.000000e+00  1.000000e+00
   outer loop
     vertex  1.784787e+02 -8.481940e+01  1.510000e+00
     vertex  1.761688e+02 -8.481940e+01  1.510000e+00
     vertex  1.762760e+02 -8.486380e+01  1.510000e+00
   endloop
 endfacet
 facet normal  0.000000e+00  0.000000e+00  1.000000e+00
   outer loop
     vertex  1.784787e+02 -8.481940e+01  1.510000e+00
     vertex  1.762760e+02 -8.486380e+01  1.510000e+00
     vertex  1.783715e+02 -8.486380e+01  1.510000e+00
   endloop
 endfacet
 facet normal  0.000000e+00  0.000000e+00  1.000000e+00
   outer loop
     vertex  1.785938e+02 -8.480425e+01  1.510000e+00
     vertex  1.760538e+02 -8.480425e+01  1.510000e+00
     vertex  1.761688e+02 -8.481940e+01  1.510000e+00
   endloop
 endfacet
 facet normal  0.000000e+00  0.000000e+00  1.000000e+00
   outer loop
     vertex  1.785938e+02 -8.480425e+01  1.510000e+00
     vertex  1.761688e+02 -8.481940e+01  1.510000e+00
     vertex  1.784787e+02 -8.481940e+01  1.510000e+00
   endloop
 endfacet
 facet normal  0.000000e+00  0.000000e+00  1.000000e+00
   outer loop
     vertex  1.807488e+02 -8.547100e+01  1.510000e+00
     vertex  1.789081e+02 -8.556306e+01  1.510000e+00
     vertex  1.808194e+02 -8.556306e+01  1.510000e+00
   endloop
 endfacet
 facet normal  0.000000e+00  0.000000e+00  1.000000e+00
   outer loop
     vertex  1.807488e+02 -8.547100e+01  1.510000e+00
     vertex  1.790231e+02 -8.536380e+01  1.510000e+00
     vertex  1.789787e+02 -8.547100e+01  1.510000e+00
   endloop
 endfacet
 facet normal  0.000000e+00  0.000000e+00  1.000000e+00
   outer loop
     vertex  1.807488e+02 -8.547100e+01  1.510000e+00
     vertex  1.789787e+02 -8.547100e+01  1.510000e+00
     vertex  1.789081e+02 -8.556306e+01  1.510000e+00
   endloop
 endfacet
 facet normal  0.000000e+00  0.000000e+00  1.000000e+00
   outer loop
     vertex  1.809115e+02 -8.563370e+01  1.510000e+00
     vertex  1.808194e+02 -8.556306e+01  1.510000e+00
     vertex  1.789081e+02 -8.556306e+01  1.510000e+00
   endloop
 endfacet
 facet normal  0.000000e+00  0.000000e+00  1.000000e+00
   outer loop
     vertex  1.809115e+02 -8.563370e+01  1.510000e+00
     vertex  1.789081e+02 -8.556306e+01  1.510000e+00
     vertex  1.788160e+02 -8.563370e+01  1.510000e+00
   endloop
 endfacet
 facet normal  0.000000e+00  0.000000e+00  1.000000e+00
   outer loop
     vertex  1.807044e+02 -8.536380e+01  1.510000e+00
     vertex  1.790231e+02 -8.536380e+01  1.510000e+00
     vertex  1.807488e+02 -8.547100e+01  1.510000e+00
   endloop
 endfacet
 facet normal  0.000000e+00  0.000000e+00  1.000000e+00
   outer loop
     vertex  1.810187e+02 -8.567810e+01  1.510000e+00
     vertex  1.787088e+02 -8.567810e+01  1.510000e+00
     vertex  1.787088e+02 -1.000594e+02  1.510000e+00
   endloop
 endfacet
 facet normal  0.000000e+00  0.000000e+00  1.000000e+00
   outer loop
     vertex  1.810187e+02 -8.567810e+01  1.510000e+00
     vertex  1.788160e+02 -8.563370e+01  1.510000e+00
     vertex  1.787088e+02 -8.567810e+01  1.510000e+00
   endloop
 endfacet
 facet normal  0.000000e+00  0.000000e+00  1.000000e+00
   outer loop
     vertex  1.810187e+02 -8.567810e+01  1.510000e+00
     vertex  1.810187e+02 -1.000594e+02  1.510000e+00
     vertex  1.811337e+02 -1.000442e+02  1.510000e+00
   endloop
 endfacet
 facet normal  0.000000e+00  0.000000e+00  1.000000e+00
   outer loop
     vertex  1.810187e+02 -8.567810e+01  1.510000e+00
     vertex  1.787088e+02 -1.000594e+02  1.510000e+00
     vertex  1.810187e+02 -1.000594e+02  1.510000e+00
   endloop
 endfacet
 facet normal  0.000000e+00  0.000000e+00  1.000000e+00
   outer loop
     vertex  1.810187e+02 -8.567810e+01  1.510000e+00
     vertex  1.809115e+02 -8.563370e+01  1.510000e+00
     vertex  1.788160e+02 -8.563370e+01  1.510000e+00
   endloop
 endfacet
 facet normal  0.000000e+00  0.000000e+00  1.000000e+00
   outer loop
     vertex  1.806892e+02 -8.524875e+01  1.510000e+00
     vertex  1.790383e+02 -8.524875e+01  1.510000e+00
     vertex  1.790231e+02 -8.536380e+01  1.510000e+00
   endloop
 endfacet
 facet normal  0.000000e+00  0.000000e+00  1.000000e+00
   outer loop
     vertex  1.806892e+02 -8.524875e+01  1.510000e+00
     vertex  1.790231e+02 -8.536380e+01  1.510000e+00
     vertex  1.807044e+02 -8.536380e+01  1.510000e+00
   endloop
 endfacet
 facet normal  0.000000e+00  0.000000e+00  1.000000e+00
   outer loop
     vertex  1.811337e+02 -8.569325e+01  1.510000e+00
     vertex  1.810187e+02 -8.567810e+01  1.510000e+00
     vertex  1.811337e+02 -1.000442e+02  1.510000e+00
   endloop
 endfacet
 facet normal  0.000000e+00  0.000000e+00  1.000000e+00
   outer loop
     vertex  1.811337e+02 -8.569325e+01  1.510000e+00
     vertex  1.811337e+02 -1.000442e+02  1.510000e+00
     vertex  1.812488e+02 -1.000594e+02  1.510000e+00
   endloop
 endfacet
 facet normal  0.000000e+00  0.000000e+00  1.000000e+00
   outer loop
     vertex  1.812488e+02 -8.567810e+01  1.510000e+00
     vertex  1.812488e+02 -1.000594e+02  1.510000e+00
     vertex  1.835587e+02 -1.000594e+02  1.510000e+00
   endloop
 endfacet
 facet normal  0.000000e+00  0.000000e+00  1.000000e+00
   outer loop
     vertex  1.812488e+02 -8.567810e+01  1.510000e+00
     vertex  1.811337e+02 -8.569325e+01  1.510000e+00
     vertex  1.812488e+02 -1.000594e+02  1.510000e+00
   endloop
 endfacet
 facet normal  0.000000e+00  0.000000e+00  1.000000e+00
   outer loop
     vertex  1.807044e+02 -8.513370e+01  1.510000e+00
     vertex  1.789787e+02 -8.502650e+01  1.510000e+00
     vertex  1.790231e+02 -8.513370e+01  1.510000e+00
   endloop
 endfacet
 facet normal  0.000000e+00  0.000000e+00  1.000000e+00
   outer loop
     vertex  1.807044e+02 -8.513370e+01  1.510000e+00
     vertex  1.790231e+02 -8.513370e+01  1.510000e+00
     vertex  1.790383e+02 -8.524875e+01  1.510000e+00
   endloop
 endfacet
 facet normal  0.000000e+00  0.000000e+00  1.000000e+00
   outer loop
     vertex  1.807044e+02 -8.513370e+01  1.510000e+00
     vertex  1.790383e+02 -8.524875e+01  1.510000e+00
     vertex  1.806892e+02 -8.524875e+01  1.510000e+00
   endloop
 endfacet
 facet normal  0.000000e+00  0.000000e+00  1.000000e+00
   outer loop
     vertex  1.807488e+02 -8.502650e+01  1.510000e+00
     vertex  1.789787e+02 -8.502650e+01  1.510000e+00
     vertex  1.807044e+02 -8.513370e+01  1.510000e+00
   endloop
 endfacet
 facet normal  0.000000e+00  0.000000e+00  1.000000e+00
   outer loop
     vertex  1.808194e+02 -8.493444e+01  1.510000e+00
     vertex  1.789787e+02 -8.502650e+01  1.510000e+00
     vertex  1.807488e+02 -8.502650e+01  1.510000e+00
   endloop
 endfacet
 facet normal  0.000000e+00  0.000000e+00  1.000000e+00
   outer loop
     vertex  1.808194e+02 -8.493444e+01  1.510000e+00
     vertex  1.788160e+02 -8.486380e+01  1.510000e+00
     vertex  1.789081e+02 -8.493444e+01  1.510000e+00
   endloop
 endfacet
 facet normal  0.000000e+00  0.000000e+00  1.000000e+00
   outer loop
     vertex  1.808194e+02 -8.493444e+01  1.510000e+00
     vertex  1.789081e+02 -8.493444e+01  1.510000e+00
     vertex  1.789787e+02 -8.502650e+01  1.510000e+00
   endloop
 endfacet
 facet normal  0.000000e+00  0.000000e+00  1.000000e+00
   outer loop
     vertex  1.809115e+02 -8.486380e+01  1.510000e+00
     vertex  1.788160e+02 -8.486380e+01  1.510000e+00
     vertex  1.808194e+02 -8.493444e+01  1.510000e+00
   endloop
 endfacet
 facet normal  0.000000e+00  0.000000e+00  1.000000e+00
   outer loop
     vertex  1.810187e+02 -8.481940e+01  1.510000e+00
     vertex  1.788160e+02 -8.486380e+01  1.510000e+00
     vertex  1.809115e+02 -8.486380e+01  1.510000e+00
   endloop
 endfacet
 facet normal  0.000000e+00  0.000000e+00  1.000000e+00
   outer loop
     vertex  1.810187e+02 -8.481940e+01  1.510000e+00
     vertex  1.787088e+02 -8.481940e+01  1.510000e+00
     vertex  1.788160e+02 -8.486380e+01  1.510000e+00
   endloop
 endfacet
 facet normal  0.000000e+00  0.000000e+00  1.000000e+00
   outer loop
     vertex  1.811337e+02 -8.480425e+01  1.510000e+00
     vertex  1.787088e+02 -8.481940e+01  1.510000e+00
     vertex  1.810187e+02 -8.481940e+01  1.510000e+00
   endloop
 endfacet
 facet normal  0.000000e+00  0.000000e+00  1.000000e+00
   outer loop
     vertex  1.811337e+02 -8.480425e+01  1.510000e+00
     vertex  1.785938e+02 -8.480425e+01  1.510000e+00
     vertex  1.787088e+02 -8.481940e+01  1.510000e+00
   endloop
 endfacet
 facet normal  0.000000e+00  0.000000e+00  1.000000e+00
   outer loop
     vertex  1.833594e+02 -8.556306e+01  1.510000e+00
     vertex  1.815187e+02 -8.547100e+01  1.510000e+00
     vertex  1.814481e+02 -8.556306e+01  1.510000e+00
   endloop
 endfacet
 facet normal  0.000000e+00  0.000000e+00  1.000000e+00
   outer loop
     vertex  1.832888e+02 -8.547100e+01  1.510000e+00
     vertex  1.815187e+02 -8.547100e+01  1.510000e+00
     vertex  1.833594e+02 -8.556306e+01  1.510000e+00
   endloop
 endfacet
 facet normal  0.000000e+00  0.000000e+00  1.000000e+00
   outer loop
     vertex  1.832888e+02 -8.547100e+01  1.510000e+00
     vertex  1.815631e+02 -8.536380e+01  1.510000e+00
     vertex  1.815187e+02 -8.547100e+01  1.510000e+00
   endloop
 endfacet
 facet normal  0.000000e+00  0.000000e+00  1.000000e+00
   outer loop
     vertex  1.834515e+02 -8.563370e+01  1.510000e+00
     vertex  1.833594e+02 -8.556306e+01  1.510000e+00
     vertex  1.814481e+02 -8.556306e+01  1.510000e+00
   endloop
 endfacet
 facet normal  0.000000e+00  0.000000e+00  1.000000e+00
   outer loop
     vertex  1.834515e+02 -8.563370e+01  1.510000e+00
     vertex  1.814481e+02 -8.556306e+01  1.510000e+00
     vertex  1.813560e+02 -8.563370e+01  1.510000e+00
   endloop
 endfacet
 facet normal  0.000000e+00  0.000000e+00  1.000000e+00
   outer loop
     vertex  1.834515e+02 -8.563370e+01  1.510000e+00
     vertex  1.813560e+02 -8.563370e+01  1.510000e+00
     vertex  1.812488e+02 -8.567810e+01  1.510000e+00
   endloop
 endfacet
 facet normal  0.000000e+00  0.000000e+00  1.000000e+00
   outer loop
     vertex  1.832444e+02 -8.536380e+01  1.510000e+00
     vertex  1.815631e+02 -8.536380e+01  1.510000e+00
     vertex  1.832888e+02 -8.547100e+01  1.510000e+00
   endloop
 endfacet
 facet normal  0.000000e+00  0.000000e+00  1.000000e+00
   outer loop
     vertex  1.835587e+02 -8.567810e+01  1.510000e+00
     vertex  1.812488e+02 -8.567810e+01  1.510000e+00
     vertex  1.835587e+02 -1.000594e+02  1.510000e+00
   endloop
 endfacet
 facet normal  0.000000e+00  0.000000e+00  1.000000e+00
   outer loop
     vertex  1.835587e+02 -8.567810e+01  1.510000e+00
     vertex  1.834515e+02 -8.563370e+01  1.510000e+00
     vertex  1.812488e+02 -8.567810e+01  1.510000e+00
   endloop
 endfacet
 facet normal  0.000000e+00  0.000000e+00  1.000000e+00
   outer loop
     vertex  1.832292e+02 -8.524875e+01  1.510000e+00
     vertex  1.815631e+02 -8.536380e+01  1.510000e+00
     vertex  1.832444e+02 -8.536380e+01  1.510000e+00
   endloop
 endfacet
 facet normal  0.000000e+00  0.000000e+00  1.000000e+00
   outer loop
     vertex  1.832292e+02 -8.524875e+01  1.510000e+00
     vertex  1.815782e+02 -8.524875e+01  1.510000e+00
     vertex  1.815631e+02 -8.536380e+01  1.510000e+00
   endloop
 endfacet
 facet normal  0.000000e+00  0.000000e+00  1.000000e+00
   outer loop
     vertex  1.836738e+02 -8.569325e+01  1.510000e+00
     vertex  1.835587e+02 -8.567810e+01  1.510000e+00
     vertex  1.835587e+02 -1.000594e+02  1.510000e+00
   endloop
 endfacet
 facet normal  0.000000e+00  0.000000e+00  1.000000e+00
   outer loop
     vertex  1.836738e+02 -8.569325e+01  1.510000e+00
     vertex  1.835587e+02 -1.000594e+02  1.510000e+00
     vertex  1.836737e+02 -1.000442e+02  1.510000e+00
   endloop
 endfacet
 facet normal  0.000000e+00  0.000000e+00  1.000000e+00
   outer loop
     vertex  1.832444e+02 -8.513370e+01  1.510000e+00
     vertex  1.815782e+02 -8.524875e+01  1.510000e+00
     vertex  1.832292e+02 -8.524875e+01  1.510000e+00
   endloop
 endfacet
 facet normal  0.000000e+00  0.000000e+00  1.000000e+00
   outer loop
     vertex  1.832444e+02 -8.513370e+01  1.510000e+00
     vertex  1.815187e+02 -8.502650e+01  1.510000e+00
     vertex  1.815631e+02 -8.513370e+01  1.510000e+00
   endloop
 endfacet
 facet normal  0.000000e+00  0.000000e+00  1.000000e+00
   outer loop
     vertex  1.832444e+02 -8.513370e+01  1.510000e+00
     vertex  1.815631e+02 -8.513370e+01  1.510000e+00
     vertex  1.815782e+02 -8.524875e+01  1.510000e+00
   endloop
 endfacet
 facet normal  0.000000e+00  0.000000e+00  1.000000e+00
   outer loop
     vertex  1.837888e+02 -8.567810e+01  1.510000e+00
     vertex  1.836738e+02 -8.569325e+01  1.510000e+00
     vertex  1.836737e+02 -1.000442e+02  1.510000e+00
   endloop
 endfacet
 facet normal  0.000000e+00  0.000000e+00  1.000000e+00
   outer loop
     vertex  1.837888e+02 -8.567810e+01  1.510000e+00
     vertex  1.836737e+02 -1.000442e+02  1.510000e+00
     vertex  1.837888e+02 -1.000594e+02  1.510000e+00
   endloop
 endfacet
 facet normal  0.000000e+00  0.000000e+00  1.000000e+00
   outer loop
     vertex  1.832888e+02 -8.502650e+01  1.510000e+00
     vertex  1.815187e+02 -8.502650e+01  1.510000e+00
     vertex  1.832444e+02 -8.513370e+01  1.510000e+00
   endloop
 endfacet
 facet normal  0.000000e+00  0.000000e+00  1.000000e+00
   outer loop
     vertex  1.833594e+02 -8.493444e+01  1.510000e+00
     vertex  1.813560e+02 -8.486380e+01  1.510000e+00
     vertex  1.814481e+02 -8.493444e+01  1.510000e+00
   endloop
 endfacet
 facet normal  0.000000e+00  0.000000e+00  1.000000e+00
   outer loop
     vertex  1.833594e+02 -8.493444e+01  1.510000e+00
     vertex  1.814481e+02 -8.493444e+01  1.510000e+00
     vertex  1.815187e+02 -8.502650e+01  1.510000e+00
   endloop
 endfacet
 facet normal  0.000000e+00  0.000000e+00  1.000000e+00
   outer loop
     vertex  1.833594e+02 -8.493444e+01  1.510000e+00
     vertex  1.815187e+02 -8.502650e+01  1.510000e+00
     vertex  1.832888e+02 -8.502650e+01  1.510000e+00
   endloop
 endfacet
 facet normal  0.000000e+00  0.000000e+00  1.000000e+00
   outer loop
     vertex  1.834515e+02 -8.486380e+01  1.510000e+00
     vertex  1.812488e+02 -8.481940e+01  1.510000e+00
     vertex  1.813560e+02 -8.486380e+01  1.510000e+00
   endloop
 endfacet
 facet normal  0.000000e+00  0.000000e+00  1.000000e+00
   outer loop
     vertex  1.834515e+02 -8.486380e+01  1.510000e+00
     vertex  1.813560e+02 -8.486380e+01  1.510000e+00
     vertex  1.833594e+02 -8.493444e+01  1.510000e+00
   endloop
 endfacet
 facet normal  0.000000e+00  0.000000e+00  1.000000e+00
   outer loop
     vertex  1.835587e+02 -8.481940e+01  1.510000e+00
     vertex  1.812488e+02 -8.481940e+01  1.510000e+00
     vertex  1.834515e+02 -8.486380e+01  1.510000e+00
   endloop
 endfacet
 facet normal  0.000000e+00  0.000000e+00  1.000000e+00
   outer loop
     vertex  1.858994e+02 -8.556306e+01  1.510000e+00
     vertex  1.840587e+02 -8.547100e+01  1.510000e+00
     vertex  1.839881e+02 -8.556306e+01  1.510000e+00
   endloop
 endfacet
 facet normal  0.000000e+00  0.000000e+00  1.000000e+00
   outer loop
     vertex  1.858288e+02 -8.547100e+01  1.510000e+00
     vertex  1.840587e+02 -8.547100e+01  1.510000e+00
     vertex  1.858994e+02 -8.556306e+01  1.510000e+00
   endloop
 endfacet
 facet normal  0.000000e+00  0.000000e+00  1.000000e+00
   outer loop
     vertex  1.859915e+02 -8.563370e+01  1.510000e+00
     vertex  1.858994e+02 -8.556306e+01  1.510000e+00
     vertex  1.839881e+02 -8.556306e+01  1.510000e+00
   endloop
 endfacet
 facet normal  0.000000e+00  0.000000e+00  1.000000e+00
   outer loop
     vertex  1.859915e+02 -8.563370e+01  1.510000e+00
     vertex  1.839881e+02 -8.556306e+01  1.510000e+00
     vertex  1.838960e+02 -8.563370e+01  1.510000e+00
   endloop
 endfacet
 facet normal  0.000000e+00  0.000000e+00  1.000000e+00
   outer loop
     vertex  1.859915e+02 -8.563370e+01  1.510000e+00
     vertex  1.838960e+02 -8.563370e+01  1.510000e+00
     vertex  1.837888e+02 -8.567810e+01  1.510000e+00
   endloop
 endfacet
 facet normal  0.000000e+00  0.000000e+00  1.000000e+00
   outer loop
     vertex  1.857844e+02 -8.536380e+01  1.510000e+00
     vertex  1.840587e+02 -8.547100e+01  1.510000e+00
     vertex  1.858288e+02 -8.547100e+01  1.510000e+00
   endloop
 endfacet
 facet normal  0.000000e+00  0.000000e+00  1.000000e+00
   outer loop
     vertex  1.857844e+02 -8.536380e+01  1.510000e+00
     vertex  1.841031e+02 -8.536380e+01  1.510000e+00
     vertex  1.840587e+02 -8.547100e+01  1.510000e+00
   endloop
 endfacet
 facet normal  0.000000e+00  0.000000e+00  1.000000e+00
   outer loop
     vertex  1.860987e+02 -8.567810e+01  1.510000e+00
     vertex  1.837888e+02 -1.000594e+02  1.510000e+00
     vertex  1.860987e+02 -1.000594e+02  1.510000e+00
   endloop
 endfacet
 facet normal  0.000000e+00  0.000000e+00  1.000000e+00
   outer loop
     vertex  1.860987e+02 -8.567810e+01  1.510000e+00
     vertex  1.837888e+02 -8.567810e+01  1.510000e+00
     vertex  1.837888e+02 -1.000594e+02  1.510000e+00
   endloop
 endfacet
 facet normal  0.000000e+00  0.000000e+00  1.000000e+00
   outer loop
     vertex  1.860987e+02 -8.567810e+01  1.510000e+00
     vertex  1.859915e+02 -8.563370e+01  1.510000e+00
     vertex  1.837888e+02 -8.567810e+01  1.510000e+00
   endloop
 endfacet
 facet normal  0.000000e+00  0.000000e+00  1.000000e+00
   outer loop
     vertex  1.857692e+02 -8.524875e+01  1.510000e+00
     vertex  1.841182e+02 -8.524875e+01  1.510000e+00
     vertex  1.841031e+02 -8.536380e+01  1.510000e+00
   endloop
 endfacet
 facet normal  0.000000e+00  0.000000e+00  1.000000e+00
   outer loop
     vertex  1.857692e+02 -8.524875e+01  1.510000e+00
     vertex  1.841031e+02 -8.536380e+01  1.510000e+00
     vertex  1.857844e+02 -8.536380e+01  1.510000e+00
   endloop
 endfacet
 facet normal  0.000000e+00  0.000000e+00  1.000000e+00
   outer loop
     vertex  1.862138e+02 -8.569325e+01  1.510000e+00
     vertex  1.860987e+02 -8.567810e+01  1.510000e+00
     vertex  1.860987e+02 -1.000594e+02  1.510000e+00
   endloop
 endfacet
 facet normal  0.000000e+00  0.000000e+00  1.000000e+00
   outer loop
     vertex  1.862138e+02 -8.569325e+01  1.510000e+00
     vertex  1.860987e+02 -1.000594e+02  1.510000e+00
     vertex  1.862138e+02 -1.000442e+02  1.510000e+00
   endloop
 endfacet
 facet normal  0.000000e+00  0.000000e+00  1.000000e+00
   outer loop
     vertex  1.863288e+02 -8.567810e+01  1.510000e+00
     vertex  1.862138e+02 -8.569325e+01  1.510000e+00
     vertex  1.862138e+02 -1.000442e+02  1.510000e+00
   endloop
 endfacet
 facet normal  0.000000e+00  0.000000e+00  1.000000e+00
   outer loop
     vertex  1.863288e+02 -8.567810e+01  1.510000e+00
     vertex  1.862138e+02 -1.000442e+02  1.510000e+00
     vertex  1.863288e+02 -1.000594e+02  1.510000e+00
   endloop
 endfacet
 facet normal  0.000000e+00  0.000000e+00  1.000000e+00
   outer loop
     vertex  1.857844e+02 -8.513370e+01  1.510000e+00
     vertex  1.841182e+02 -8.524875e+01  1.510000e+00
     vertex  1.857692e+02 -8.524875e+01  1.510000e+00
   endloop
 endfacet
 facet normal  0.000000e+00  0.000000e+00  1.000000e+00
   outer loop
     vertex  1.857844e+02 -8.513370e+01  1.510000e+00
     vertex  1.841031e+02 -8.513370e+01  1.510000e+00
     vertex  1.841182e+02 -8.524875e+01  1.510000e+00
   endloop
 endfacet
 facet normal  0.000000e+00  0.000000e+00  1.000000e+00
   outer loop
     vertex  1.858288e+02 -8.502650e+01  1.510000e+00
     vertex  1.841031e+02 -8.513370e+01  1.510000e+00
     vertex  1.857844e+02 -8.513370e+01  1.510000e+00
   endloop
 endfacet
 facet normal  0.000000e+00  0.000000e+00  1.000000e+00
   outer loop
     vertex  1.858288e+02 -8.502650e+01  1.510000e+00
     vertex  1.840587e+02 -8.502650e+01  1.510000e+00
     vertex  1.841031e+02 -8.513370e+01  1.510000e+00
   endloop
 endfacet
 facet normal  0.000000e+00  0.000000e+00  1.000000e+00
   outer loop
     vertex  1.864360e+02 -8.563370e+01  1.510000e+00
     vertex  1.863288e+02 -8.567810e+01  1.510000e+00
     vertex  1.863288e+02 -1.000594e+02  1.510000e+00
   endloop
 endfacet
 facet normal  0.000000e+00  0.000000e+00  1.000000e+00
   outer loop
     vertex  1.864360e+02 -8.563370e+01  1.510000e+00
     vertex  1.863288e+02 -1.000594e+02  1.510000e+00
     vertex  1.864360e+02 -1.001038e+02  1.510000e+00
   endloop
 endfacet
 facet normal  0.000000e+00  0.000000e+00  1.000000e+00
   outer loop
     vertex  1.864360e+02 -8.563370e+01  1.510000e+00
     vertex  1.864360e+02 -1.001038e+02  1.510000e+00
     vertex  1.865281e+02 -1.001744e+02  1.510000e+00
   endloop
 endfacet
 facet normal  0.000000e+00  0.000000e+00  1.000000e+00
   outer loop
     vertex  1.865281e+02 -8.556306e+01  1.510000e+00
     vertex  1.865281e+02 -1.001744e+02  1.510000e+00
     vertex  1.865987e+02 -1.002665e+02  1.510000e+00
   endloop
 endfacet
 facet normal  0.000000e+00  0.000000e+00  1.000000e+00
   outer loop
     vertex  1.865281e+02 -8.556306e+01  1.510000e+00
     vertex  1.864360e+02 -8.563370e+01  1.510000e+00
     vertex  1.865281e+02 -1.001744e+02  1.510000e+00
   endloop
 endfacet
 facet normal  0.000000e+00  0.000000e+00  1.000000e+00
   outer loop
     vertex  1.858994e+02 -8.493444e+01  1.510000e+00
     vertex  1.840587e+02 -8.502650e+01  1.510000e+00
     vertex  1.858288e+02 -8.502650e+01  1.510000e+00
   endloop
 endfacet
 facet normal  0.000000e+00  0.000000e+00  1.000000e+00
   outer loop
     vertex  1.858994e+02 -8.493444e+01  1.510000e+00
     vertex  1.839881e+02 -8.493444e+01  1.510000e+00
     vertex  1.840587e+02 -8.502650e+01  1.510000e+00
   endloop
 endfacet
 facet normal  0.000000e+00  0.000000e+00  1.000000e+00
   outer loop
     vertex  1.859915e+02 -8.486380e+01  1.510000e+00
     vertex  1.839881e+02 -8.493444e+01  1.510000e+00
     vertex  1.858994e+02 -8.493444e+01  1.510000e+00
   endloop
 endfacet
 facet normal  0.000000e+00  0.000000e+00  1.000000e+00
   outer loop
     vertex  1.859915e+02 -8.486380e+01  1.510000e+00
     vertex  1.838960e+02 -8.486380e+01  1.510000e+00
     vertex  1.839881e+02 -8.493444e+01  1.510000e+00
   endloop
 endfacet
 facet normal  0.000000e+00  0.000000e+00  1.000000e+00
   outer loop
     vertex  1.865987e+02 -8.547100e+01  1.510000e+00
     vertex  1.865987e+02 -1.002665e+02  1.510000e+00
     vertex  1.866431e+02 -1.003737e+02  1.510000e+00
   endloop
 endfacet
 facet normal  0.000000e+00  0.000000e+00  1.000000e+00
   outer loop
     vertex  1.865987e+02 -8.547100e+01  1.510000e+00
     vertex  1.865281e+02 -8.556306e+01  1.510000e+00
     vertex  1.865987e+02 -1.002665e+02  1.510000e+00
   endloop
 endfacet
 facet normal  0.000000e+00  0.000000e+00  1.000000e+00
   outer loop
     vertex  1.866431e+02 -8.536380e+01  1.510000e+00
     vertex  1.865987e+02 -8.547100e+01  1.510000e+00
     vertex  1.866431e+02 -1.003737e+02  1.510000e+00
   endloop
 endfacet
 facet normal  0.000000e+00  0.000000e+00  1.000000e+00
   outer loop
     vertex  1.860987e+02 -8.481940e+01  1.510000e+00
     vertex  1.838960e+02 -8.486380e+01  1.510000e+00
     vertex  1.859915e+02 -8.486380e+01  1.510000e+00
   endloop
 endfacet
 facet normal  0.000000e+00  0.000000e+00  1.000000e+00
   outer loop
     vertex  1.860987e+02 -8.481940e+01  1.510000e+00
     vertex  1.837888e+02 -8.481940e+01  1.510000e+00
     vertex  1.838960e+02 -8.486380e+01  1.510000e+00
   endloop
 endfacet
 facet normal  0.000000e+00  0.000000e+00  1.000000e+00
   outer loop
     vertex  1.866583e+02 -8.524875e+01  1.510000e+00
     vertex  1.866431e+02 -1.003737e+02  1.510000e+00
     vertex  1.866583e+02 -1.004887e+02  1.510000e+00
   endloop
 endfacet
 facet normal  0.000000e+00  0.000000e+00  1.000000e+00
   outer loop
     vertex  1.866583e+02 -8.524875e+01  1.510000e+00
     vertex  1.866431e+02 -8.536380e+01  1.510000e+00
     vertex  1.866431e+02 -1.003737e+02  1.510000e+00
   endloop
 endfacet
 facet normal  0.000000e+00  0.000000e+00  1.000000e+00
   outer loop
     vertex  1.892000e+02 -7.000000e+01  1.510000e+00
     vertex  1.860987e+02 -8.481940e+01  1.510000e+00
     vertex  1.862138e+02 -8.480425e+01  1.510000e+00
   endloop
 endfacet
 facet normal  0.000000e+00  0.000000e+00  1.000000e+00
   outer loop
     vertex  1.892000e+02 -7.000000e+01  1.510000e+00
     vertex  1.862138e+02 -8.480425e+01  1.510000e+00
     vertex  1.863288e+02 -8.481940e+01  1.510000e+00
   endloop
 endfacet
 facet normal  0.000000e+00  0.000000e+00  1.000000e+00
   outer loop
     vertex  1.892000e+02 -7.000000e+01  1.510000e+00
     vertex  1.863288e+02 -8.481940e+01  1.510000e+00
     vertex  1.864360e+02 -8.486380e+01  1.510000e+00
   endloop
 endfacet
 facet normal  0.000000e+00  0.000000e+00  1.000000e+00
   outer loop
     vertex  1.892000e+02 -7.000000e+01  1.510000e+00
     vertex  1.864360e+02 -8.486380e+01  1.510000e+00
     vertex  1.865281e+02 -8.493444e+01  1.510000e+00
   endloop
 endfacet
 facet normal  0.000000e+00  0.000000e+00  1.000000e+00
   outer loop
     vertex  1.892000e+02 -7.000000e+01  1.510000e+00
     vertex  1.865281e+02 -8.493444e+01  1.510000e+00
     vertex  1.865987e+02 -8.502650e+01  1.510000e+00
   endloop
 endfacet
 facet normal  0.000000e+00  0.000000e+00  1.000000e+00
   outer loop
     vertex  1.892000e+02 -7.000000e+01  1.510000e+00
     vertex  1.865987e+02 -8.502650e+01  1.510000e+00
     vertex  1.866431e+02 -8.513370e+01  1.510000e+00
   endloop
 endfacet
 facet normal  0.000000e+00  0.000000e+00  1.000000e+00
   outer loop
     vertex  1.892000e+02 -7.000000e+01  1.510000e+00
     vertex  1.866431e+02 -8.513370e+01  1.510000e+00
     vertex  1.866583e+02 -8.524875e+01  1.510000e+00
   endloop
 endfacet
 facet normal  0.000000e+00  0.000000e+00  1.000000e+00
   outer loop
     vertex  1.892000e+02 -7.000000e+01  1.510000e+00
     vertex  1.573825e+02 -7.744271e+01  1.510000e+00
     vertex  1.575875e+02 -7.752763e+01  1.510000e+00
   endloop
 endfacet
 facet normal  0.000000e+00  0.000000e+00  1.000000e+00
   outer loop
     vertex  1.892000e+02 -7.000000e+01  1.510000e+00
     vertex  1.837888e+02 -8.481940e+01  1.510000e+00
     vertex  1.860987e+02 -8.481940e+01  1.510000e+00
   endloop
 endfacet
 facet normal  0.000000e+00  0.000000e+00  1.000000e+00
   outer loop
     vertex  1.892000e+02 -7.000000e+01  1.510000e+00
     vertex  1.785938e+02 -8.480425e+01  1.510000e+00
     vertex  1.811337e+02 -8.480425e+01  1.510000e+00
   endloop
 endfacet
 facet normal  0.000000e+00  0.000000e+00  1.000000e+00
   outer loop
     vertex  1.892000e+02 -7.000000e+01  1.510000e+00
     vertex  1.735138e+02 -8.480425e+01  1.510000e+00
     vertex  1.760538e+02 -8.480425e+01  1.510000e+00
   endloop
 endfacet
 facet normal  0.000000e+00  0.000000e+00  1.000000e+00
   outer loop
     vertex  1.892000e+02 -7.000000e+01  1.510000e+00
     vertex  1.811337e+02 -8.480425e+01  1.510000e+00
     vertex  1.812488e+02 -8.481940e+01  1.510000e+00
   endloop
 endfacet
 facet normal  0.000000e+00  0.000000e+00  1.000000e+00
   outer loop
     vertex  1.892000e+02 -7.000000e+01  1.510000e+00
     vertex  1.812488e+02 -8.481940e+01  1.510000e+00
     vertex  1.835587e+02 -8.481940e+01  1.510000e+00
   endloop
 endfacet
 facet normal  0.000000e+00  0.000000e+00  1.000000e+00
   outer loop
     vertex  1.892000e+02 -7.000000e+01  1.510000e+00
     vertex  1.835587e+02 -8.481940e+01  1.510000e+00
     vertex  1.836737e+02 -8.480425e+01  1.510000e+00
   endloop
 endfacet
 facet normal  0.000000e+00  0.000000e+00  1.000000e+00
   outer loop
     vertex  1.892000e+02 -7.000000e+01  1.510000e+00
     vertex  1.836737e+02 -8.480425e+01  1.510000e+00
     vertex  1.837888e+02 -8.481940e+01  1.510000e+00
   endloop
 endfacet
 facet normal  0.000000e+00  0.000000e+00  1.000000e+00
   outer loop
     vertex  1.892000e+02 -7.000000e+01  1.510000e+00
     vertex  1.602328e+02 -7.900342e+01  1.510000e+00
     vertex  1.735138e+02 -8.480425e+01  1.510000e+00
   endloop
 endfacet
 facet normal  0.000000e+00  0.000000e+00  1.000000e+00
   outer loop
     vertex  1.892000e+02 -7.000000e+01  1.510000e+00
     vertex  1.760538e+02 -8.480425e+01  1.510000e+00
     vertex  1.785938e+02 -8.480425e+01  1.510000e+00
   endloop
 endfacet
 facet normal  0.000000e+00  0.000000e+00  1.000000e+00
   outer loop
     vertex  1.892000e+02 -7.000000e+01  1.510000e+00
     vertex  1.600775e+02 -7.888423e+01  1.510000e+00
     vertex  1.602328e+02 -7.900342e+01  1.510000e+00
   endloop
 endfacet
 facet normal  0.000000e+00  0.000000e+00  1.000000e+00
   outer loop
     vertex  1.892000e+02 -7.000000e+01  1.510000e+00
     vertex  1.575875e+02 -7.752763e+01  1.510000e+00
     vertex  1.600775e+02 -7.888423e+01  1.510000e+00
   endloop
 endfacet
 facet normal  0.000000e+00 -0.000000e+00  1.000000e+00
   outer loop
     vertex  1.892000e+02 -1.185000e+02  1.510000e+00
     vertex  1.892000e+02 -7.000000e+01  1.510000e+00
     vertex  1.866583e+02 -8.524875e+01  1.510000e+00
   endloop
 endfacet
 facet normal  0.000000e+00  0.000000e+00  1.000000e+00
   outer loop
     vertex  1.892000e+02 -1.185000e+02  1.510000e+00
     vertex  1.866583e+02 -8.524875e+01  1.510000e+00
     vertex  1.866583e+02 -1.004887e+02  1.510000e+00
   endloop
 endfacet
 facet normal  0.000000e+00  0.000000e+00  1.000000e+00
   outer loop
     vertex  1.892000e+02 -7.000000e+01  1.510000e+00
     vertex  1.250000e+02 -7.000000e+01  1.510000e+00
     vertex  1.571625e+02 -7.741375e+01  1.510000e+00
   endloop
 endfacet
 facet normal  0.000000e+00  0.000000e+00  1.000000e+00
   outer loop
     vertex  1.571625e+02 -7.741375e+01  1.510000e+00
     vertex  1.250000e+02 -7.000000e+01  1.510000e+00
     vertex  1.569425e+02 -7.744271e+01  1.510000e+00
   endloop
 endfacet
 facet normal  0.000000e+00  0.000000e+00  1.000000e+00
   outer loop
     vertex  1.892000e+02 -7.000000e+01  1.510000e+00
     vertex  1.571625e+02 -7.741375e+01  1.510000e+00
     vertex  1.573825e+02 -7.744271e+01  1.510000e+00
   endloop
 endfacet
 facet normal  0.000000e+00  1.000000e+00  0.000000e+00
   outer loop
     vertex  1.892000e+02 -7.000000e+01  0.000000e+00
     vertex  1.250000e+02 -7.000000e+01  0.000000e+00
     vertex  1.250000e+02 -7.000000e+01  1.510000e+00
   endloop
 endfacet
 facet normal  0.000000e+00  1.000000e+00 -0.000000e+00
   outer loop
     vertex  1.892000e+02 -7.000000e+01  0.000000e+00
     vertex  1.250000e+02 -7.000000e+01  1.510000e+00
     vertex  1.892000e+02 -7.000000e+01  1.510000e+00
   endloop
 endfacet
 facet normal -1.305262e-01  9.914449e-01 -1.282623e-18
   outer loop
     vertex  1.383325e+02 -1.082948e+02  0.000000e+00
     vertex  1.381125e+02 -1.083238e+02  0.000000e+00
     vertex  1.381125e+02 -1.083238e+02  1.510000e+00
   endloop
 endfacet
 facet normal -1.305262e-01  9.914449e-01  0.000000e+00
   outer loop
     vertex  1.383325e+02 -1.082948e+02  0.000000e+00
     vertex  1.381125e+02 -1.083238e+02  1.510000e+00
     vertex  1.383325e+02 -1.082948e+02  1.510000e+00
   endloop
 endfacet
 facet normal -3.826834e-01  9.238795e-01  0.000000e+00
   outer loop
     vertex  1.385375e+02 -1.082099e+02  0.000000e+00
     vertex  1.383325e+02 -1.082948e+02  1.510000e+00
     vertex  1.385375e+02 -1.082099e+02  1.510000e+00
   endloop
 endfacet
 facet normal -3.826834e-01  9.238795e-01 -2.349918e-18
   outer loop
     vertex  1.385375e+02 -1.082099e+02  0.000000e+00
     vertex  1.383325e+02 -1.082948e+02  0.000000e+00
     vertex  1.383325e+02 -1.082948e+02  1.510000e+00
   endloop
 endfacet
 facet normal -6.087614e-01  7.933533e-01  0.000000e+00
   outer loop
     vertex  1.387135e+02 -1.080748e+02  0.000000e+00
     vertex  1.385375e+02 -1.082099e+02  1.510000e+00
     vertex  1.387135e+02 -1.080748e+02  1.510000e+00
   endloop
 endfacet
 facet normal -6.087614e-01  7.933533e-01 -2.754066e-18
   outer loop
     vertex  1.387135e+02 -1.080748e+02  0.000000e+00
     vertex  1.385375e+02 -1.082099e+02  0.000000e+00
     vertex  1.385375e+02 -1.082099e+02  1.510000e+00
   endloop
 endfacet
 facet normal -7.933533e-01  6.087614e-01  0.000000e+00
   outer loop
     vertex  1.388486e+02 -1.078987e+02  0.000000e+00
     vertex  1.387135e+02 -1.080748e+02  1.510000e+00
     vertex  1.388486e+02 -1.078987e+02  1.510000e+00
   endloop
 endfacet
 facet normal -7.933533e-01  6.087614e-01  3.925969e-18
   outer loop
     vertex  1.388486e+02 -1.078987e+02  0.000000e+00
     vertex  1.387135e+02 -1.080748e+02  0.000000e+00
     vertex  1.387135e+02 -1.080748e+02  1.510000e+00
   endloop
 endfacet
 facet normal -9.238795e-01  3.826834e-01  0.000000e+00
   outer loop
     vertex  1.389335e+02 -1.076937e+02  0.000000e+00
     vertex  1.388486e+02 -1.078987e+02  1.510000e+00
     vertex  1.389335e+02 -1.076937e+02  1.510000e+00
   endloop
 endfacet
 facet normal -9.238795e-01  3.826834e-01  2.735022e-18
   outer loop
     vertex  1.389335e+02 -1.076937e+02  0.000000e+00
     vertex  1.388486e+02 -1.078987e+02  0.000000e+00
     vertex  1.388486e+02 -1.078987e+02  1.510000e+00
   endloop
 endfacet
 facet normal -9.914449e-01  1.305262e-01  0.000000e+00
   outer loop
     vertex  1.389625e+02 -1.074737e+02  0.000000e+00
     vertex  1.389335e+02 -1.076937e+02  1.510000e+00
     vertex  1.389625e+02 -1.074737e+02  1.510000e+00
   endloop
 endfacet
 facet normal -9.914449e-01  1.305262e-01  8.791743e-19
   outer loop
     vertex  1.389625e+02 -1.074737e+02  0.000000e+00
     vertex  1.389335e+02 -1.076937e+02  0.000000e+00
     vertex  1.389335e+02 -1.076937e+02  1.510000e+00
   endloop
 endfacet
 facet normal -9.914449e-01 -1.305262e-01  0.000000e+00
   outer loop
     vertex  1.389335e+02 -1.072538e+02  0.000000e+00
     vertex  1.389625e+02 -1.074737e+02  1.510000e+00
     vertex  1.389335e+02 -1.072538e+02  1.510000e+00
   endloop
 endfacet
 facet normal -9.914449e-01 -1.305262e-01 -8.791743e-19
   outer loop
     vertex  1.389335e+02 -1.072538e+02  0.000000e+00
     vertex  1.389625e+02 -1.074737e+02  0.000000e+00
     vertex  1.389625e+02 -1.074737e+02  1.510000e+00
   endloop
 endfacet
 facet normal -9.238795e-01 -3.826834e-01  0.000000e+00
   outer loop
     vertex  1.388486e+02 -1.070487e+02  0.000000e+00
     vertex  1.389335e+02 -1.072538e+02  1.510000e+00
     vertex  1.388486e+02 -1.070487e+02  1.510000e+00
   endloop
 endfacet
 facet normal -9.238795e-01 -3.826834e-01 -2.735022e-18
   outer loop
     vertex  1.388486e+02 -1.070487e+02  0.000000e+00
     vertex  1.389335e+02 -1.072538e+02  0.000000e+00
     vertex  1.389335e+02 -1.072538e+02  1.510000e+00
   endloop
 endfacet
 facet normal -7.933533e-01 -6.087614e-01  0.000000e+00
   outer loop
     vertex  1.387135e+02 -1.068727e+02  0.000000e+00
     vertex  1.388486e+02 -1.070487e+02  1.510000e+00
     vertex  1.387135e+02 -1.068727e+02  1.510000e+00
   endloop
 endfacet
 facet normal -7.933533e-01 -6.087614e-01 -3.925969e-18
   outer loop
     vertex  1.387135e+02 -1.068727e+02  0.000000e+00
     vertex  1.388486e+02 -1.070487e+02  0.000000e+00
     vertex  1.388486e+02 -1.070487e+02  1.510000e+00
   endloop
 endfacet
 facet normal -6.087614e-01 -7.933533e-01  0.000000e+00
   outer loop
     vertex  1.385375e+02 -1.067376e+02  0.000000e+00
     vertex  1.387135e+02 -1.068727e+02  1.510000e+00
     vertex  1.385375e+02 -1.067376e+02  1.510000e+00
   endloop
 endfacet
 facet normal -6.087614e-01 -7.933533e-01  2.754066e-18
   outer loop
     vertex  1.385375e+02 -1.067376e+02  0.000000e+00
     vertex  1.387135e+02 -1.068727e+02  0.000000e+00
     vertex  1.387135e+02 -1.068727e+02  1.510000e+00
   endloop
 endfacet
 facet normal -1.305262e-01 -9.914449e-01  0.000000e+00
   outer loop
     vertex  1.383325e+02 -1.066527e+02  0.000000e+00
     vertex  1.383325e+02 -1.066527e+02  1.510000e+00
     vertex  1.381125e+02 -1.066237e+02  1.510000e+00
   endloop
 endfacet
 facet normal -3.826834e-01 -9.238795e-01  0.000000e+00
   outer loop
     vertex  1.383325e+02 -1.066527e+02  0.000000e+00
     vertex  1.385375e+02 -1.067376e+02  1.510000e+00
     vertex  1.383325e+02 -1.066527e+02  1.510000e+00
   endloop
 endfacet
 facet normal -3.826834e-01 -9.238795e-01  2.349918e-18
   outer loop
     vertex  1.383325e+02 -1.066527e+02  0.000000e+00
     vertex  1.385375e+02 -1.067376e+02  0.000000e+00
     vertex  1.385375e+02 -1.067376e+02  1.510000e+00
   endloop
 endfacet
 facet normal -1.305262e-01 -9.914449e-01  0.000000e+00
   outer loop
     vertex  1.381125e+02 -1.066237e+02  0.000000e+00
     vertex  1.383325e+02 -1.066527e+02  0.000000e+00
     vertex  1.381125e+02 -1.066237e+02  1.510000e+00
   endloop
 endfacet
 facet normal  1.305262e-01 -9.914449e-01 -1.282623e-18
   outer loop
     vertex  1.378925e+02 -1.066527e+02  0.000000e+00
     vertex  1.381125e+02 -1.066237e+02  0.000000e+00
     vertex  1.381125e+02 -1.066237e+02  1.510000e+00
   endloop
 endfacet
 facet normal  1.305262e-01 -9.914449e-01  0.000000e+00
   outer loop
     vertex  1.378925e+02 -1.066527e+02  0.000000e+00
     vertex  1.381125e+02 -1.066237e+02  1.510000e+00
     vertex  1.378925e+02 -1.066527e+02  1.510000e+00
   endloop
 endfacet
 facet normal  3.826834e-01 -9.238795e-01 -2.349918e-18
   outer loop
     vertex  1.376875e+02 -1.067376e+02  0.000000e+00
     vertex  1.378925e+02 -1.066527e+02  0.000000e+00
     vertex  1.378925e+02 -1.066527e+02  1.510000e+00
   endloop
 endfacet
 facet normal  3.826834e-01 -9.238795e-01  0.000000e+00
   outer loop
     vertex  1.376875e+02 -1.067376e+02  0.000000e+00
     vertex  1.378925e+02 -1.066527e+02  1.510000e+00
     vertex  1.376875e+02 -1.067376e+02  1.510000e+00
   endloop
 endfacet
 facet normal  6.087614e-01 -7.933533e-01 -2.754066e-18
   outer loop
     vertex  1.375115e+02 -1.068727e+02  0.000000e+00
     vertex  1.376875e+02 -1.067376e+02  0.000000e+00
     vertex  1.376875e+02 -1.067376e+02  1.510000e+00
   endloop
 endfacet
 facet normal  7.933533e-01 -6.087614e-01  0.000000e+00
   outer loop
     vertex  1.375115e+02 -1.068727e+02  0.000000e+00
     vertex  1.375115e+02 -1.068727e+02  1.510000e+00
     vertex  1.373764e+02 -1.070487e+02  1.510000e+00
   endloop
 endfacet
 facet normal  6.087614e-01 -7.933533e-01  0.000000e+00
   outer loop
     vertex  1.375115e+02 -1.068727e+02  0.000000e+00
     vertex  1.376875e+02 -1.067376e+02  1.510000e+00
     vertex  1.375115e+02 -1.068727e+02  1.510000e+00
   endloop
 endfacet
 facet normal  7.933533e-01 -6.087614e-01  0.000000e+00
   outer loop
     vertex  1.373764e+02 -1.070487e+02  0.000000e+00
     vertex  1.375115e+02 -1.068727e+02  0.000000e+00
     vertex  1.373764e+02 -1.070487e+02  1.510000e+00
   endloop
 endfacet
 facet normal  9.238795e-01 -3.826834e-01  2.735022e-18
   outer loop
     vertex  1.372915e+02 -1.072538e+02  0.000000e+00
     vertex  1.373764e+02 -1.070487e+02  0.000000e+00
     vertex  1.373764e+02 -1.070487e+02  1.510000e+00
   endloop
 endfacet
 facet normal  9.238795e-01 -3.826834e-01  0.000000e+00
   outer loop
     vertex  1.372915e+02 -1.072538e+02  0.000000e+00
     vertex  1.373764e+02 -1.070487e+02  1.510000e+00
     vertex  1.372915e+02 -1.072538e+02  1.510000e+00
   endloop
 endfacet
 facet normal  9.914449e-01 -1.305262e-01  8.791743e-19
   outer loop
     vertex  1.372625e+02 -1.074737e+02  0.000000e+00
     vertex  1.372915e+02 -1.072538e+02  0.000000e+00
     vertex  1.372915e+02 -1.072538e+02  1.510000e+00
   endloop
 endfacet
 facet normal  9.914449e-01 -1.305262e-01  0.000000e+00
   outer loop
     vertex  1.372625e+02 -1.074737e+02  0.000000e+00
     vertex  1.372915e+02 -1.072538e+02  1.510000e+00
     vertex  1.372625e+02 -1.074737e+02  1.510000e+00
   endloop
 endfacet
 facet normal  9.914449e-01  1.305262e-01 -0.000000e+00
   outer loop
     vertex  1.372915e+02 -1.076937e+02  0.000000e+00
     vertex  1.372625e+02 -1.074737e+02  1.510000e+00
     vertex  1.372915e+02 -1.076937e+02  1.510000e+00
   endloop
 endfacet
 facet normal  9.914449e-01  1.305262e-01 -8.791743e-19
   outer loop
     vertex  1.372915e+02 -1.076937e+02  0.000000e+00
     vertex  1.372625e+02 -1.074737e+02  0.000000e+00
     vertex  1.372625e+02 -1.074737e+02  1.510000e+00
   endloop
 endfacet
 facet normal  9.238795e-01  3.826834e-01 -0.000000e+00
   outer loop
     vertex  1.373764e+02 -1.078988e+02  0.000000e+00
     vertex  1.372915e+02 -1.076937e+02  1.510000e+00
     vertex  1.373764e+02 -1.078988e+02  1.510000e+00
   endloop
 endfacet
 facet normal  9.238795e-01  3.826834e-01 -8.019169e-19
   outer loop
     vertex  1.373764e+02 -1.078988e+02  0.000000e+00
     vertex  1.372915e+02 -1.076937e+02  0.000000e+00
     vertex  1.372915e+02 -1.076937e+02  1.510000e+00
   endloop
 endfacet
 facet normal  7.933533e-01  6.087614e-01 -9.119650e-19
   outer loop
     vertex  1.375115e+02 -1.080748e+02  0.000000e+00
     vertex  1.373764e+02 -1.078988e+02  0.000000e+00
     vertex  1.373764e+02 -1.078988e+02  1.510000e+00
   endloop
 endfacet
 facet normal  6.087614e-01  7.933533e-01 -0.000000e+00
   outer loop
     vertex  1.375115e+02 -1.080748e+02  0.000000e+00
     vertex  1.375115e+02 -1.080748e+02  1.510000e+00
     vertex  1.376875e+02 -1.082099e+02  1.510000e+00
   endloop
 endfacet
 facet normal  7.933533e-01  6.087614e-01 -0.000000e+00
   outer loop
     vertex  1.375115e+02 -1.080748e+02  0.000000e+00
     vertex  1.373764e+02 -1.078988e+02  1.510000e+00
     vertex  1.375115e+02 -1.080748e+02  1.510000e+00
   endloop
 endfacet
 facet normal  6.087614e-01  7.933533e-01 -0.000000e+00
   outer loop
     vertex  1.376875e+02 -1.082099e+02  0.000000e+00
     vertex  1.375115e+02 -1.080748e+02  0.000000e+00
     vertex  1.376875e+02 -1.082099e+02  1.510000e+00
   endloop
 endfacet
 facet normal  1.305262e-01  9.914449e-01 -0.000000e+00
   outer loop
     vertex  1.378925e+02 -1.082948e+02  0.000000e+00
     vertex  1.378925e+02 -1.082948e+02  1.510000e+00
     vertex  1.381125e+02 -1.083238e+02  1.510000e+00
   endloop
 endfacet
 facet normal  3.826834e-01  9.238795e-01 -0.000000e+00
   outer loop
     vertex  1.378925e+02 -1.082948e+02  0.000000e+00
     vertex  1.376875e+02 -1.082099e+02  1.510000e+00
     vertex  1.378925e+02 -1.082948e+02  1.510000e+00
   endloop
 endfacet
 facet normal  3.826834e-01  9.238795e-01  2.349918e-18
   outer loop
     vertex  1.378925e+02 -1.082948e+02  0.000000e+00
     vertex  1.376875e+02 -1.082099e+02  0.000000e+00
     vertex  1.376875e+02 -1.082099e+02  1.510000e+00
   endloop
 endfacet
 facet normal  1.305262e-01  9.914449e-01 -0.000000e+00
   outer loop
     vertex  1.381125e+02 -1.083238e+02  0.000000e+00
     vertex  1.378925e+02 -1.082948e+02  0.000000e+00
     vertex  1.381125e+02 -1.083238e+02  1.510000e+00
   endloop
 endfacet
 facet normal -1.305262e-01  9.914449e-01 -1.119139e-18
   outer loop
     vertex  1.433866e+02 -1.056582e+02  0.000000e+00
     vertex  1.431925e+02 -1.056838e+02  0.000000e+00
     vertex  1.431925e+02 -1.056838e+02  1.510000e+00
   endloop
 endfacet
 facet normal -1.305262e-01  9.914449e-01  0.000000e+00
   outer loop
     vertex  1.433866e+02 -1.056582e+02  0.000000e+00
     vertex  1.431925e+02 -1.056838e+02  1.510000e+00
     vertex  1.433866e+02 -1.056582e+02  1.510000e+00
   endloop
 endfacet
 facet normal -3.826834e-01  9.238795e-01  0.000000e+00
   outer loop
     vertex  1.435675e+02 -1.055833e+02  0.000000e+00
     vertex  1.433866e+02 -1.056582e+02  1.510000e+00
     vertex  1.435675e+02 -1.055833e+02  1.510000e+00
   endloop
 endfacet
 facet normal -3.826834e-01  9.238795e-01 -6.208025e-19
   outer loop
     vertex  1.435675e+02 -1.055833e+02  0.000000e+00
     vertex  1.433866e+02 -1.056582e+02  0.000000e+00
     vertex  1.433866e+02 -1.056582e+02  1.510000e+00
   endloop
 endfacet
 facet normal -6.087614e-01  7.933533e-01  0.000000e+00
   outer loop
     vertex  1.437228e+02 -1.054641e+02  0.000000e+00
     vertex  1.435675e+02 -1.055833e+02  1.510000e+00
     vertex  1.437228e+02 -1.054641e+02  1.510000e+00
   endloop
 endfacet
 facet normal -6.087614e-01  7.933533e-01 -1.151030e-19
   outer loop
     vertex  1.437228e+02 -1.054641e+02  0.000000e+00
     vertex  1.435675e+02 -1.055833e+02  0.000000e+00
     vertex  1.435675e+02 -1.055833e+02  1.510000e+00
   endloop
 endfacet
 facet normal -7.933533e-01  6.087614e-01  0.000000e+00
   outer loop
     vertex  1.438420e+02 -1.053088e+02  0.000000e+00
     vertex  1.437228e+02 -1.054641e+02  1.510000e+00
     vertex  1.438420e+02 -1.053088e+02  1.510000e+00
   endloop
 endfacet
 facet normal -7.933533e-01  6.087614e-01  2.607861e-18
   outer loop
     vertex  1.438420e+02 -1.053088e+02  0.000000e+00
     vertex  1.437228e+02 -1.054641e+02  0.000000e+00
     vertex  1.437228e+02 -1.054641e+02  1.510000e+00
   endloop
 endfacet
 facet normal -9.238795e-01  3.826834e-01  0.000000e+00
   outer loop
     vertex  1.439169e+02 -1.051279e+02  0.000000e+00
     vertex  1.438420e+02 -1.053088e+02  1.510000e+00
     vertex  1.439169e+02 -1.051279e+02  1.510000e+00
   endloop
 endfacet
 facet normal -9.238795e-01  3.826834e-01  2.982014e-19
   outer loop
     vertex  1.439169e+02 -1.051279e+02  0.000000e+00
     vertex  1.438420e+02 -1.053088e+02  0.000000e+00
     vertex  1.438420e+02 -1.053088e+02  1.510000e+00
   endloop
 endfacet
 facet normal -9.914449e-01  1.305262e-01  0.000000e+00
   outer loop
     vertex  1.439425e+02 -1.049338e+02  0.000000e+00
     vertex  1.439169e+02 -1.051279e+02  1.510000e+00
     vertex  1.439425e+02 -1.049338e+02  1.510000e+00
   endloop
 endfacet
 facet normal -9.914449e-01  1.305262e-01  8.317954e-19
   outer loop
     vertex  1.439425e+02 -1.049338e+02  0.000000e+00
     vertex  1.439169e+02 -1.051279e+02  0.000000e+00
     vertex  1.439169e+02 -1.051279e+02  1.510000e+00
   endloop
 endfacet
 facet normal -9.914449e-01 -1.305262e-01  0.000000e+00
   outer loop
     vertex  1.439169e+02 -1.047396e+02  0.000000e+00
     vertex  1.439425e+02 -1.049338e+02  1.510000e+00
     vertex  1.439169e+02 -1.047396e+02  1.510000e+00
   endloop
 endfacet
 facet normal -9.914449e-01 -1.305262e-01 -8.317954e-19
   outer loop
     vertex  1.439169e+02 -1.047396e+02  0.000000e+00
     vertex  1.439425e+02 -1.049338e+02  0.000000e+00
     vertex  1.439425e+02 -1.049338e+02  1.510000e+00
   endloop
 endfacet
 facet normal -9.238795e-01 -3.826834e-01  0.000000e+00
   outer loop
     vertex  1.438420e+02 -1.045588e+02  0.000000e+00
     vertex  1.439169e+02 -1.047396e+02  1.510000e+00
     vertex  1.438420e+02 -1.045588e+02  1.510000e+00
   endloop
 endfacet
 facet normal -9.238795e-01 -3.826834e-01 -2.982014e-19
   outer loop
     vertex  1.438420e+02 -1.045588e+02  0.000000e+00
     vertex  1.439169e+02 -1.047396e+02  0.000000e+00
     vertex  1.439169e+02 -1.047396e+02  1.510000e+00
   endloop
 endfacet
 facet normal -7.933533e-01 -6.087614e-01  0.000000e+00
   outer loop
     vertex  1.437228e+02 -1.044034e+02  0.000000e+00
     vertex  1.438420e+02 -1.045588e+02  1.510000e+00
     vertex  1.437228e+02 -1.044034e+02  1.510000e+00
   endloop
 endfacet
 facet normal -7.933533e-01 -6.087614e-01 -2.607861e-18
   outer loop
     vertex  1.437228e+02 -1.044034e+02  0.000000e+00
     vertex  1.438420e+02 -1.045588e+02  0.000000e+00
     vertex  1.438420e+02 -1.045588e+02  1.510000e+00
   endloop
 endfacet
 facet normal -6.087614e-01 -7.933533e-01  0.000000e+00
   outer loop
     vertex  1.435675e+02 -1.042842e+02  0.000000e+00
     vertex  1.437228e+02 -1.044034e+02  1.510000e+00
     vertex  1.435675e+02 -1.042842e+02  1.510000e+00
   endloop
 endfacet
 facet normal -6.087614e-01 -7.933533e-01  1.151030e-19
   outer loop
     vertex  1.435675e+02 -1.042842e+02  0.000000e+00
     vertex  1.437228e+02 -1.044034e+02  0.000000e+00
     vertex  1.437228e+02 -1.044034e+02  1.510000e+00
   endloop
 endfacet
 facet normal -1.305262e-01 -9.914449e-01  0.000000e+00
   outer loop
     vertex  1.433866e+02 -1.042093e+02  0.000000e+00
     vertex  1.433866e+02 -1.042093e+02  1.510000e+00
     vertex  1.431925e+02 -1.041838e+02  1.510000e+00
   endloop
 endfacet
 facet normal -3.826834e-01 -9.238795e-01  0.000000e+00
   outer loop
     vertex  1.433866e+02 -1.042093e+02  0.000000e+00
     vertex  1.435675e+02 -1.042842e+02  1.510000e+00
     vertex  1.433866e+02 -1.042093e+02  1.510000e+00
   endloop
 endfacet
 facet normal -3.826834e-01 -9.238795e-01 -2.761264e-18
   outer loop
     vertex  1.433866e+02 -1.042093e+02  0.000000e+00
     vertex  1.435675e+02 -1.042842e+02  0.000000e+00
     vertex  1.435675e+02 -1.042842e+02  1.510000e+00
   endloop
 endfacet
 facet normal -1.305262e-01 -9.914449e-01  0.000000e+00
   outer loop
     vertex  1.431925e+02 -1.041838e+02  0.000000e+00
     vertex  1.433866e+02 -1.042093e+02  0.000000e+00
     vertex  1.431925e+02 -1.041838e+02  1.510000e+00
   endloop
 endfacet
 facet normal  1.305262e-01 -9.914449e-01  6.209331e-19
   outer loop
     vertex  1.429984e+02 -1.042093e+02  0.000000e+00
     vertex  1.431925e+02 -1.041838e+02  0.000000e+00
     vertex  1.431925e+02 -1.041838e+02  1.510000e+00
   endloop
 endfacet
 facet normal  1.305262e-01 -9.914449e-01  0.000000e+00
   outer loop
     vertex  1.429984e+02 -1.042093e+02  0.000000e+00
     vertex  1.431925e+02 -1.041838e+02  1.510000e+00
     vertex  1.429984e+02 -1.042093e+02  1.510000e+00
   endloop
 endfacet
 facet normal  3.826834e-01 -9.238795e-01  2.761264e-18
   outer loop
     vertex  1.428175e+02 -1.042842e+02  0.000000e+00
     vertex  1.429984e+02 -1.042093e+02  0.000000e+00
     vertex  1.429984e+02 -1.042093e+02  1.510000e+00
   endloop
 endfacet
 facet normal  3.826834e-01 -9.238795e-01  0.000000e+00
   outer loop
     vertex  1.428175e+02 -1.042842e+02  0.000000e+00
     vertex  1.429984e+02 -1.042093e+02  1.510000e+00
     vertex  1.428175e+02 -1.042842e+02  1.510000e+00
   endloop
 endfacet
 facet normal  6.087614e-01 -7.933533e-01 -1.151030e-19
   outer loop
     vertex  1.426622e+02 -1.044034e+02  0.000000e+00
     vertex  1.428175e+02 -1.042842e+02  0.000000e+00
     vertex  1.428175e+02 -1.042842e+02  1.510000e+00
   endloop
 endfacet
 facet normal  7.933533e-01 -6.087614e-01  0.000000e+00
   outer loop
     vertex  1.426622e+02 -1.044034e+02  0.000000e+00
     vertex  1.426622e+02 -1.044034e+02  1.510000e+00
     vertex  1.425430e+02 -1.045588e+02  1.510000e+00
   endloop
 endfacet
 facet normal  6.087614e-01 -7.933533e-01  0.000000e+00
   outer loop
     vertex  1.426622e+02 -1.044034e+02  0.000000e+00
     vertex  1.428175e+02 -1.042842e+02  1.510000e+00
     vertex  1.426622e+02 -1.044034e+02  1.510000e+00
   endloop
 endfacet
 facet normal  7.933533e-01 -6.087614e-01  0.000000e+00
   outer loop
     vertex  1.425430e+02 -1.045588e+02  0.000000e+00
     vertex  1.426622e+02 -1.044034e+02  0.000000e+00
     vertex  1.425430e+02 -1.045588e+02  1.510000e+00
   endloop
 endfacet
 facet normal  9.238795e-01 -3.826834e-01  2.982014e-19
   outer loop
     vertex  1.424681e+02 -1.047396e+02  0.000000e+00
     vertex  1.425430e+02 -1.045588e+02  0.000000e+00
     vertex  1.425430e+02 -1.045588e+02  1.510000e+00
   endloop
 endfacet
 facet normal  9.238795e-01 -3.826834e-01  0.000000e+00
   outer loop
     vertex  1.424681e+02 -1.047396e+02  0.000000e+00
     vertex  1.425430e+02 -1.045588e+02  1.510000e+00
     vertex  1.424681e+02 -1.047396e+02  1.510000e+00
   endloop
 endfacet
 facet normal  9.914449e-01 -1.305262e-01  8.317954e-19
   outer loop
     vertex  1.424425e+02 -1.049338e+02  0.000000e+00
     vertex  1.424681e+02 -1.047396e+02  0.000000e+00
     vertex  1.424681e+02 -1.047396e+02  1.510000e+00
   endloop
 endfacet
 facet normal  9.914449e-01 -1.305262e-01  0.000000e+00
   outer loop
     vertex  1.424425e+02 -1.049338e+02  0.000000e+00
     vertex  1.424681e+02 -1.047396e+02  1.510000e+00
     vertex  1.424425e+02 -1.049338e+02  1.510000e+00
   endloop
 endfacet
 facet normal  9.914449e-01  1.305262e-01 -0.000000e+00
   outer loop
     vertex  1.424681e+02 -1.051279e+02  0.000000e+00
     vertex  1.424425e+02 -1.049338e+02  1.510000e+00
     vertex  1.424681e+02 -1.051279e+02  1.510000e+00
   endloop
 endfacet
 facet normal  9.914449e-01  1.305262e-01 -8.317954e-19
   outer loop
     vertex  1.424681e+02 -1.051279e+02  0.000000e+00
     vertex  1.424425e+02 -1.049338e+02  0.000000e+00
     vertex  1.424425e+02 -1.049338e+02  1.510000e+00
   endloop
 endfacet
 facet normal  9.238795e-01  3.826834e-01 -0.000000e+00
   outer loop
     vertex  1.425430e+02 -1.053088e+02  0.000000e+00
     vertex  1.424681e+02 -1.051279e+02  1.510000e+00
     vertex  1.425430e+02 -1.053088e+02  1.510000e+00
   endloop
 endfacet
 facet normal  9.238795e-01  3.826834e-01 -2.982014e-19
   outer loop
     vertex  1.425430e+02 -1.053088e+02  0.000000e+00
     vertex  1.424681e+02 -1.051279e+02  0.000000e+00
     vertex  1.424681e+02 -1.051279e+02  1.510000e+00
   endloop
 endfacet
 facet normal  7.933533e-01  6.087614e-01 -2.607861e-18
   outer loop
     vertex  1.426622e+02 -1.054641e+02  0.000000e+00
     vertex  1.425430e+02 -1.053088e+02  0.000000e+00
     vertex  1.425430e+02 -1.053088e+02  1.510000e+00
   endloop
 endfacet
 facet normal  6.087614e-01  7.933533e-01 -0.000000e+00
   outer loop
     vertex  1.426622e+02 -1.054641e+02  0.000000e+00
     vertex  1.426622e+02 -1.054641e+02  1.510000e+00
     vertex  1.428175e+02 -1.055833e+02  1.510000e+00
   endloop
 endfacet
 facet normal  7.933533e-01  6.087614e-01 -0.000000e+00
   outer loop
     vertex  1.426622e+02 -1.054641e+02  0.000000e+00
     vertex  1.425430e+02 -1.053088e+02  1.510000e+00
     vertex  1.426622e+02 -1.054641e+02  1.510000e+00
   endloop
 endfacet
 facet normal  6.087614e-01  7.933533e-01 -0.000000e+00
   outer loop
     vertex  1.428175e+02 -1.055833e+02  0.000000e+00
     vertex  1.426622e+02 -1.054641e+02  0.000000e+00
     vertex  1.428175e+02 -1.055833e+02  1.510000e+00
   endloop
 endfacet
 facet normal  1.305262e-01  9.914449e-01 -0.000000e+00
   outer loop
     vertex  1.429984e+02 -1.056582e+02  0.000000e+00
     vertex  1.429984e+02 -1.056582e+02  1.510000e+00
     vertex  1.431925e+02 -1.056838e+02  1.510000e+00
   endloop
 endfacet
 facet normal  3.826834e-01  9.238795e-01 -0.000000e+00
   outer loop
     vertex  1.429984e+02 -1.056582e+02  0.000000e+00
     vertex  1.428175e+02 -1.055833e+02  1.510000e+00
     vertex  1.429984e+02 -1.056582e+02  1.510000e+00
   endloop
 endfacet
 facet normal  3.826834e-01  9.238795e-01 -2.761264e-18
   outer loop
     vertex  1.429984e+02 -1.056582e+02  0.000000e+00
     vertex  1.428175e+02 -1.055833e+02  0.000000e+00
     vertex  1.428175e+02 -1.055833e+02  1.510000e+00
   endloop
 endfacet
 facet normal  1.305262e-01  9.914449e-01 -0.000000e+00
   outer loop
     vertex  1.431925e+02 -1.056838e+02  0.000000e+00
     vertex  1.429984e+02 -1.056582e+02  0.000000e+00
     vertex  1.431925e+02 -1.056838e+02  1.510000e+00
   endloop
 endfacet
 facet normal -1.305262e-01  9.914449e-01 -7.810433e-19
   outer loop
     vertex  1.386301e+02 -1.043256e+02  0.000000e+00
     vertex  1.381125e+02 -1.043937e+02  0.000000e+00
     vertex  1.381125e+02 -1.043937e+02  1.510000e+00
   endloop
 endfacet
 facet normal -1.305262e-01  9.914449e-01  0.000000e+00
   outer loop
     vertex  1.386301e+02 -1.043256e+02  0.000000e+00
     vertex  1.381125e+02 -1.043937e+02  1.510000e+00
     vertex  1.386301e+02 -1.043256e+02  1.510000e+00
   endloop
 endfacet
 facet normal -3.826834e-01  9.238795e-01  0.000000e+00
   outer loop
     vertex  1.391125e+02 -1.041258e+02  0.000000e+00
     vertex  1.386301e+02 -1.043256e+02  1.510000e+00
     vertex  1.391125e+02 -1.041258e+02  1.510000e+00
   endloop
 endfacet
 facet normal -3.826834e-01  9.238795e-01 -2.339562e-18
   outer loop
     vertex  1.391125e+02 -1.041258e+02  0.000000e+00
     vertex  1.386301e+02 -1.043256e+02  0.000000e+00
     vertex  1.386301e+02 -1.043256e+02  1.510000e+00
   endloop
 endfacet
 facet normal -6.087614e-01  7.933533e-01  0.000000e+00
   outer loop
     vertex  1.395267e+02 -1.038080e+02  0.000000e+00
     vertex  1.391125e+02 -1.041258e+02  1.510000e+00
     vertex  1.395267e+02 -1.038080e+02  1.510000e+00
   endloop
 endfacet
 facet normal -6.087614e-01  7.933533e-01 -1.623516e-17
   outer loop
     vertex  1.395267e+02 -1.038080e+02  0.000000e+00
     vertex  1.391125e+02 -1.041258e+02  0.000000e+00
     vertex  1.391125e+02 -1.041258e+02  1.510000e+00
   endloop
 endfacet
 facet normal -7.933533e-01  6.087614e-01  0.000000e+00
   outer loop
     vertex  1.398446e+02 -1.033937e+02  0.000000e+00
     vertex  1.395267e+02 -1.038080e+02  1.510000e+00
     vertex  1.398446e+02 -1.033937e+02  1.510000e+00
   endloop
 endfacet
 facet normal -7.933533e-01  6.087614e-01 -1.226948e-17
   outer loop
     vertex  1.398446e+02 -1.033937e+02  0.000000e+00
     vertex  1.395267e+02 -1.038080e+02  0.000000e+00
     vertex  1.395267e+02 -1.038080e+02  1.510000e+00
   endloop
 endfacet
 facet normal -9.238795e-01  3.826834e-01  0.000000e+00
   outer loop
     vertex  1.400444e+02 -1.029114e+02  0.000000e+00
     vertex  1.398446e+02 -1.033937e+02  1.510000e+00
     vertex  1.400444e+02 -1.029114e+02  1.510000e+00
   endloop
 endfacet
 facet normal -9.238795e-01  3.826834e-01  7.072051e-18
   outer loop
     vertex  1.400444e+02 -1.029114e+02  0.000000e+00
     vertex  1.398446e+02 -1.033937e+02  0.000000e+00
     vertex  1.398446e+02 -1.033937e+02  1.510000e+00
   endloop
 endfacet
 facet normal -9.914449e-01  1.305262e-01  0.000000e+00
   outer loop
     vertex  1.401125e+02 -1.023937e+02  0.000000e+00
     vertex  1.400444e+02 -1.029114e+02  1.510000e+00
     vertex  1.401125e+02 -1.023937e+02  1.510000e+00
   endloop
 endfacet
 facet normal -9.914449e-01  1.305262e-01  3.022819e-18
   outer loop
     vertex  1.401125e+02 -1.023937e+02  0.000000e+00
     vertex  1.400444e+02 -1.029114e+02  0.000000e+00
     vertex  1.400444e+02 -1.029114e+02  1.510000e+00
   endloop
 endfacet
 facet normal -9.914449e-01 -1.305262e-01  0.000000e+00
   outer loop
     vertex  1.400444e+02 -1.018761e+02  0.000000e+00
     vertex  1.401125e+02 -1.023937e+02  1.510000e+00
     vertex  1.400444e+02 -1.018761e+02  1.510000e+00
   endloop
 endfacet
 facet normal -9.914449e-01 -1.305262e-01 -3.022819e-18
   outer loop
     vertex  1.400444e+02 -1.018761e+02  0.000000e+00
     vertex  1.401125e+02 -1.023937e+02  0.000000e+00
     vertex  1.401125e+02 -1.023937e+02  1.510000e+00
   endloop
 endfacet
 facet normal -9.238795e-01 -3.826834e-01  0.000000e+00
   outer loop
     vertex  1.398446e+02 -1.013937e+02  0.000000e+00
     vertex  1.400444e+02 -1.018761e+02  1.510000e+00
     vertex  1.398446e+02 -1.013937e+02  1.510000e+00
   endloop
 endfacet
 facet normal -9.238795e-01 -3.826834e-01 -7.072051e-18
   outer loop
     vertex  1.398446e+02 -1.013937e+02  0.000000e+00
     vertex  1.400444e+02 -1.018761e+02  0.000000e+00
     vertex  1.400444e+02 -1.018761e+02  1.510000e+00
   endloop
 endfacet
 facet normal -7.933533e-01 -6.087614e-01  0.000000e+00
   outer loop
     vertex  1.395267e+02 -1.009795e+02  0.000000e+00
     vertex  1.398446e+02 -1.013937e+02  1.510000e+00
     vertex  1.395267e+02 -1.009795e+02  1.510000e+00
   endloop
 endfacet
 facet normal -7.933533e-01 -6.087614e-01  1.226948e-17
   outer loop
     vertex  1.395267e+02 -1.009795e+02  0.000000e+00
     vertex  1.398446e+02 -1.013937e+02  0.000000e+00
     vertex  1.398446e+02 -1.013937e+02  1.510000e+00
   endloop
 endfacet
 facet normal -6.087614e-01 -7.933533e-01  0.000000e+00
   outer loop
     vertex  1.391125e+02 -1.006617e+02  0.000000e+00
     vertex  1.395267e+02 -1.009795e+02  1.510000e+00
     vertex  1.391125e+02 -1.006617e+02  1.510000e+00
   endloop
 endfacet
 facet normal -6.087614e-01 -7.933533e-01  1.623516e-17
   outer loop
     vertex  1.391125e+02 -1.006617e+02  0.000000e+00
     vertex  1.395267e+02 -1.009795e+02  0.000000e+00
     vertex  1.395267e+02 -1.009795e+02  1.510000e+00
   endloop
 endfacet
 facet normal -1.305262e-01 -9.914449e-01  0.000000e+00
   outer loop
     vertex  1.386301e+02 -1.004619e+02  0.000000e+00
     vertex  1.386301e+02 -1.004619e+02  1.510000e+00
     vertex  1.381125e+02 -1.003937e+02  1.510000e+00
   endloop
 endfacet
 facet normal -3.826834e-01 -9.238795e-01  0.000000e+00
   outer loop
     vertex  1.386301e+02 -1.004619e+02  0.000000e+00
     vertex  1.391125e+02 -1.006617e+02  1.510000e+00
     vertex  1.386301e+02 -1.004619e+02  1.510000e+00
   endloop
 endfacet
 facet normal -3.826834e-01 -9.238795e-01  2.339562e-18
   outer loop
     vertex  1.386301e+02 -1.004619e+02  0.000000e+00
     vertex  1.391125e+02 -1.006617e+02  0.000000e+00
     vertex  1.391125e+02 -1.006617e+02  1.510000e+00
   endloop
 endfacet
 facet normal -1.305262e-01 -9.914449e-01  0.000000e+00
   outer loop
     vertex  1.381125e+02 -1.003937e+02  0.000000e+00
     vertex  1.386301e+02 -1.004619e+02  0.000000e+00
     vertex  1.381125e+02 -1.003937e+02  1.510000e+00
   endloop
 endfacet
 facet normal  1.305262e-01 -9.914449e-01 -7.810433e-19
   outer loop
     vertex  1.375949e+02 -1.004619e+02  0.000000e+00
     vertex  1.381125e+02 -1.003937e+02  0.000000e+00
     vertex  1.381125e+02 -1.003937e+02  1.510000e+00
   endloop
 endfacet
 facet normal  1.305262e-01 -9.914449e-01  0.000000e+00
   outer loop
     vertex  1.375949e+02 -1.004619e+02  0.000000e+00
     vertex  1.381125e+02 -1.003937e+02  1.510000e+00
     vertex  1.375949e+02 -1.004619e+02  1.510000e+00
   endloop
 endfacet
 facet normal  3.826834e-01 -9.238795e-01 -2.339562e-18
   outer loop
     vertex  1.371125e+02 -1.006617e+02  0.000000e+00
     vertex  1.375949e+02 -1.004619e+02  0.000000e+00
     vertex  1.375949e+02 -1.004619e+02  1.510000e+00
   endloop
 endfacet
 facet normal  3.826834e-01 -9.238795e-01  0.000000e+00
   outer loop
     vertex  1.371125e+02 -1.006617e+02  0.000000e+00
     vertex  1.375949e+02 -1.004619e+02  1.510000e+00
     vertex  1.371125e+02 -1.006617e+02  1.510000e+00
   endloop
 endfacet
 facet normal  6.087614e-01 -7.933533e-01 -1.623516e-17
   outer loop
     vertex  1.366983e+02 -1.009795e+02  0.000000e+00
     vertex  1.371125e+02 -1.006617e+02  0.000000e+00
     vertex  1.371125e+02 -1.006617e+02  1.510000e+00
   endloop
 endfacet
 facet normal  7.933533e-01 -6.087614e-01  0.000000e+00
   outer loop
     vertex  1.366983e+02 -1.009795e+02  0.000000e+00
     vertex  1.366983e+02 -1.009795e+02  1.510000e+00
     vertex  1.363804e+02 -1.013937e+02  1.510000e+00
   endloop
 endfacet
 facet normal  6.087614e-01 -7.933533e-01  0.000000e+00
   outer loop
     vertex  1.366983e+02 -1.009795e+02  0.000000e+00
     vertex  1.371125e+02 -1.006617e+02  1.510000e+00
     vertex  1.366983e+02 -1.009795e+02  1.510000e+00
   endloop
 endfacet
 facet normal  7.933533e-01 -6.087614e-01  0.000000e+00
   outer loop
     vertex  1.363804e+02 -1.013937e+02  0.000000e+00
     vertex  1.366983e+02 -1.009795e+02  0.000000e+00
     vertex  1.363804e+02 -1.013937e+02  1.510000e+00
   endloop
 endfacet
 facet normal  9.238795e-01 -3.826834e-01  7.072051e-18
   outer loop
     vertex  1.361806e+02 -1.018761e+02  0.000000e+00
     vertex  1.363804e+02 -1.013937e+02  0.000000e+00
     vertex  1.363804e+02 -1.013937e+02  1.510000e+00
   endloop
 endfacet
 facet normal  9.238795e-01 -3.826834e-01  0.000000e+00
   outer loop
     vertex  1.361806e+02 -1.018761e+02  0.000000e+00
     vertex  1.363804e+02 -1.013937e+02  1.510000e+00
     vertex  1.361806e+02 -1.018761e+02  1.510000e+00
   endloop
 endfacet
 facet normal  9.914449e-01 -1.305262e-01  3.022819e-18
   outer loop
     vertex  1.361125e+02 -1.023937e+02  0.000000e+00
     vertex  1.361806e+02 -1.018761e+02  0.000000e+00
     vertex  1.361806e+02 -1.018761e+02  1.510000e+00
   endloop
 endfacet
 facet normal  9.914449e-01 -1.305262e-01  0.000000e+00
   outer loop
     vertex  1.361125e+02 -1.023937e+02  0.000000e+00
     vertex  1.361806e+02 -1.018761e+02  1.510000e+00
     vertex  1.361125e+02 -1.023937e+02  1.510000e+00
   endloop
 endfacet
 facet normal  9.914449e-01  1.305262e-01 -0.000000e+00
   outer loop
     vertex  1.361806e+02 -1.029114e+02  0.000000e+00
     vertex  1.361125e+02 -1.023937e+02  1.510000e+00
     vertex  1.361806e+02 -1.029114e+02  1.510000e+00
   endloop
 endfacet
 facet normal  9.914449e-01  1.305262e-01 -3.022819e-18
   outer loop
     vertex  1.361806e+02 -1.029114e+02  0.000000e+00
     vertex  1.361125e+02 -1.023937e+02  0.000000e+00
     vertex  1.361125e+02 -1.023937e+02  1.510000e+00
   endloop
 endfacet
 facet normal  9.238795e-01  3.826834e-01 -0.000000e+00
   outer loop
     vertex  1.363804e+02 -1.033937e+02  0.000000e+00
     vertex  1.361806e+02 -1.029114e+02  1.510000e+00
     vertex  1.363804e+02 -1.033937e+02  1.510000e+00
   endloop
 endfacet
 facet normal  9.238795e-01  3.826834e-01 -7.072051e-18
   outer loop
     vertex  1.363804e+02 -1.033937e+02  0.000000e+00
     vertex  1.361806e+02 -1.029114e+02  0.000000e+00
     vertex  1.361806e+02 -1.029114e+02  1.510000e+00
   endloop
 endfacet
 facet normal  7.933533e-01  6.087614e-01  1.226948e-17
   outer loop
     vertex  1.366983e+02 -1.038080e+02  0.000000e+00
     vertex  1.363804e+02 -1.033937e+02  0.000000e+00
     vertex  1.363804e+02 -1.033937e+02  1.510000e+00
   endloop
 endfacet
 facet normal  6.087614e-01  7.933533e-01 -0.000000e+00
   outer loop
     vertex  1.366983e+02 -1.038080e+02  0.000000e+00
     vertex  1.366983e+02 -1.038080e+02  1.510000e+00
     vertex  1.371125e+02 -1.041258e+02  1.510000e+00
   endloop
 endfacet
 facet normal  7.933533e-01  6.087614e-01 -0.000000e+00
   outer loop
     vertex  1.366983e+02 -1.038080e+02  0.000000e+00
     vertex  1.363804e+02 -1.033937e+02  1.510000e+00
     vertex  1.366983e+02 -1.038080e+02  1.510000e+00
   endloop
 endfacet
 facet normal  6.087614e-01  7.933533e-01 -0.000000e+00
   outer loop
     vertex  1.371125e+02 -1.041258e+02  0.000000e+00
     vertex  1.366983e+02 -1.038080e+02  0.000000e+00
     vertex  1.371125e+02 -1.041258e+02  1.510000e+00
   endloop
 endfacet
 facet normal  1.305262e-01  9.914449e-01 -0.000000e+00
   outer loop
     vertex  1.375949e+02 -1.043256e+02  0.000000e+00
     vertex  1.375949e+02 -1.043256e+02  1.510000e+00
     vertex  1.381125e+02 -1.043937e+02  1.510000e+00
   endloop
 endfacet
 facet normal  3.826834e-01  9.238795e-01 -0.000000e+00
   outer loop
     vertex  1.375949e+02 -1.043256e+02  0.000000e+00
     vertex  1.371125e+02 -1.041258e+02  1.510000e+00
     vertex  1.375949e+02 -1.043256e+02  1.510000e+00
   endloop
 endfacet
 facet normal  3.826834e-01  9.238795e-01  2.339562e-18
   outer loop
     vertex  1.375949e+02 -1.043256e+02  0.000000e+00
     vertex  1.371125e+02 -1.041258e+02  0.000000e+00
     vertex  1.371125e+02 -1.041258e+02  1.510000e+00
   endloop
 endfacet
 facet normal  1.305262e-01  9.914449e-01 -0.000000e+00
   outer loop
     vertex  1.381125e+02 -1.043937e+02  0.000000e+00
     vertex  1.375949e+02 -1.043256e+02  0.000000e+00
     vertex  1.381125e+02 -1.043937e+02  1.510000e+00
   endloop
 endfacet
 facet normal -1.305262e-01  9.914449e-01 -2.017242e-19
   outer loop
     vertex  1.573825e+02 -1.082948e+02  0.000000e+00
     vertex  1.571625e+02 -1.083238e+02  0.000000e+00
     vertex  1.571625e+02 -1.083238e+02  1.510000e+00
   endloop
 endfacet
 facet normal -1.305262e-01  9.914449e-01  0.000000e+00
   outer loop
     vertex  1.573825e+02 -1.082948e+02  0.000000e+00
     vertex  1.571625e+02 -1.083238e+02  1.510000e+00
     vertex  1.573825e+02 -1.082948e+02  1.510000e+00
   endloop
 endfacet
 facet normal -3.826834e-01  9.238795e-01  0.000000e+00
   outer loop
     vertex  1.575875e+02 -1.082099e+02  0.000000e+00
     vertex  1.573825e+02 -1.082948e+02  1.510000e+00
     vertex  1.575875e+02 -1.082099e+02  1.510000e+00
   endloop
 endfacet
 facet normal -3.826834e-01  9.238795e-01  4.668127e-18
   outer loop
     vertex  1.575875e+02 -1.082099e+02  0.000000e+00
     vertex  1.573825e+02 -1.082948e+02  0.000000e+00
     vertex  1.573825e+02 -1.082948e+02  1.510000e+00
   endloop
 endfacet
 facet normal -6.087614e-01  7.933533e-01  0.000000e+00
   outer loop
     vertex  1.577635e+02 -1.080748e+02  0.000000e+00
     vertex  1.575875e+02 -1.082099e+02  1.510000e+00
     vertex  1.577635e+02 -1.080748e+02  1.510000e+00
   endloop
 endfacet
 facet normal -6.087614e-01  7.933533e-01  3.273941e-18
   outer loop
     vertex  1.577635e+02 -1.080748e+02  0.000000e+00
     vertex  1.575875e+02 -1.082099e+02  0.000000e+00
     vertex  1.575875e+02 -1.082099e+02  1.510000e+00
   endloop
 endfacet
 facet normal -7.933533e-01  6.087614e-01  0.000000e+00
   outer loop
     vertex  1.578986e+02 -1.078988e+02  0.000000e+00
     vertex  1.577635e+02 -1.080748e+02  1.510000e+00
     vertex  1.578986e+02 -1.078988e+02  1.510000e+00
   endloop
 endfacet
 facet normal -7.933533e-01  6.087614e-01 -3.920906e-19
   outer loop
     vertex  1.578986e+02 -1.078988e+02  0.000000e+00
     vertex  1.577635e+02 -1.080748e+02  0.000000e+00
     vertex  1.577635e+02 -1.080748e+02  1.510000e+00
   endloop
 endfacet
 facet normal -9.238795e-01  3.826834e-01  0.000000e+00
   outer loop
     vertex  1.579835e+02 -1.076937e+02  0.000000e+00
     vertex  1.578986e+02 -1.078988e+02  1.510000e+00
     vertex  1.579835e+02 -1.076937e+02  1.510000e+00
   endloop
 endfacet
 facet normal -9.238795e-01  3.826834e-01  4.852928e-18
   outer loop
     vertex  1.579835e+02 -1.076937e+02  0.000000e+00
     vertex  1.578986e+02 -1.078988e+02  0.000000e+00
     vertex  1.578986e+02 -1.078988e+02  1.510000e+00
   endloop
 endfacet
 facet normal -9.914449e-01  1.305262e-01  0.000000e+00
   outer loop
     vertex  1.580125e+02 -1.074738e+02  0.000000e+00
     vertex  1.579835e+02 -1.076937e+02  1.510000e+00
     vertex  1.580125e+02 -1.074738e+02  1.510000e+00
   endloop
 endfacet
 facet normal -9.914449e-01  1.305262e-01 -6.743044e-20
   outer loop
     vertex  1.580125e+02 -1.074738e+02  0.000000e+00
     vertex  1.579835e+02 -1.076937e+02  0.000000e+00
     vertex  1.579835e+02 -1.076937e+02  1.510000e+00
   endloop
 endfacet
 facet normal -9.914449e-01 -1.305262e-01  0.000000e+00
   outer loop
     vertex  1.579835e+02 -1.072538e+02  0.000000e+00
     vertex  1.580125e+02 -1.074738e+02  1.510000e+00
     vertex  1.579835e+02 -1.072538e+02  1.510000e+00
   endloop
 endfacet
 facet normal -9.914449e-01 -1.305262e-01  6.743044e-20
   outer loop
     vertex  1.579835e+02 -1.072538e+02  0.000000e+00
     vertex  1.580125e+02 -1.074738e+02  0.000000e+00
     vertex  1.580125e+02 -1.074738e+02  1.510000e+00
   endloop
 endfacet
 facet normal -9.238795e-01 -3.826834e-01  0.000000e+00
   outer loop
     vertex  1.578986e+02 -1.070488e+02  0.000000e+00
     vertex  1.579835e+02 -1.072538e+02  1.510000e+00
     vertex  1.578986e+02 -1.070488e+02  1.510000e+00
   endloop
 endfacet
 facet normal -9.238795e-01 -3.826834e-01 -4.852928e-18
   outer loop
     vertex  1.578986e+02 -1.070488e+02  0.000000e+00
     vertex  1.579835e+02 -1.072538e+02  0.000000e+00
     vertex  1.579835e+02 -1.072538e+02  1.510000e+00
   endloop
 endfacet
 facet normal -7.933533e-01 -6.087614e-01  0.000000e+00
   outer loop
     vertex  1.577635e+02 -1.068727e+02  0.000000e+00
     vertex  1.578986e+02 -1.070488e+02  1.510000e+00
     vertex  1.577635e+02 -1.068727e+02  1.510000e+00
   endloop
 endfacet
 facet normal -7.933533e-01 -6.087614e-01  3.920906e-19
   outer loop
     vertex  1.577635e+02 -1.068727e+02  0.000000e+00
     vertex  1.578986e+02 -1.070488e+02  0.000000e+00
     vertex  1.578986e+02 -1.070488e+02  1.510000e+00
   endloop
 endfacet
 facet normal -6.087614e-01 -7.933533e-01  0.000000e+00
   outer loop
     vertex  1.575875e+02 -1.067376e+02  0.000000e+00
     vertex  1.577635e+02 -1.068727e+02  1.510000e+00
     vertex  1.575875e+02 -1.067376e+02  1.510000e+00
   endloop
 endfacet
 facet normal -6.087614e-01 -7.933533e-01 -3.273941e-18
   outer loop
     vertex  1.575875e+02 -1.067376e+02  0.000000e+00
     vertex  1.577635e+02 -1.068727e+02  0.000000e+00
     vertex  1.577635e+02 -1.068727e+02  1.510000e+00
   endloop
 endfacet
 facet normal -1.305262e-01 -9.914449e-01  0.000000e+00
   outer loop
     vertex  1.573825e+02 -1.066527e+02  0.000000e+00
     vertex  1.573825e+02 -1.066527e+02  1.510000e+00
     vertex  1.571625e+02 -1.066238e+02  1.510000e+00
   endloop
 endfacet
 facet normal -3.826834e-01 -9.238795e-01  0.000000e+00
   outer loop
     vertex  1.573825e+02 -1.066527e+02  0.000000e+00
     vertex  1.575875e+02 -1.067376e+02  1.510000e+00
     vertex  1.573825e+02 -1.066527e+02  1.510000e+00
   endloop
 endfacet
 facet normal -3.826834e-01 -9.238795e-01 -4.668127e-18
   outer loop
     vertex  1.573825e+02 -1.066527e+02  0.000000e+00
     vertex  1.575875e+02 -1.067376e+02  0.000000e+00
     vertex  1.575875e+02 -1.067376e+02  1.510000e+00
   endloop
 endfacet
 facet normal -1.305262e-01 -9.914449e-01  0.000000e+00
   outer loop
     vertex  1.571625e+02 -1.066238e+02  0.000000e+00
     vertex  1.573825e+02 -1.066527e+02  0.000000e+00
     vertex  1.571625e+02 -1.066238e+02  1.510000e+00
   endloop
 endfacet
 facet normal  1.305262e-01 -9.914449e-01 -2.017242e-19
   outer loop
     vertex  1.569425e+02 -1.066527e+02  0.000000e+00
     vertex  1.571625e+02 -1.066238e+02  0.000000e+00
     vertex  1.571625e+02 -1.066238e+02  1.510000e+00
   endloop
 endfacet
 facet normal  1.305262e-01 -9.914449e-01  0.000000e+00
   outer loop
     vertex  1.569425e+02 -1.066527e+02  0.000000e+00
     vertex  1.571625e+02 -1.066238e+02  1.510000e+00
     vertex  1.569425e+02 -1.066527e+02  1.510000e+00
   endloop
 endfacet
 facet normal  3.826834e-01 -9.238795e-01  4.668127e-18
   outer loop
     vertex  1.567375e+02 -1.067376e+02  0.000000e+00
     vertex  1.569425e+02 -1.066527e+02  0.000000e+00
     vertex  1.569425e+02 -1.066527e+02  1.510000e+00
   endloop
 endfacet
 facet normal  3.826834e-01 -9.238795e-01  0.000000e+00
   outer loop
     vertex  1.567375e+02 -1.067376e+02  0.000000e+00
     vertex  1.569425e+02 -1.066527e+02  1.510000e+00
     vertex  1.567375e+02 -1.067376e+02  1.510000e+00
   endloop
 endfacet
 facet normal  6.087614e-01 -7.933533e-01  3.273941e-18
   outer loop
     vertex  1.565615e+02 -1.068727e+02  0.000000e+00
     vertex  1.567375e+02 -1.067376e+02  0.000000e+00
     vertex  1.567375e+02 -1.067376e+02  1.510000e+00
   endloop
 endfacet
 facet normal  7.933533e-01 -6.087614e-01  0.000000e+00
   outer loop
     vertex  1.565615e+02 -1.068727e+02  0.000000e+00
     vertex  1.565615e+02 -1.068727e+02  1.510000e+00
     vertex  1.564264e+02 -1.070488e+02  1.510000e+00
   endloop
 endfacet
 facet normal  6.087614e-01 -7.933533e-01  0.000000e+00
   outer loop
     vertex  1.565615e+02 -1.068727e+02  0.000000e+00
     vertex  1.567375e+02 -1.067376e+02  1.510000e+00
     vertex  1.565615e+02 -1.068727e+02  1.510000e+00
   endloop
 endfacet
 facet normal  7.933533e-01 -6.087614e-01  0.000000e+00
   outer loop
     vertex  1.564264e+02 -1.070488e+02  0.000000e+00
     vertex  1.565615e+02 -1.068727e+02  0.000000e+00
     vertex  1.564264e+02 -1.070488e+02  1.510000e+00
   endloop
 endfacet
 facet normal  9.238795e-01 -3.826834e-01  4.852928e-18
   outer loop
     vertex  1.563415e+02 -1.072538e+02  0.000000e+00
     vertex  1.564264e+02 -1.070488e+02  0.000000e+00
     vertex  1.564264e+02 -1.070488e+02  1.510000e+00
   endloop
 endfacet
 facet normal  9.238795e-01 -3.826834e-01  0.000000e+00
   outer loop
     vertex  1.563415e+02 -1.072538e+02  0.000000e+00
     vertex  1.564264e+02 -1.070488e+02  1.510000e+00
     vertex  1.563415e+02 -1.072538e+02  1.510000e+00
   endloop
 endfacet
 facet normal  9.914449e-01 -1.305262e-01 -6.743044e-20
   outer loop
     vertex  1.563125e+02 -1.074738e+02  0.000000e+00
     vertex  1.563415e+02 -1.072538e+02  0.000000e+00
     vertex  1.563415e+02 -1.072538e+02  1.510000e+00
   endloop
 endfacet
 facet normal  9.914449e-01 -1.305262e-01  0.000000e+00
   outer loop
     vertex  1.563125e+02 -1.074738e+02  0.000000e+00
     vertex  1.563415e+02 -1.072538e+02  1.510000e+00
     vertex  1.563125e+02 -1.074738e+02  1.510000e+00
   endloop
 endfacet
 facet normal  9.914449e-01  1.305262e-01 -0.000000e+00
   outer loop
     vertex  1.563415e+02 -1.076937e+02  0.000000e+00
     vertex  1.563125e+02 -1.074738e+02  1.510000e+00
     vertex  1.563415e+02 -1.076937e+02  1.510000e+00
   endloop
 endfacet
 facet normal  9.914449e-01  1.305262e-01  6.743044e-20
   outer loop
     vertex  1.563415e+02 -1.076937e+02  0.000000e+00
     vertex  1.563125e+02 -1.074738e+02  0.000000e+00
     vertex  1.563125e+02 -1.074738e+02  1.510000e+00
   endloop
 endfacet
 facet normal  9.238795e-01  3.826834e-01 -0.000000e+00
   outer loop
     vertex  1.564264e+02 -1.078988e+02  0.000000e+00
     vertex  1.563415e+02 -1.076937e+02  1.510000e+00
     vertex  1.564264e+02 -1.078988e+02  1.510000e+00
   endloop
 endfacet
 facet normal  9.238795e-01  3.826834e-01 -4.852928e-18
   outer loop
     vertex  1.564264e+02 -1.078988e+02  0.000000e+00
     vertex  1.563415e+02 -1.076937e+02  0.000000e+00
     vertex  1.563415e+02 -1.076937e+02  1.510000e+00
   endloop
 endfacet
 facet normal  7.933533e-01  6.087614e-01  3.920906e-19
   outer loop
     vertex  1.565615e+02 -1.080748e+02  0.000000e+00
     vertex  1.564264e+02 -1.078988e+02  0.000000e+00
     vertex  1.564264e+02 -1.078988e+02  1.510000e+00
   endloop
 endfacet
 facet normal  6.087614e-01  7.933533e-01 -0.000000e+00
   outer loop
     vertex  1.565615e+02 -1.080748e+02  0.000000e+00
     vertex  1.565615e+02 -1.080748e+02  1.510000e+00
     vertex  1.567375e+02 -1.082099e+02  1.510000e+00
   endloop
 endfacet
 facet normal  7.933533e-01  6.087614e-01 -0.000000e+00
   outer loop
     vertex  1.565615e+02 -1.080748e+02  0.000000e+00
     vertex  1.564264e+02 -1.078988e+02  1.510000e+00
     vertex  1.565615e+02 -1.080748e+02  1.510000e+00
   endloop
 endfacet
 facet normal  6.087614e-01  7.933533e-01 -0.000000e+00
   outer loop
     vertex  1.567375e+02 -1.082099e+02  0.000000e+00
     vertex  1.565615e+02 -1.080748e+02  0.000000e+00
     vertex  1.567375e+02 -1.082099e+02  1.510000e+00
   endloop
 endfacet
 facet normal  1.305262e-01  9.914449e-01 -0.000000e+00
   outer loop
     vertex  1.569425e+02 -1.082948e+02  0.000000e+00
     vertex  1.569425e+02 -1.082948e+02  1.510000e+00
     vertex  1.571625e+02 -1.083238e+02  1.510000e+00
   endloop
 endfacet
 facet normal  3.826834e-01  9.238795e-01 -0.000000e+00
   outer loop
     vertex  1.569425e+02 -1.082948e+02  0.000000e+00
     vertex  1.567375e+02 -1.082099e+02  1.510000e+00
     vertex  1.569425e+02 -1.082948e+02  1.510000e+00
   endloop
 endfacet
 facet normal  3.826834e-01  9.238795e-01 -4.668127e-18
   outer loop
     vertex  1.569425e+02 -1.082948e+02  0.000000e+00
     vertex  1.567375e+02 -1.082099e+02  0.000000e+00
     vertex  1.567375e+02 -1.082099e+02  1.510000e+00
   endloop
 endfacet
 facet normal  1.305262e-01  9.914449e-01 -0.000000e+00
   outer loop
     vertex  1.571625e+02 -1.083238e+02  0.000000e+00
     vertex  1.569425e+02 -1.082948e+02  0.000000e+00
     vertex  1.571625e+02 -1.083238e+02  1.510000e+00
   endloop
 endfacet
 facet normal -1.305262e-01  9.914449e-01 -7.810433e-19
   outer loop
     vertex  1.576801e+02 -1.043256e+02  0.000000e+00
     vertex  1.571625e+02 -1.043937e+02  0.000000e+00
     vertex  1.571625e+02 -1.043937e+02  1.510000e+00
   endloop
 endfacet
 facet normal -1.305262e-01  9.914449e-01  0.000000e+00
   outer loop
     vertex  1.576801e+02 -1.043256e+02  0.000000e+00
     vertex  1.571625e+02 -1.043937e+02  1.510000e+00
     vertex  1.576801e+02 -1.043256e+02  1.510000e+00
   endloop
 endfacet
 facet normal -3.826834e-01  9.238795e-01  0.000000e+00
   outer loop
     vertex  1.581625e+02 -1.041258e+02  0.000000e+00
     vertex  1.576801e+02 -1.043256e+02  1.510000e+00
     vertex  1.581625e+02 -1.041258e+02  1.510000e+00
   endloop
 endfacet
 facet normal -3.826834e-01  9.238795e-01 -2.339562e-18
   outer loop
     vertex  1.581625e+02 -1.041258e+02  0.000000e+00
     vertex  1.576801e+02 -1.043256e+02  0.000000e+00
     vertex  1.576801e+02 -1.043256e+02  1.510000e+00
   endloop
 endfacet
 facet normal -6.087614e-01  7.933533e-01  0.000000e+00
   outer loop
     vertex  1.585767e+02 -1.038080e+02  0.000000e+00
     vertex  1.581625e+02 -1.041258e+02  1.510000e+00
     vertex  1.585767e+02 -1.038080e+02  1.510000e+00
   endloop
 endfacet
 facet normal -6.087614e-01  7.933533e-01 -1.623516e-17
   outer loop
     vertex  1.585767e+02 -1.038080e+02  0.000000e+00
     vertex  1.581625e+02 -1.041258e+02  0.000000e+00
     vertex  1.581625e+02 -1.041258e+02  1.510000e+00
   endloop
 endfacet
 facet normal -7.933533e-01  6.087614e-01  0.000000e+00
   outer loop
     vertex  1.588946e+02 -1.033937e+02  0.000000e+00
     vertex  1.585767e+02 -1.038080e+02  1.510000e+00
     vertex  1.588946e+02 -1.033937e+02  1.510000e+00
   endloop
 endfacet
 facet normal -7.933533e-01  6.087614e-01 -1.226948e-17
   outer loop
     vertex  1.588946e+02 -1.033937e+02  0.000000e+00
     vertex  1.585767e+02 -1.038080e+02  0.000000e+00
     vertex  1.585767e+02 -1.038080e+02  1.510000e+00
   endloop
 endfacet
 facet normal -9.238795e-01  3.826834e-01  0.000000e+00
   outer loop
     vertex  1.590944e+02 -1.029114e+02  0.000000e+00
     vertex  1.588946e+02 -1.033937e+02  1.510000e+00
     vertex  1.590944e+02 -1.029114e+02  1.510000e+00
   endloop
 endfacet
 facet normal -9.238795e-01  3.826834e-01  7.072051e-18
   outer loop
     vertex  1.590944e+02 -1.029114e+02  0.000000e+00
     vertex  1.588946e+02 -1.033937e+02  0.000000e+00
     vertex  1.588946e+02 -1.033937e+02  1.510000e+00
   endloop
 endfacet
 facet normal -9.914449e-01  1.305262e-01  0.000000e+00
   outer loop
     vertex  1.591625e+02 -1.023937e+02  0.000000e+00
     vertex  1.590944e+02 -1.029114e+02  1.510000e+00
     vertex  1.591625e+02 -1.023937e+02  1.510000e+00
   endloop
 endfacet
 facet normal -9.914449e-01  1.305262e-01  3.022819e-18
   outer loop
     vertex  1.591625e+02 -1.023937e+02  0.000000e+00
     vertex  1.590944e+02 -1.029114e+02  0.000000e+00
     vertex  1.590944e+02 -1.029114e+02  1.510000e+00
   endloop
 endfacet
 facet normal -9.914449e-01 -1.305262e-01  0.000000e+00
   outer loop
     vertex  1.590944e+02 -1.018761e+02  0.000000e+00
     vertex  1.591625e+02 -1.023937e+02  1.510000e+00
     vertex  1.590944e+02 -1.018761e+02  1.510000e+00
   endloop
 endfacet
 facet normal -9.914449e-01 -1.305262e-01 -3.022819e-18
   outer loop
     vertex  1.590944e+02 -1.018761e+02  0.000000e+00
     vertex  1.591625e+02 -1.023937e+02  0.000000e+00
     vertex  1.591625e+02 -1.023937e+02  1.510000e+00
   endloop
 endfacet
 facet normal -9.238795e-01 -3.826834e-01  0.000000e+00
   outer loop
     vertex  1.588946e+02 -1.013937e+02  0.000000e+00
     vertex  1.590944e+02 -1.018761e+02  1.510000e+00
     vertex  1.588946e+02 -1.013937e+02  1.510000e+00
   endloop
 endfacet
 facet normal -9.238795e-01 -3.826834e-01 -7.072051e-18
   outer loop
     vertex  1.588946e+02 -1.013937e+02  0.000000e+00
     vertex  1.590944e+02 -1.018761e+02  0.000000e+00
     vertex  1.590944e+02 -1.018761e+02  1.510000e+00
   endloop
 endfacet
 facet normal -7.933533e-01 -6.087614e-01  0.000000e+00
   outer loop
     vertex  1.585767e+02 -1.009795e+02  0.000000e+00
     vertex  1.588946e+02 -1.013937e+02  1.510000e+00
     vertex  1.585767e+02 -1.009795e+02  1.510000e+00
   endloop
 endfacet
 facet normal -7.933533e-01 -6.087614e-01  1.226948e-17
   outer loop
     vertex  1.585767e+02 -1.009795e+02  0.000000e+00
     vertex  1.588946e+02 -1.013937e+02  0.000000e+00
     vertex  1.588946e+02 -1.013937e+02  1.510000e+00
   endloop
 endfacet
 facet normal -6.087614e-01 -7.933533e-01  0.000000e+00
   outer loop
     vertex  1.581625e+02 -1.006617e+02  0.000000e+00
     vertex  1.585767e+02 -1.009795e+02  1.510000e+00
     vertex  1.581625e+02 -1.006617e+02  1.510000e+00
   endloop
 endfacet
 facet normal -6.087614e-01 -7.933533e-01  1.623516e-17
   outer loop
     vertex  1.581625e+02 -1.006617e+02  0.000000e+00
     vertex  1.585767e+02 -1.009795e+02  0.000000e+00
     vertex  1.585767e+02 -1.009795e+02  1.510000e+00
   endloop
 endfacet
 facet normal -1.305262e-01 -9.914449e-01  0.000000e+00
   outer loop
     vertex  1.576801e+02 -1.004619e+02  0.000000e+00
     vertex  1.576801e+02 -1.004619e+02  1.510000e+00
     vertex  1.571625e+02 -1.003937e+02  1.510000e+00
   endloop
 endfacet
 facet normal -3.826834e-01 -9.238795e-01  0.000000e+00
   outer loop
     vertex  1.576801e+02 -1.004619e+02  0.000000e+00
     vertex  1.581625e+02 -1.006617e+02  1.510000e+00
     vertex  1.576801e+02 -1.004619e+02  1.510000e+00
   endloop
 endfacet
 facet normal -3.826834e-01 -9.238795e-01  2.339562e-18
   outer loop
     vertex  1.576801e+02 -1.004619e+02  0.000000e+00
     vertex  1.581625e+02 -1.006617e+02  0.000000e+00
     vertex  1.581625e+02 -1.006617e+02  1.510000e+00
   endloop
 endfacet
 facet normal -1.305262e-01 -9.914449e-01  0.000000e+00
   outer loop
     vertex  1.571625e+02 -1.003937e+02  0.000000e+00
     vertex  1.576801e+02 -1.004619e+02  0.000000e+00
     vertex  1.571625e+02 -1.003937e+02  1.510000e+00
   endloop
 endfacet
 facet normal  1.305262e-01 -9.914449e-01 -7.810433e-19
   outer loop
     vertex  1.566449e+02 -1.004619e+02  0.000000e+00
     vertex  1.571625e+02 -1.003937e+02  0.000000e+00
     vertex  1.571625e+02 -1.003937e+02  1.510000e+00
   endloop
 endfacet
 facet normal  1.305262e-01 -9.914449e-01  0.000000e+00
   outer loop
     vertex  1.566449e+02 -1.004619e+02  0.000000e+00
     vertex  1.571625e+02 -1.003937e+02  1.510000e+00
     vertex  1.566449e+02 -1.004619e+02  1.510000e+00
   endloop
 endfacet
 facet normal  3.826834e-01 -9.238795e-01 -2.339562e-18
   outer loop
     vertex  1.561625e+02 -1.006617e+02  0.000000e+00
     vertex  1.566449e+02 -1.004619e+02  0.000000e+00
     vertex  1.566449e+02 -1.004619e+02  1.510000e+00
   endloop
 endfacet
 facet normal  3.826834e-01 -9.238795e-01  0.000000e+00
   outer loop
     vertex  1.561625e+02 -1.006617e+02  0.000000e+00
     vertex  1.566449e+02 -1.004619e+02  1.510000e+00
     vertex  1.561625e+02 -1.006617e+02  1.510000e+00
   endloop
 endfacet
 facet normal  6.087614e-01 -7.933533e-01 -1.623516e-17
   outer loop
     vertex  1.557483e+02 -1.009795e+02  0.000000e+00
     vertex  1.561625e+02 -1.006617e+02  0.000000e+00
     vertex  1.561625e+02 -1.006617e+02  1.510000e+00
   endloop
 endfacet
 facet normal  7.933533e-01 -6.087614e-01  0.000000e+00
   outer loop
     vertex  1.557483e+02 -1.009795e+02  0.000000e+00
     vertex  1.557483e+02 -1.009795e+02  1.510000e+00
     vertex  1.554304e+02 -1.013937e+02  1.510000e+00
   endloop
 endfacet
 facet normal  6.087614e-01 -7.933533e-01  0.000000e+00
   outer loop
     vertex  1.557483e+02 -1.009795e+02  0.000000e+00
     vertex  1.561625e+02 -1.006617e+02  1.510000e+00
     vertex  1.557483e+02 -1.009795e+02  1.510000e+00
   endloop
 endfacet
 facet normal  7.933533e-01 -6.087614e-01  0.000000e+00
   outer loop
     vertex  1.554304e+02 -1.013937e+02  0.000000e+00
     vertex  1.557483e+02 -1.009795e+02  0.000000e+00
     vertex  1.554304e+02 -1.013937e+02  1.510000e+00
   endloop
 endfacet
 facet normal  9.238795e-01 -3.826834e-01  7.072051e-18
   outer loop
     vertex  1.552306e+02 -1.018761e+02  0.000000e+00
     vertex  1.554304e+02 -1.013937e+02  0.000000e+00
     vertex  1.554304e+02 -1.013937e+02  1.510000e+00
   endloop
 endfacet
 facet normal  9.238795e-01 -3.826834e-01  0.000000e+00
   outer loop
     vertex  1.552306e+02 -1.018761e+02  0.000000e+00
     vertex  1.554304e+02 -1.013937e+02  1.510000e+00
     vertex  1.552306e+02 -1.018761e+02  1.510000e+00
   endloop
 endfacet
 facet normal  9.914449e-01 -1.305262e-01  3.022819e-18
   outer loop
     vertex  1.551625e+02 -1.023937e+02  0.000000e+00
     vertex  1.552306e+02 -1.018761e+02  0.000000e+00
     vertex  1.552306e+02 -1.018761e+02  1.510000e+00
   endloop
 endfacet
 facet normal  9.914449e-01 -1.305262e-01  0.000000e+00
   outer loop
     vertex  1.551625e+02 -1.023937e+02  0.000000e+00
     vertex  1.552306e+02 -1.018761e+02  1.510000e+00
     vertex  1.551625e+02 -1.023937e+02  1.510000e+00
   endloop
 endfacet
 facet normal  9.914449e-01  1.305262e-01 -0.000000e+00
   outer loop
     vertex  1.552306e+02 -1.029114e+02  0.000000e+00
     vertex  1.551625e+02 -1.023937e+02  1.510000e+00
     vertex  1.552306e+02 -1.029114e+02  1.510000e+00
   endloop
 endfacet
 facet normal  9.914449e-01  1.305262e-01 -3.022819e-18
   outer loop
     vertex  1.552306e+02 -1.029114e+02  0.000000e+00
     vertex  1.551625e+02 -1.023937e+02  0.000000e+00
     vertex  1.551625e+02 -1.023937e+02  1.510000e+00
   endloop
 endfacet
 facet normal  9.238795e-01  3.826834e-01 -0.000000e+00
   outer loop
     vertex  1.554304e+02 -1.033937e+02  0.000000e+00
     vertex  1.552306e+02 -1.029114e+02  1.510000e+00
     vertex  1.554304e+02 -1.033937e+02  1.510000e+00
   endloop
 endfacet
 facet normal  9.238795e-01  3.826834e-01 -7.072051e-18
   outer loop
     vertex  1.554304e+02 -1.033937e+02  0.000000e+00
     vertex  1.552306e+02 -1.029114e+02  0.000000e+00
     vertex  1.552306e+02 -1.029114e+02  1.510000e+00
   endloop
 endfacet
 facet normal  7.933533e-01  6.087614e-01  1.226948e-17
   outer loop
     vertex  1.557483e+02 -1.038080e+02  0.000000e+00
     vertex  1.554304e+02 -1.033937e+02  0.000000e+00
     vertex  1.554304e+02 -1.033937e+02  1.510000e+00
   endloop
 endfacet
 facet normal  6.087614e-01  7.933533e-01 -0.000000e+00
   outer loop
     vertex  1.557483e+02 -1.038080e+02  0.000000e+00
     vertex  1.557483e+02 -1.038080e+02  1.510000e+00
     vertex  1.561625e+02 -1.041258e+02  1.510000e+00
   endloop
 endfacet
 facet normal  7.933533e-01  6.087614e-01 -0.000000e+00
   outer loop
     vertex  1.557483e+02 -1.038080e+02  0.000000e+00
     vertex  1.554304e+02 -1.033937e+02  1.510000e+00
     vertex  1.557483e+02 -1.038080e+02  1.510000e+00
   endloop
 endfacet
 facet normal  6.087614e-01  7.933533e-01 -0.000000e+00
   outer loop
     vertex  1.561625e+02 -1.041258e+02  0.000000e+00
     vertex  1.557483e+02 -1.038080e+02  0.000000e+00
     vertex  1.561625e+02 -1.041258e+02  1.510000e+00
   endloop
 endfacet
 facet normal  1.305262e-01  9.914449e-01 -0.000000e+00
   outer loop
     vertex  1.566449e+02 -1.043256e+02  0.000000e+00
     vertex  1.566449e+02 -1.043256e+02  1.510000e+00
     vertex  1.571625e+02 -1.043937e+02  1.510000e+00
   endloop
 endfacet
 facet normal  3.826834e-01  9.238795e-01 -0.000000e+00
   outer loop
     vertex  1.566449e+02 -1.043256e+02  0.000000e+00
     vertex  1.561625e+02 -1.041258e+02  1.510000e+00
     vertex  1.566449e+02 -1.043256e+02  1.510000e+00
   endloop
 endfacet
 facet normal  3.826834e-01  9.238795e-01  2.339562e-18
   outer loop
     vertex  1.566449e+02 -1.043256e+02  0.000000e+00
     vertex  1.561625e+02 -1.041258e+02  0.000000e+00
     vertex  1.561625e+02 -1.041258e+02  1.510000e+00
   endloop
 endfacet
 facet normal  1.305262e-01  9.914449e-01 -0.000000e+00
   outer loop
     vertex  1.571625e+02 -1.043937e+02  0.000000e+00
     vertex  1.566449e+02 -1.043256e+02  0.000000e+00
     vertex  1.571625e+02 -1.043937e+02  1.510000e+00
   endloop
 endfacet
 facet normal -1.305262e-01  9.914449e-01 -1.282623e-18
   outer loop
     vertex  1.383325e+02 -9.813479e+01  0.000000e+00
     vertex  1.381125e+02 -9.816375e+01  0.000000e+00
     vertex  1.381125e+02 -9.816375e+01  1.510000e+00
   endloop
 endfacet
 facet normal -1.305262e-01  9.914449e-01  0.000000e+00
   outer loop
     vertex  1.383325e+02 -9.813479e+01  0.000000e+00
     vertex  1.381125e+02 -9.816375e+01  1.510000e+00
     vertex  1.383325e+02 -9.813479e+01  1.510000e+00
   endloop
 endfacet
 facet normal -3.826834e-01  9.238795e-01  0.000000e+00
   outer loop
     vertex  1.385375e+02 -9.804987e+01  0.000000e+00
     vertex  1.383325e+02 -9.813479e+01  1.510000e+00
     vertex  1.385375e+02 -9.804987e+01  1.510000e+00
   endloop
 endfacet
 facet normal -3.826834e-01  9.238795e-01 -2.349918e-18
   outer loop
     vertex  1.385375e+02 -9.804987e+01  0.000000e+00
     vertex  1.383325e+02 -9.813479e+01  0.000000e+00
     vertex  1.383325e+02 -9.813479e+01  1.510000e+00
   endloop
 endfacet
 facet normal -6.087614e-01  7.933533e-01  0.000000e+00
   outer loop
     vertex  1.387135e+02 -9.791479e+01  0.000000e+00
     vertex  1.385375e+02 -9.804987e+01  1.510000e+00
     vertex  1.387135e+02 -9.791479e+01  1.510000e+00
   endloop
 endfacet
 facet normal -6.087614e-01  7.933533e-01 -2.754066e-18
   outer loop
     vertex  1.387135e+02 -9.791479e+01  0.000000e+00
     vertex  1.385375e+02 -9.804987e+01  0.000000e+00
     vertex  1.385375e+02 -9.804987e+01  1.510000e+00
   endloop
 endfacet
 facet normal -7.933533e-01  6.087614e-01  0.000000e+00
   outer loop
     vertex  1.388486e+02 -9.773875e+01  0.000000e+00
     vertex  1.387135e+02 -9.791479e+01  1.510000e+00
     vertex  1.388486e+02 -9.773875e+01  1.510000e+00
   endloop
 endfacet
 facet normal -7.933533e-01  6.087614e-01  3.925969e-18
   outer loop
     vertex  1.388486e+02 -9.773875e+01  0.000000e+00
     vertex  1.387135e+02 -9.791479e+01  0.000000e+00
     vertex  1.387135e+02 -9.791479e+01  1.510000e+00
   endloop
 endfacet
 facet normal -9.238795e-01  3.826834e-01  0.000000e+00
   outer loop
     vertex  1.389335e+02 -9.753375e+01  0.000000e+00
     vertex  1.388486e+02 -9.773875e+01  1.510000e+00
     vertex  1.389335e+02 -9.753375e+01  1.510000e+00
   endloop
 endfacet
 facet normal -9.238795e-01  3.826834e-01  2.735022e-18
   outer loop
     vertex  1.389335e+02 -9.753375e+01  0.000000e+00
     vertex  1.388486e+02 -9.773875e+01  0.000000e+00
     vertex  1.388486e+02 -9.773875e+01  1.510000e+00
   endloop
 endfacet
 facet normal -9.914449e-01  1.305262e-01  0.000000e+00
   outer loop
     vertex  1.389625e+02 -9.731375e+01  0.000000e+00
     vertex  1.389335e+02 -9.753375e+01  1.510000e+00
     vertex  1.389625e+02 -9.731375e+01  1.510000e+00
   endloop
 endfacet
 facet normal -9.914449e-01  1.305262e-01  8.791743e-19
   outer loop
     vertex  1.389625e+02 -9.731375e+01  0.000000e+00
     vertex  1.389335e+02 -9.753375e+01  0.000000e+00
     vertex  1.389335e+02 -9.753375e+01  1.510000e+00
   endloop
 endfacet
 facet normal -9.914449e-01 -1.305262e-01  0.000000e+00
   outer loop
     vertex  1.389335e+02 -9.709375e+01  0.000000e+00
     vertex  1.389625e+02 -9.731375e+01  1.510000e+00
     vertex  1.389335e+02 -9.709375e+01  1.510000e+00
   endloop
 endfacet
 facet normal -9.914449e-01 -1.305262e-01 -8.791743e-19
   outer loop
     vertex  1.389335e+02 -9.709375e+01  0.000000e+00
     vertex  1.389625e+02 -9.731375e+01  0.000000e+00
     vertex  1.389625e+02 -9.731375e+01  1.510000e+00
   endloop
 endfacet
 facet normal -9.238795e-01 -3.826834e-01  0.000000e+00
   outer loop
     vertex  1.388486e+02 -9.688875e+01  0.000000e+00
     vertex  1.389335e+02 -9.709375e+01  1.510000e+00
     vertex  1.388486e+02 -9.688875e+01  1.510000e+00
   endloop
 endfacet
 facet normal -9.238795e-01 -3.826834e-01 -2.735022e-18
   outer loop
     vertex  1.388486e+02 -9.688875e+01  0.000000e+00
     vertex  1.389335e+02 -9.709375e+01  0.000000e+00
     vertex  1.389335e+02 -9.709375e+01  1.510000e+00
   endloop
 endfacet
 facet normal -7.933533e-01 -6.087614e-01  0.000000e+00
   outer loop
     vertex  1.387135e+02 -9.671271e+01  0.000000e+00
     vertex  1.388486e+02 -9.688875e+01  1.510000e+00
     vertex  1.387135e+02 -9.671271e+01  1.510000e+00
   endloop
 endfacet
 facet normal -7.933533e-01 -6.087614e-01 -3.925969e-18
   outer loop
     vertex  1.387135e+02 -9.671271e+01  0.000000e+00
     vertex  1.388486e+02 -9.688875e+01  0.000000e+00
     vertex  1.388486e+02 -9.688875e+01  1.510000e+00
   endloop
 endfacet
 facet normal -6.087614e-01 -7.933533e-01  0.000000e+00
   outer loop
     vertex  1.385375e+02 -9.657763e+01  0.000000e+00
     vertex  1.387135e+02 -9.671271e+01  1.510000e+00
     vertex  1.385375e+02 -9.657763e+01  1.510000e+00
   endloop
 endfacet
 facet normal -6.087614e-01 -7.933533e-01  2.754066e-18
   outer loop
     vertex  1.385375e+02 -9.657763e+01  0.000000e+00
     vertex  1.387135e+02 -9.671271e+01  0.000000e+00
     vertex  1.387135e+02 -9.671271e+01  1.510000e+00
   endloop
 endfacet
 facet normal -1.305262e-01 -9.914449e-01  0.000000e+00
   outer loop
     vertex  1.383325e+02 -9.649271e+01  0.000000e+00
     vertex  1.383325e+02 -9.649271e+01  1.510000e+00
     vertex  1.381125e+02 -9.646375e+01  1.510000e+00
   endloop
 endfacet
 facet normal -3.826834e-01 -9.238795e-01  0.000000e+00
   outer loop
     vertex  1.383325e+02 -9.649271e+01  0.000000e+00
     vertex  1.385375e+02 -9.657763e+01  1.510000e+00
     vertex  1.383325e+02 -9.649271e+01  1.510000e+00
   endloop
 endfacet
 facet normal -3.826834e-01 -9.238795e-01  2.349918e-18
   outer loop
     vertex  1.383325e+02 -9.649271e+01  0.000000e+00
     vertex  1.385375e+02 -9.657763e+01  0.000000e+00
     vertex  1.385375e+02 -9.657763e+01  1.510000e+00
   endloop
 endfacet
 facet normal -1.305262e-01 -9.914449e-01  0.000000e+00
   outer loop
     vertex  1.381125e+02 -9.646375e+01  0.000000e+00
     vertex  1.383325e+02 -9.649271e+01  0.000000e+00
     vertex  1.381125e+02 -9.646375e+01  1.510000e+00
   endloop
 endfacet
 facet normal  1.305262e-01 -9.914449e-01 -1.282623e-18
   outer loop
     vertex  1.378925e+02 -9.649271e+01  0.000000e+00
     vertex  1.381125e+02 -9.646375e+01  0.000000e+00
     vertex  1.381125e+02 -9.646375e+01  1.510000e+00
   endloop
 endfacet
 facet normal  1.305262e-01 -9.914449e-01  0.000000e+00
   outer loop
     vertex  1.378925e+02 -9.649271e+01  0.000000e+00
     vertex  1.381125e+02 -9.646375e+01  1.510000e+00
     vertex  1.378925e+02 -9.649271e+01  1.510000e+00
   endloop
 endfacet
 facet normal  3.826834e-01 -9.238795e-01 -2.349918e-18
   outer loop
     vertex  1.376875e+02 -9.657763e+01  0.000000e+00
     vertex  1.378925e+02 -9.649271e+01  0.000000e+00
     vertex  1.378925e+02 -9.649271e+01  1.510000e+00
   endloop
 endfacet
 facet normal  3.826834e-01 -9.238795e-01  0.000000e+00
   outer loop
     vertex  1.376875e+02 -9.657763e+01  0.000000e+00
     vertex  1.378925e+02 -9.649271e+01  1.510000e+00
     vertex  1.376875e+02 -9.657763e+01  1.510000e+00
   endloop
 endfacet
 facet normal  6.087614e-01 -7.933533e-01 -2.754066e-18
   outer loop
     vertex  1.375115e+02 -9.671271e+01  0.000000e+00
     vertex  1.376875e+02 -9.657763e+01  0.000000e+00
     vertex  1.376875e+02 -9.657763e+01  1.510000e+00
   endloop
 endfacet
 facet normal  7.933533e-01 -6.087614e-01  0.000000e+00
   outer loop
     vertex  1.375115e+02 -9.671271e+01  0.000000e+00
     vertex  1.375115e+02 -9.671271e+01  1.510000e+00
     vertex  1.373764e+02 -9.688875e+01  1.510000e+00
   endloop
 endfacet
 facet normal  6.087614e-01 -7.933533e-01  0.000000e+00
   outer loop
     vertex  1.375115e+02 -9.671271e+01  0.000000e+00
     vertex  1.376875e+02 -9.657763e+01  1.510000e+00
     vertex  1.375115e+02 -9.671271e+01  1.510000e+00
   endloop
 endfacet
 facet normal  7.933533e-01 -6.087614e-01  0.000000e+00
   outer loop
     vertex  1.373764e+02 -9.688875e+01  0.000000e+00
     vertex  1.375115e+02 -9.671271e+01  0.000000e+00
     vertex  1.373764e+02 -9.688875e+01  1.510000e+00
   endloop
 endfacet
 facet normal  9.238795e-01 -3.826834e-01  2.735022e-18
   outer loop
     vertex  1.372915e+02 -9.709375e+01  0.000000e+00
     vertex  1.373764e+02 -9.688875e+01  0.000000e+00
     vertex  1.373764e+02 -9.688875e+01  1.510000e+00
   endloop
 endfacet
 facet normal  9.238795e-01 -3.826834e-01  0.000000e+00
   outer loop
     vertex  1.372915e+02 -9.709375e+01  0.000000e+00
     vertex  1.373764e+02 -9.688875e+01  1.510000e+00
     vertex  1.372915e+02 -9.709375e+01  1.510000e+00
   endloop
 endfacet
 facet normal  9.914449e-01 -1.305262e-01  8.791743e-19
   outer loop
     vertex  1.372625e+02 -9.731375e+01  0.000000e+00
     vertex  1.372915e+02 -9.709375e+01  0.000000e+00
     vertex  1.372915e+02 -9.709375e+01  1.510000e+00
   endloop
 endfacet
 facet normal  9.914449e-01 -1.305262e-01  0.000000e+00
   outer loop
     vertex  1.372625e+02 -9.731375e+01  0.000000e+00
     vertex  1.372915e+02 -9.709375e+01  1.510000e+00
     vertex  1.372625e+02 -9.731375e+01  1.510000e+00
   endloop
 endfacet
 facet normal  9.914449e-01  1.305262e-01 -0.000000e+00
   outer loop
     vertex  1.372915e+02 -9.753375e+01  0.000000e+00
     vertex  1.372625e+02 -9.731375e+01  1.510000e+00
     vertex  1.372915e+02 -9.753375e+01  1.510000e+00
   endloop
 endfacet
 facet normal  9.914449e-01  1.305262e-01 -8.791743e-19
   outer loop
     vertex  1.372915e+02 -9.753375e+01  0.000000e+00
     vertex  1.372625e+02 -9.731375e+01  0.000000e+00
     vertex  1.372625e+02 -9.731375e+01  1.510000e+00
   endloop
 endfacet
 facet normal  9.238795e-01  3.826834e-01 -0.000000e+00
   outer loop
     vertex  1.373764e+02 -9.773875e+01  0.000000e+00
     vertex  1.372915e+02 -9.753375e+01  1.510000e+00
     vertex  1.373764e+02 -9.773875e+01  1.510000e+00
   endloop
 endfacet
 facet normal  9.238795e-01  3.826834e-01 -8.019169e-19
   outer loop
     vertex  1.373764e+02 -9.773875e+01  0.000000e+00
     vertex  1.372915e+02 -9.753375e+01  0.000000e+00
     vertex  1.372915e+02 -9.753375e+01  1.510000e+00
   endloop
 endfacet
 facet normal  7.933533e-01  6.087614e-01 -9.119650e-19
   outer loop
     vertex  1.375115e+02 -9.791479e+01  0.000000e+00
     vertex  1.373764e+02 -9.773875e+01  0.000000e+00
     vertex  1.373764e+02 -9.773875e+01  1.510000e+00
   endloop
 endfacet
 facet normal  6.087614e-01  7.933533e-01 -0.000000e+00
   outer loop
     vertex  1.375115e+02 -9.791479e+01  0.000000e+00
     vertex  1.375115e+02 -9.791479e+01  1.510000e+00
     vertex  1.376875e+02 -9.804987e+01  1.510000e+00
   endloop
 endfacet
 facet normal  7.933533e-01  6.087614e-01 -0.000000e+00
   outer loop
     vertex  1.375115e+02 -9.791479e+01  0.000000e+00
     vertex  1.373764e+02 -9.773875e+01  1.510000e+00
     vertex  1.375115e+02 -9.791479e+01  1.510000e+00
   endloop
 endfacet
 facet normal  6.087614e-01  7.933533e-01 -0.000000e+00
   outer loop
     vertex  1.376875e+02 -9.804987e+01  0.000000e+00
     vertex  1.375115e+02 -9.791479e+01  0.000000e+00
     vertex  1.376875e+02 -9.804987e+01  1.510000e+00
   endloop
 endfacet
 facet normal  1.305262e-01  9.914449e-01 -0.000000e+00
   outer loop
     vertex  1.378925e+02 -9.813479e+01  0.000000e+00
     vertex  1.378925e+02 -9.813479e+01  1.510000e+00
     vertex  1.381125e+02 -9.816375e+01  1.510000e+00
   endloop
 endfacet
 facet normal  3.826834e-01  9.238795e-01 -0.000000e+00
   outer loop
     vertex  1.378925e+02 -9.813479e+01  0.000000e+00
     vertex  1.376875e+02 -9.804987e+01  1.510000e+00
     vertex  1.378925e+02 -9.813479e+01  1.510000e+00
   endloop
 endfacet
 facet normal  3.826834e-01  9.238795e-01  2.349918e-18
   outer loop
     vertex  1.378925e+02 -9.813479e+01  0.000000e+00
     vertex  1.376875e+02 -9.804987e+01  0.000000e+00
     vertex  1.376875e+02 -9.804987e+01  1.510000e+00
   endloop
 endfacet
 facet normal  1.305262e-01  9.914449e-01 -0.000000e+00
   outer loop
     vertex  1.381125e+02 -9.816375e+01  0.000000e+00
     vertex  1.378925e+02 -9.813479e+01  0.000000e+00
     vertex  1.381125e+02 -9.816375e+01  1.510000e+00
   endloop
 endfacet
 facet normal -1.305262e-01  9.914449e-01 -1.119139e-18
   outer loop
     vertex  1.408466e+02 -9.930819e+01  0.000000e+00
     vertex  1.406525e+02 -9.933375e+01  0.000000e+00
     vertex  1.406525e+02 -9.933375e+01  1.510000e+00
   endloop
 endfacet
 facet normal -1.305262e-01  9.914449e-01  0.000000e+00
   outer loop
     vertex  1.408466e+02 -9.930819e+01  0.000000e+00
     vertex  1.406525e+02 -9.933375e+01  1.510000e+00
     vertex  1.408466e+02 -9.930819e+01  1.510000e+00
   endloop
 endfacet
 facet normal -3.826834e-01  9.238795e-01  0.000000e+00
   outer loop
     vertex  1.410275e+02 -9.923327e+01  0.000000e+00
     vertex  1.408466e+02 -9.930819e+01  1.510000e+00
     vertex  1.410275e+02 -9.923327e+01  1.510000e+00
   endloop
 endfacet
 facet normal -3.826834e-01  9.238795e-01 -6.208025e-19
   outer loop
     vertex  1.410275e+02 -9.923327e+01  0.000000e+00
     vertex  1.408466e+02 -9.930819e+01  0.000000e+00
     vertex  1.408466e+02 -9.930819e+01  1.510000e+00
   endloop
 endfacet
 facet normal -6.087614e-01  7.933533e-01  0.000000e+00
   outer loop
     vertex  1.411828e+02 -9.911408e+01  0.000000e+00
     vertex  1.410275e+02 -9.923327e+01  1.510000e+00
     vertex  1.411828e+02 -9.911408e+01  1.510000e+00
   endloop
 endfacet
 facet normal -6.087614e-01  7.933533e-01 -1.151030e-19
   outer loop
     vertex  1.411828e+02 -9.911408e+01  0.000000e+00
     vertex  1.410275e+02 -9.923327e+01  0.000000e+00
     vertex  1.410275e+02 -9.923327e+01  1.510000e+00
   endloop
 endfacet
 facet normal -7.933533e-01  6.087614e-01  0.000000e+00
   outer loop
     vertex  1.413020e+02 -9.895875e+01  0.000000e+00
     vertex  1.411828e+02 -9.911408e+01  1.510000e+00
     vertex  1.413020e+02 -9.895875e+01  1.510000e+00
   endloop
 endfacet
 facet normal -7.933533e-01  6.087614e-01  2.607861e-18
   outer loop
     vertex  1.413020e+02 -9.895875e+01  0.000000e+00
     vertex  1.411828e+02 -9.911408e+01  0.000000e+00
     vertex  1.411828e+02 -9.911408e+01  1.510000e+00
   endloop
 endfacet
 facet normal -9.238795e-01  3.826834e-01  0.000000e+00
   outer loop
     vertex  1.413769e+02 -9.877786e+01  0.000000e+00
     vertex  1.413020e+02 -9.895875e+01  1.510000e+00
     vertex  1.413769e+02 -9.877786e+01  1.510000e+00
   endloop
 endfacet
 facet normal -9.238795e-01  3.826834e-01  2.982014e-19
   outer loop
     vertex  1.413769e+02 -9.877786e+01  0.000000e+00
     vertex  1.413020e+02 -9.895875e+01  0.000000e+00
     vertex  1.413020e+02 -9.895875e+01  1.510000e+00
   endloop
 endfacet
 facet normal -9.914449e-01  1.305262e-01  0.000000e+00
   outer loop
     vertex  1.414025e+02 -9.858375e+01  0.000000e+00
     vertex  1.413769e+02 -9.877786e+01  1.510000e+00
     vertex  1.414025e+02 -9.858375e+01  1.510000e+00
   endloop
 endfacet
 facet normal -9.914449e-01  1.305262e-01  8.317954e-19
   outer loop
     vertex  1.414025e+02 -9.858375e+01  0.000000e+00
     vertex  1.413769e+02 -9.877786e+01  0.000000e+00
     vertex  1.413769e+02 -9.877786e+01  1.510000e+00
   endloop
 endfacet
 facet normal -9.914449e-01 -1.305262e-01  0.000000e+00
   outer loop
     vertex  1.413769e+02 -9.838964e+01  0.000000e+00
     vertex  1.414025e+02 -9.858375e+01  1.510000e+00
     vertex  1.413769e+02 -9.838964e+01  1.510000e+00
   endloop
 endfacet
 facet normal -9.914449e-01 -1.305262e-01 -8.317954e-19
   outer loop
     vertex  1.413769e+02 -9.838964e+01  0.000000e+00
     vertex  1.414025e+02 -9.858375e+01  0.000000e+00
     vertex  1.414025e+02 -9.858375e+01  1.510000e+00
   endloop
 endfacet
 facet normal -9.238795e-01 -3.826834e-01  0.000000e+00
   outer loop
     vertex  1.413020e+02 -9.820875e+01  0.000000e+00
     vertex  1.413769e+02 -9.838964e+01  1.510000e+00
     vertex  1.413020e+02 -9.820875e+01  1.510000e+00
   endloop
 endfacet
 facet normal -9.238795e-01 -3.826834e-01 -2.982014e-19
   outer loop
     vertex  1.413020e+02 -9.820875e+01  0.000000e+00
     vertex  1.413769e+02 -9.838964e+01  0.000000e+00
     vertex  1.413769e+02 -9.838964e+01  1.510000e+00
   endloop
 endfacet
 facet normal -7.933533e-01 -6.087614e-01  0.000000e+00
   outer loop
     vertex  1.411828e+02 -9.805342e+01  0.000000e+00
     vertex  1.413020e+02 -9.820875e+01  1.510000e+00
     vertex  1.411828e+02 -9.805342e+01  1.510000e+00
   endloop
 endfacet
 facet normal -7.933533e-01 -6.087614e-01 -2.607861e-18
   outer loop
     vertex  1.411828e+02 -9.805342e+01  0.000000e+00
     vertex  1.413020e+02 -9.820875e+01  0.000000e+00
     vertex  1.413020e+02 -9.820875e+01  1.510000e+00
   endloop
 endfacet
 facet normal -6.087614e-01 -7.933533e-01  0.000000e+00
   outer loop
     vertex  1.410275e+02 -9.793423e+01  0.000000e+00
     vertex  1.411828e+02 -9.805342e+01  1.510000e+00
     vertex  1.410275e+02 -9.793423e+01  1.510000e+00
   endloop
 endfacet
 facet normal -6.087614e-01 -7.933533e-01  1.151030e-19
   outer loop
     vertex  1.410275e+02 -9.793423e+01  0.000000e+00
     vertex  1.411828e+02 -9.805342e+01  0.000000e+00
     vertex  1.411828e+02 -9.805342e+01  1.510000e+00
   endloop
 endfacet
 facet normal -1.305262e-01 -9.914449e-01  0.000000e+00
   outer loop
     vertex  1.408466e+02 -9.785931e+01  0.000000e+00
     vertex  1.408466e+02 -9.785931e+01  1.510000e+00
     vertex  1.406525e+02 -9.783375e+01  1.510000e+00
   endloop
 endfacet
 facet normal -3.826834e-01 -9.238795e-01  0.000000e+00
   outer loop
     vertex  1.408466e+02 -9.785931e+01  0.000000e+00
     vertex  1.410275e+02 -9.793423e+01  1.510000e+00
     vertex  1.408466e+02 -9.785931e+01  1.510000e+00
   endloop
 endfacet
 facet normal -3.826834e-01 -9.238795e-01 -2.761264e-18
   outer loop
     vertex  1.408466e+02 -9.785931e+01  0.000000e+00
     vertex  1.410275e+02 -9.793423e+01  0.000000e+00
     vertex  1.410275e+02 -9.793423e+01  1.510000e+00
   endloop
 endfacet
 facet normal -1.305262e-01 -9.914449e-01  0.000000e+00
   outer loop
     vertex  1.406525e+02 -9.783375e+01  0.000000e+00
     vertex  1.408466e+02 -9.785931e+01  0.000000e+00
     vertex  1.406525e+02 -9.783375e+01  1.510000e+00
   endloop
 endfacet
 facet normal  1.305262e-01 -9.914449e-01  6.209331e-19
   outer loop
     vertex  1.404584e+02 -9.785931e+01  0.000000e+00
     vertex  1.406525e+02 -9.783375e+01  0.000000e+00
     vertex  1.406525e+02 -9.783375e+01  1.510000e+00
   endloop
 endfacet
 facet normal  1.305262e-01 -9.914449e-01  0.000000e+00
   outer loop
     vertex  1.404584e+02 -9.785931e+01  0.000000e+00
     vertex  1.406525e+02 -9.783375e+01  1.510000e+00
     vertex  1.404584e+02 -9.785931e+01  1.510000e+00
   endloop
 endfacet
 facet normal  3.826834e-01 -9.238795e-01  2.761264e-18
   outer loop
     vertex  1.402775e+02 -9.793423e+01  0.000000e+00
     vertex  1.404584e+02 -9.785931e+01  0.000000e+00
     vertex  1.404584e+02 -9.785931e+01  1.510000e+00
   endloop
 endfacet
 facet normal  3.826834e-01 -9.238795e-01  0.000000e+00
   outer loop
     vertex  1.402775e+02 -9.793423e+01  0.000000e+00
     vertex  1.404584e+02 -9.785931e+01  1.510000e+00
     vertex  1.402775e+02 -9.793423e+01  1.510000e+00
   endloop
 endfacet
 facet normal  6.087614e-01 -7.933533e-01 -1.151030e-19
   outer loop
     vertex  1.401222e+02 -9.805342e+01  0.000000e+00
     vertex  1.402775e+02 -9.793423e+01  0.000000e+00
     vertex  1.402775e+02 -9.793423e+01  1.510000e+00
   endloop
 endfacet
 facet normal  7.933533e-01 -6.087614e-01  0.000000e+00
   outer loop
     vertex  1.401222e+02 -9.805342e+01  0.000000e+00
     vertex  1.401222e+02 -9.805342e+01  1.510000e+00
     vertex  1.400030e+02 -9.820875e+01  1.510000e+00
   endloop
 endfacet
 facet normal  6.087614e-01 -7.933533e-01  0.000000e+00
   outer loop
     vertex  1.401222e+02 -9.805342e+01  0.000000e+00
     vertex  1.402775e+02 -9.793423e+01  1.510000e+00
     vertex  1.401222e+02 -9.805342e+01  1.510000e+00
   endloop
 endfacet
 facet normal  7.933533e-01 -6.087614e-01  0.000000e+00
   outer loop
     vertex  1.400030e+02 -9.820875e+01  0.000000e+00
     vertex  1.401222e+02 -9.805342e+01  0.000000e+00
     vertex  1.400030e+02 -9.820875e+01  1.510000e+00
   endloop
 endfacet
 facet normal  9.238795e-01 -3.826834e-01 -1.863596e-18
   outer loop
     vertex  1.399281e+02 -9.838964e+01  0.000000e+00
     vertex  1.400030e+02 -9.820875e+01  0.000000e+00
     vertex  1.400030e+02 -9.820875e+01  1.510000e+00
   endloop
 endfacet
 facet normal  9.238795e-01 -3.826834e-01  0.000000e+00
   outer loop
     vertex  1.399281e+02 -9.838964e+01  0.000000e+00
     vertex  1.400030e+02 -9.820875e+01  1.510000e+00
     vertex  1.399281e+02 -9.838964e+01  1.510000e+00
   endloop
 endfacet
 facet normal  9.914449e-01 -1.305262e-01  8.317954e-19
   outer loop
     vertex  1.399025e+02 -9.858375e+01  0.000000e+00
     vertex  1.399281e+02 -9.838964e+01  0.000000e+00
     vertex  1.399281e+02 -9.838964e+01  1.510000e+00
   endloop
 endfacet
 facet normal  9.914449e-01 -1.305262e-01  0.000000e+00
   outer loop
     vertex  1.399025e+02 -9.858375e+01  0.000000e+00
     vertex  1.399281e+02 -9.838964e+01  1.510000e+00
     vertex  1.399025e+02 -9.858375e+01  1.510000e+00
   endloop
 endfacet
 facet normal  9.914449e-01  1.305262e-01 -0.000000e+00
   outer loop
     vertex  1.399281e+02 -9.877786e+01  0.000000e+00
     vertex  1.399025e+02 -9.858375e+01  1.510000e+00
     vertex  1.399281e+02 -9.877786e+01  1.510000e+00
   endloop
 endfacet
 facet normal  9.914449e-01  1.305262e-01 -8.317954e-19
   outer loop
     vertex  1.399281e+02 -9.877786e+01  0.000000e+00
     vertex  1.399025e+02 -9.858375e+01  0.000000e+00
     vertex  1.399025e+02 -9.858375e+01  1.510000e+00
   endloop
 endfacet
 facet normal  9.238795e-01  3.826834e-01 -0.000000e+00
   outer loop
     vertex  1.400030e+02 -9.895875e+01  0.000000e+00
     vertex  1.399281e+02 -9.877786e+01  1.510000e+00
     vertex  1.400030e+02 -9.895875e+01  1.510000e+00
   endloop
 endfacet
 facet normal  9.238795e-01  3.826834e-01  1.863596e-18
   outer loop
     vertex  1.400030e+02 -9.895875e+01  0.000000e+00
     vertex  1.399281e+02 -9.877786e+01  0.000000e+00
     vertex  1.399281e+02 -9.877786e+01  1.510000e+00
   endloop
 endfacet
 facet normal  7.933533e-01  6.087614e-01  2.838067e-18
   outer loop
     vertex  1.401222e+02 -9.911408e+01  0.000000e+00
     vertex  1.400030e+02 -9.895875e+01  0.000000e+00
     vertex  1.400030e+02 -9.895875e+01  1.510000e+00
   endloop
 endfacet
 facet normal  6.087614e-01  7.933533e-01 -0.000000e+00
   outer loop
     vertex  1.401222e+02 -9.911408e+01  0.000000e+00
     vertex  1.401222e+02 -9.911408e+01  1.510000e+00
     vertex  1.402775e+02 -9.923327e+01  1.510000e+00
   endloop
 endfacet
 facet normal  7.933533e-01  6.087614e-01 -0.000000e+00
   outer loop
     vertex  1.401222e+02 -9.911408e+01  0.000000e+00
     vertex  1.400030e+02 -9.895875e+01  1.510000e+00
     vertex  1.401222e+02 -9.911408e+01  1.510000e+00
   endloop
 endfacet
 facet normal  6.087614e-01  7.933533e-01 -0.000000e+00
   outer loop
     vertex  1.402775e+02 -9.923327e+01  0.000000e+00
     vertex  1.401222e+02 -9.911408e+01  0.000000e+00
     vertex  1.402775e+02 -9.923327e+01  1.510000e+00
   endloop
 endfacet
 facet normal  1.305262e-01  9.914449e-01 -0.000000e+00
   outer loop
     vertex  1.404584e+02 -9.930819e+01  0.000000e+00
     vertex  1.404584e+02 -9.930819e+01  1.510000e+00
     vertex  1.406525e+02 -9.933375e+01  1.510000e+00
   endloop
 endfacet
 facet normal  3.826834e-01  9.238795e-01 -0.000000e+00
   outer loop
     vertex  1.404584e+02 -9.930819e+01  0.000000e+00
     vertex  1.402775e+02 -9.923327e+01  1.510000e+00
     vertex  1.404584e+02 -9.930819e+01  1.510000e+00
   endloop
 endfacet
 facet normal  3.826834e-01  9.238795e-01 -2.761264e-18
   outer loop
     vertex  1.404584e+02 -9.930819e+01  0.000000e+00
     vertex  1.402775e+02 -9.923327e+01  0.000000e+00
     vertex  1.402775e+02 -9.923327e+01  1.510000e+00
   endloop
 endfacet
 facet normal  1.305262e-01  9.914449e-01 -0.000000e+00
   outer loop
     vertex  1.406525e+02 -9.933375e+01  0.000000e+00
     vertex  1.404584e+02 -9.930819e+01  0.000000e+00
     vertex  1.406525e+02 -9.933375e+01  1.510000e+00
   endloop
 endfacet
 facet normal -1.305262e-01  9.914449e-01 -2.017242e-19
   outer loop
     vertex  1.573825e+02 -9.813479e+01  0.000000e+00
     vertex  1.571625e+02 -9.816375e+01  0.000000e+00
     vertex  1.571625e+02 -9.816375e+01  1.510000e+00
   endloop
 endfacet
 facet normal -1.305262e-01  9.914449e-01  0.000000e+00
   outer loop
     vertex  1.573825e+02 -9.813479e+01  0.000000e+00
     vertex  1.571625e+02 -9.816375e+01  1.510000e+00
     vertex  1.573825e+02 -9.813479e+01  1.510000e+00
   endloop
 endfacet
 facet normal -3.826834e-01  9.238795e-01  0.000000e+00
   outer loop
     vertex  1.575875e+02 -9.804987e+01  0.000000e+00
     vertex  1.573825e+02 -9.813479e+01  1.510000e+00
     vertex  1.575875e+02 -9.804987e+01  1.510000e+00
   endloop
 endfacet
 facet normal -3.826834e-01  9.238795e-01  4.668127e-18
   outer loop
     vertex  1.575875e+02 -9.804987e+01  0.000000e+00
     vertex  1.573825e+02 -9.813479e+01  0.000000e+00
     vertex  1.573825e+02 -9.813479e+01  1.510000e+00
   endloop
 endfacet
 facet normal -6.087614e-01  7.933533e-01  0.000000e+00
   outer loop
     vertex  1.577635e+02 -9.791479e+01  0.000000e+00
     vertex  1.575875e+02 -9.804987e+01  1.510000e+00
     vertex  1.577635e+02 -9.791479e+01  1.510000e+00
   endloop
 endfacet
 facet normal -6.087614e-01  7.933533e-01  3.273941e-18
   outer loop
     vertex  1.577635e+02 -9.791479e+01  0.000000e+00
     vertex  1.575875e+02 -9.804987e+01  0.000000e+00
     vertex  1.575875e+02 -9.804987e+01  1.510000e+00
   endloop
 endfacet
 facet normal -7.933533e-01  6.087614e-01  0.000000e+00
   outer loop
     vertex  1.578986e+02 -9.773875e+01  0.000000e+00
     vertex  1.577635e+02 -9.791479e+01  1.510000e+00
     vertex  1.578986e+02 -9.773875e+01  1.510000e+00
   endloop
 endfacet
 facet normal -7.933533e-01  6.087614e-01 -3.920906e-19
   outer loop
     vertex  1.578986e+02 -9.773875e+01  0.000000e+00
     vertex  1.577635e+02 -9.791479e+01  0.000000e+00
     vertex  1.577635e+02 -9.791479e+01  1.510000e+00
   endloop
 endfacet
 facet normal -9.238795e-01  3.826834e-01  0.000000e+00
   outer loop
     vertex  1.579835e+02 -9.753375e+01  0.000000e+00
     vertex  1.578986e+02 -9.773875e+01  1.510000e+00
     vertex  1.579835e+02 -9.753375e+01  1.510000e+00
   endloop
 endfacet
 facet normal -9.238795e-01  3.826834e-01  4.852928e-18
   outer loop
     vertex  1.579835e+02 -9.753375e+01  0.000000e+00
     vertex  1.578986e+02 -9.773875e+01  0.000000e+00
     vertex  1.578986e+02 -9.773875e+01  1.510000e+00
   endloop
 endfacet
 facet normal -9.914449e-01  1.305262e-01  0.000000e+00
   outer loop
     vertex  1.580125e+02 -9.731375e+01  0.000000e+00
     vertex  1.579835e+02 -9.753375e+01  1.510000e+00
     vertex  1.580125e+02 -9.731375e+01  1.510000e+00
   endloop
 endfacet
 facet normal -9.914449e-01  1.305262e-01 -6.743044e-20
   outer loop
     vertex  1.580125e+02 -9.731375e+01  0.000000e+00
     vertex  1.579835e+02 -9.753375e+01  0.000000e+00
     vertex  1.579835e+02 -9.753375e+01  1.510000e+00
   endloop
 endfacet
 facet normal -9.914449e-01 -1.305262e-01  0.000000e+00
   outer loop
     vertex  1.579835e+02 -9.709375e+01  0.000000e+00
     vertex  1.580125e+02 -9.731375e+01  1.510000e+00
     vertex  1.579835e+02 -9.709375e+01  1.510000e+00
   endloop
 endfacet
 facet normal -9.914449e-01 -1.305262e-01  6.743044e-20
   outer loop
     vertex  1.579835e+02 -9.709375e+01  0.000000e+00
     vertex  1.580125e+02 -9.731375e+01  0.000000e+00
     vertex  1.580125e+02 -9.731375e+01  1.510000e+00
   endloop
 endfacet
 facet normal -9.238795e-01 -3.826834e-01  0.000000e+00
   outer loop
     vertex  1.578986e+02 -9.688875e+01  0.000000e+00
     vertex  1.579835e+02 -9.709375e+01  1.510000e+00
     vertex  1.578986e+02 -9.688875e+01  1.510000e+00
   endloop
 endfacet
 facet normal -9.238795e-01 -3.826834e-01 -4.852928e-18
   outer loop
     vertex  1.578986e+02 -9.688875e+01  0.000000e+00
     vertex  1.579835e+02 -9.709375e+01  0.000000e+00
     vertex  1.579835e+02 -9.709375e+01  1.510000e+00
   endloop
 endfacet
 facet normal -7.933533e-01 -6.087614e-01  0.000000e+00
   outer loop
     vertex  1.577635e+02 -9.671271e+01  0.000000e+00
     vertex  1.578986e+02 -9.688875e+01  1.510000e+00
     vertex  1.577635e+02 -9.671271e+01  1.510000e+00
   endloop
 endfacet
 facet normal -7.933533e-01 -6.087614e-01  3.920906e-19
   outer loop
     vertex  1.577635e+02 -9.671271e+01  0.000000e+00
     vertex  1.578986e+02 -9.688875e+01  0.000000e+00
     vertex  1.578986e+02 -9.688875e+01  1.510000e+00
   endloop
 endfacet
 facet normal -6.087614e-01 -7.933533e-01  0.000000e+00
   outer loop
     vertex  1.575875e+02 -9.657763e+01  0.000000e+00
     vertex  1.577635e+02 -9.671271e+01  1.510000e+00
     vertex  1.575875e+02 -9.657763e+01  1.510000e+00
   endloop
 endfacet
 facet normal -6.087614e-01 -7.933533e-01 -3.273941e-18
   outer loop
     vertex  1.575875e+02 -9.657763e+01  0.000000e+00
     vertex  1.577635e+02 -9.671271e+01  0.000000e+00
     vertex  1.577635e+02 -9.671271e+01  1.510000e+00
   endloop
 endfacet
 facet normal -1.305262e-01 -9.914449e-01  0.000000e+00
   outer loop
     vertex  1.573825e+02 -9.649271e+01  0.000000e+00
     vertex  1.573825e+02 -9.649271e+01  1.510000e+00
     vertex  1.571625e+02 -9.646375e+01  1.510000e+00
   endloop
 endfacet
 facet normal -3.826834e-01 -9.238795e-01  0.000000e+00
   outer loop
     vertex  1.573825e+02 -9.649271e+01  0.000000e+00
     vertex  1.575875e+02 -9.657763e+01  1.510000e+00
     vertex  1.573825e+02 -9.649271e+01  1.510000e+00
   endloop
 endfacet
 facet normal -3.826834e-01 -9.238795e-01 -4.668127e-18
   outer loop
     vertex  1.573825e+02 -9.649271e+01  0.000000e+00
     vertex  1.575875e+02 -9.657763e+01  0.000000e+00
     vertex  1.575875e+02 -9.657763e+01  1.510000e+00
   endloop
 endfacet
 facet normal -1.305262e-01 -9.914449e-01  0.000000e+00
   outer loop
     vertex  1.571625e+02 -9.646375e+01  0.000000e+00
     vertex  1.573825e+02 -9.649271e+01  0.000000e+00
     vertex  1.571625e+02 -9.646375e+01  1.510000e+00
   endloop
 endfacet
 facet normal  1.305262e-01 -9.914449e-01 -2.017242e-19
   outer loop
     vertex  1.569425e+02 -9.649271e+01  0.000000e+00
     vertex  1.571625e+02 -9.646375e+01  0.000000e+00
     vertex  1.571625e+02 -9.646375e+01  1.510000e+00
   endloop
 endfacet
 facet normal  1.305262e-01 -9.914449e-01  0.000000e+00
   outer loop
     vertex  1.569425e+02 -9.649271e+01  0.000000e+00
     vertex  1.571625e+02 -9.646375e+01  1.510000e+00
     vertex  1.569425e+02 -9.649271e+01  1.510000e+00
   endloop
 endfacet
 facet normal  3.826834e-01 -9.238795e-01  4.668127e-18
   outer loop
     vertex  1.567375e+02 -9.657763e+01  0.000000e+00
     vertex  1.569425e+02 -9.649271e+01  0.000000e+00
     vertex  1.569425e+02 -9.649271e+01  1.510000e+00
   endloop
 endfacet
 facet normal  3.826834e-01 -9.238795e-01  0.000000e+00
   outer loop
     vertex  1.567375e+02 -9.657763e+01  0.000000e+00
     vertex  1.569425e+02 -9.649271e+01  1.510000e+00
     vertex  1.567375e+02 -9.657763e+01  1.510000e+00
   endloop
 endfacet
 facet normal  6.087614e-01 -7.933533e-01  3.273941e-18
   outer loop
     vertex  1.565615e+02 -9.671271e+01  0.000000e+00
     vertex  1.567375e+02 -9.657763e+01  0.000000e+00
     vertex  1.567375e+02 -9.657763e+01  1.510000e+00
   endloop
 endfacet
 facet normal  7.933533e-01 -6.087614e-01  0.000000e+00
   outer loop
     vertex  1.565615e+02 -9.671271e+01  0.000000e+00
     vertex  1.565615e+02 -9.671271e+01  1.510000e+00
     vertex  1.564264e+02 -9.688875e+01  1.510000e+00
   endloop
 endfacet
 facet normal  6.087614e-01 -7.933533e-01  0.000000e+00
   outer loop
     vertex  1.565615e+02 -9.671271e+01  0.000000e+00
     vertex  1.567375e+02 -9.657763e+01  1.510000e+00
     vertex  1.565615e+02 -9.671271e+01  1.510000e+00
   endloop
 endfacet
 facet normal  7.933533e-01 -6.087614e-01  0.000000e+00
   outer loop
     vertex  1.564264e+02 -9.688875e+01  0.000000e+00
     vertex  1.565615e+02 -9.671271e+01  0.000000e+00
     vertex  1.564264e+02 -9.688875e+01  1.510000e+00
   endloop
 endfacet
 facet normal  9.238795e-01 -3.826834e-01  4.852928e-18
   outer loop
     vertex  1.563415e+02 -9.709375e+01  0.000000e+00
     vertex  1.564264e+02 -9.688875e+01  0.000000e+00
     vertex  1.564264e+02 -9.688875e+01  1.510000e+00
   endloop
 endfacet
 facet normal  9.238795e-01 -3.826834e-01  0.000000e+00
   outer loop
     vertex  1.563415e+02 -9.709375e+01  0.000000e+00
     vertex  1.564264e+02 -9.688875e+01  1.510000e+00
     vertex  1.563415e+02 -9.709375e+01  1.510000e+00
   endloop
 endfacet
 facet normal  9.914449e-01 -1.305262e-01 -6.743044e-20
   outer loop
     vertex  1.563125e+02 -9.731375e+01  0.000000e+00
     vertex  1.563415e+02 -9.709375e+01  0.000000e+00
     vertex  1.563415e+02 -9.709375e+01  1.510000e+00
   endloop
 endfacet
 facet normal  9.914449e-01 -1.305262e-01  0.000000e+00
   outer loop
     vertex  1.563125e+02 -9.731375e+01  0.000000e+00
     vertex  1.563415e+02 -9.709375e+01  1.510000e+00
     vertex  1.563125e+02 -9.731375e+01  1.510000e+00
   endloop
 endfacet
 facet normal  9.914449e-01  1.305262e-01 -0.000000e+00
   outer loop
     vertex  1.563415e+02 -9.753375e+01  0.000000e+00
     vertex  1.563125e+02 -9.731375e+01  1.510000e+00
     vertex  1.563415e+02 -9.753375e+01  1.510000e+00
   endloop
 endfacet
 facet normal  9.914449e-01  1.305262e-01  6.743044e-20
   outer loop
     vertex  1.563415e+02 -9.753375e+01  0.000000e+00
     vertex  1.563125e+02 -9.731375e+01  0.000000e+00
     vertex  1.563125e+02 -9.731375e+01  1.510000e+00
   endloop
 endfacet
 facet normal  9.238795e-01  3.826834e-01 -0.000000e+00
   outer loop
     vertex  1.564264e+02 -9.773875e+01  0.000000e+00
     vertex  1.563415e+02 -9.753375e+01  1.510000e+00
     vertex  1.564264e+02 -9.773875e+01  1.510000e+00
   endloop
 endfacet
 facet normal  9.238795e-01  3.826834e-01 -4.852928e-18
   outer loop
     vertex  1.564264e+02 -9.773875e+01  0.000000e+00
     vertex  1.563415e+02 -9.753375e+01  0.000000e+00
     vertex  1.563415e+02 -9.753375e+01  1.510000e+00
   endloop
 endfacet
 facet normal  7.933533e-01  6.087614e-01  3.920906e-19
   outer loop
     vertex  1.565615e+02 -9.791479e+01  0.000000e+00
     vertex  1.564264e+02 -9.773875e+01  0.000000e+00
     vertex  1.564264e+02 -9.773875e+01  1.510000e+00
   endloop
 endfacet
 facet normal  6.087614e-01  7.933533e-01 -0.000000e+00
   outer loop
     vertex  1.565615e+02 -9.791479e+01  0.000000e+00
     vertex  1.565615e+02 -9.791479e+01  1.510000e+00
     vertex  1.567375e+02 -9.804987e+01  1.510000e+00
   endloop
 endfacet
 facet normal  7.933533e-01  6.087614e-01 -0.000000e+00
   outer loop
     vertex  1.565615e+02 -9.791479e+01  0.000000e+00
     vertex  1.564264e+02 -9.773875e+01  1.510000e+00
     vertex  1.565615e+02 -9.791479e+01  1.510000e+00
   endloop
 endfacet
 facet normal  6.087614e-01  7.933533e-01 -0.000000e+00
   outer loop
     vertex  1.567375e+02 -9.804987e+01  0.000000e+00
     vertex  1.565615e+02 -9.791479e+01  0.000000e+00
     vertex  1.567375e+02 -9.804987e+01  1.510000e+00
   endloop
 endfacet
 facet normal  1.305262e-01  9.914449e-01 -0.000000e+00
   outer loop
     vertex  1.569425e+02 -9.813479e+01  0.000000e+00
     vertex  1.569425e+02 -9.813479e+01  1.510000e+00
     vertex  1.571625e+02 -9.816375e+01  1.510000e+00
   endloop
 endfacet
 facet normal  3.826834e-01  9.238795e-01 -0.000000e+00
   outer loop
     vertex  1.569425e+02 -9.813479e+01  0.000000e+00
     vertex  1.567375e+02 -9.804987e+01  1.510000e+00
     vertex  1.569425e+02 -9.813479e+01  1.510000e+00
   endloop
 endfacet
 facet normal  3.826834e-01  9.238795e-01 -4.668127e-18
   outer loop
     vertex  1.569425e+02 -9.813479e+01  0.000000e+00
     vertex  1.567375e+02 -9.804987e+01  0.000000e+00
     vertex  1.567375e+02 -9.804987e+01  1.510000e+00
   endloop
 endfacet
 facet normal  1.305262e-01  9.914449e-01 -0.000000e+00
   outer loop
     vertex  1.571625e+02 -9.816375e+01  0.000000e+00
     vertex  1.569425e+02 -9.813479e+01  0.000000e+00
     vertex  1.571625e+02 -9.816375e+01  1.510000e+00
   endloop
 endfacet
 facet normal -1.305262e-01  9.914449e-01 -1.119139e-18
   outer loop
     vertex  1.598966e+02 -9.930819e+01  0.000000e+00
     vertex  1.597025e+02 -9.933375e+01  0.000000e+00
     vertex  1.597025e+02 -9.933375e+01  1.510000e+00
   endloop
 endfacet
 facet normal -1.305262e-01  9.914449e-01  0.000000e+00
   outer loop
     vertex  1.598966e+02 -9.930819e+01  0.000000e+00
     vertex  1.597025e+02 -9.933375e+01  1.510000e+00
     vertex  1.598966e+02 -9.930819e+01  1.510000e+00
   endloop
 endfacet
 facet normal -3.826834e-01  9.238795e-01  0.000000e+00
   outer loop
     vertex  1.600775e+02 -9.923327e+01  0.000000e+00
     vertex  1.598966e+02 -9.930819e+01  1.510000e+00
     vertex  1.600775e+02 -9.923327e+01  1.510000e+00
   endloop
 endfacet
 facet normal -3.826834e-01  9.238795e-01 -6.208025e-19
   outer loop
     vertex  1.600775e+02 -9.923327e+01  0.000000e+00
     vertex  1.598966e+02 -9.930819e+01  0.000000e+00
     vertex  1.598966e+02 -9.930819e+01  1.510000e+00
   endloop
 endfacet
 facet normal -6.087614e-01  7.933533e-01  0.000000e+00
   outer loop
     vertex  1.602328e+02 -9.911408e+01  0.000000e+00
     vertex  1.600775e+02 -9.923327e+01  1.510000e+00
     vertex  1.602328e+02 -9.911408e+01  1.510000e+00
   endloop
 endfacet
 facet normal -6.087614e-01  7.933533e-01 -1.151030e-19
   outer loop
     vertex  1.602328e+02 -9.911408e+01  0.000000e+00
     vertex  1.600775e+02 -9.923327e+01  0.000000e+00
     vertex  1.600775e+02 -9.923327e+01  1.510000e+00
   endloop
 endfacet
 facet normal -7.933533e-01  6.087614e-01  0.000000e+00
   outer loop
     vertex  1.603520e+02 -9.895875e+01  0.000000e+00
     vertex  1.602328e+02 -9.911408e+01  1.510000e+00
     vertex  1.603520e+02 -9.895875e+01  1.510000e+00
   endloop
 endfacet
 facet normal -7.933533e-01  6.087614e-01  2.607861e-18
   outer loop
     vertex  1.603520e+02 -9.895875e+01  0.000000e+00
     vertex  1.602328e+02 -9.911408e+01  0.000000e+00
     vertex  1.602328e+02 -9.911408e+01  1.510000e+00
   endloop
 endfacet
 facet normal -9.238795e-01  3.826834e-01  0.000000e+00
   outer loop
     vertex  1.604269e+02 -9.877786e+01  0.000000e+00
     vertex  1.603520e+02 -9.895875e+01  1.510000e+00
     vertex  1.604269e+02 -9.877786e+01  1.510000e+00
   endloop
 endfacet
 facet normal -9.238795e-01  3.826834e-01  2.982014e-19
   outer loop
     vertex  1.604269e+02 -9.877786e+01  0.000000e+00
     vertex  1.603520e+02 -9.895875e+01  0.000000e+00
     vertex  1.603520e+02 -9.895875e+01  1.510000e+00
   endloop
 endfacet
 facet normal -9.914449e-01  1.305262e-01  0.000000e+00
   outer loop
     vertex  1.604525e+02 -9.858375e+01  0.000000e+00
     vertex  1.604269e+02 -9.877786e+01  1.510000e+00
     vertex  1.604525e+02 -9.858375e+01  1.510000e+00
   endloop
 endfacet
 facet normal -9.914449e-01  1.305262e-01  8.317954e-19
   outer loop
     vertex  1.604525e+02 -9.858375e+01  0.000000e+00
     vertex  1.604269e+02 -9.877786e+01  0.000000e+00
     vertex  1.604269e+02 -9.877786e+01  1.510000e+00
   endloop
 endfacet
 facet normal -9.914449e-01 -1.305262e-01  0.000000e+00
   outer loop
     vertex  1.604269e+02 -9.838964e+01  0.000000e+00
     vertex  1.604525e+02 -9.858375e+01  1.510000e+00
     vertex  1.604269e+02 -9.838964e+01  1.510000e+00
   endloop
 endfacet
 facet normal -9.914449e-01 -1.305262e-01 -8.317954e-19
   outer loop
     vertex  1.604269e+02 -9.838964e+01  0.000000e+00
     vertex  1.604525e+02 -9.858375e+01  0.000000e+00
     vertex  1.604525e+02 -9.858375e+01  1.510000e+00
   endloop
 endfacet
 facet normal -9.238795e-01 -3.826834e-01  0.000000e+00
   outer loop
     vertex  1.603520e+02 -9.820875e+01  0.000000e+00
     vertex  1.604269e+02 -9.838964e+01  1.510000e+00
     vertex  1.603520e+02 -9.820875e+01  1.510000e+00
   endloop
 endfacet
 facet normal -9.238795e-01 -3.826834e-01 -2.982014e-19
   outer loop
     vertex  1.603520e+02 -9.820875e+01  0.000000e+00
     vertex  1.604269e+02 -9.838964e+01  0.000000e+00
     vertex  1.604269e+02 -9.838964e+01  1.510000e+00
   endloop
 endfacet
 facet normal -7.933533e-01 -6.087614e-01  0.000000e+00
   outer loop
     vertex  1.602328e+02 -9.805342e+01  0.000000e+00
     vertex  1.603520e+02 -9.820875e+01  1.510000e+00
     vertex  1.602328e+02 -9.805342e+01  1.510000e+00
   endloop
 endfacet
 facet normal -7.933533e-01 -6.087614e-01 -2.607861e-18
   outer loop
     vertex  1.602328e+02 -9.805342e+01  0.000000e+00
     vertex  1.603520e+02 -9.820875e+01  0.000000e+00
     vertex  1.603520e+02 -9.820875e+01  1.510000e+00
   endloop
 endfacet
 facet normal -6.087614e-01 -7.933533e-01  0.000000e+00
   outer loop
     vertex  1.600775e+02 -9.793423e+01  0.000000e+00
     vertex  1.602328e+02 -9.805342e+01  1.510000e+00
     vertex  1.600775e+02 -9.793423e+01  1.510000e+00
   endloop
 endfacet
 facet normal -6.087614e-01 -7.933533e-01  1.151030e-19
   outer loop
     vertex  1.600775e+02 -9.793423e+01  0.000000e+00
     vertex  1.602328e+02 -9.805342e+01  0.000000e+00
     vertex  1.602328e+02 -9.805342e+01  1.510000e+00
   endloop
 endfacet
 facet normal -1.305262e-01 -9.914449e-01  0.000000e+00
   outer loop
     vertex  1.598966e+02 -9.785931e+01  0.000000e+00
     vertex  1.598966e+02 -9.785931e+01  1.510000e+00
     vertex  1.597025e+02 -9.783375e+01  1.510000e+00
   endloop
 endfacet
 facet normal -3.826834e-01 -9.238795e-01  0.000000e+00
   outer loop
     vertex  1.598966e+02 -9.785931e+01  0.000000e+00
     vertex  1.600775e+02 -9.793423e+01  1.510000e+00
     vertex  1.598966e+02 -9.785931e+01  1.510000e+00
   endloop
 endfacet
 facet normal -3.826834e-01 -9.238795e-01 -2.761264e-18
   outer loop
     vertex  1.598966e+02 -9.785931e+01  0.000000e+00
     vertex  1.600775e+02 -9.793423e+01  0.000000e+00
     vertex  1.600775e+02 -9.793423e+01  1.510000e+00
   endloop
 endfacet
 facet normal -1.305262e-01 -9.914449e-01  0.000000e+00
   outer loop
     vertex  1.597025e+02 -9.783375e+01  0.000000e+00
     vertex  1.598966e+02 -9.785931e+01  0.000000e+00
     vertex  1.597025e+02 -9.783375e+01  1.510000e+00
   endloop
 endfacet
 facet normal  1.305262e-01 -9.914449e-01  6.209331e-19
   outer loop
     vertex  1.595084e+02 -9.785931e+01  0.000000e+00
     vertex  1.597025e+02 -9.783375e+01  0.000000e+00
     vertex  1.597025e+02 -9.783375e+01  1.510000e+00
   endloop
 endfacet
 facet normal  1.305262e-01 -9.914449e-01  0.000000e+00
   outer loop
     vertex  1.595084e+02 -9.785931e+01  0.000000e+00
     vertex  1.597025e+02 -9.783375e+01  1.510000e+00
     vertex  1.595084e+02 -9.785931e+01  1.510000e+00
   endloop
 endfacet
 facet normal  3.826834e-01 -9.238795e-01  2.761264e-18
   outer loop
     vertex  1.593275e+02 -9.793423e+01  0.000000e+00
     vertex  1.595084e+02 -9.785931e+01  0.000000e+00
     vertex  1.595084e+02 -9.785931e+01  1.510000e+00
   endloop
 endfacet
 facet normal  3.826834e-01 -9.238795e-01  0.000000e+00
   outer loop
     vertex  1.593275e+02 -9.793423e+01  0.000000e+00
     vertex  1.595084e+02 -9.785931e+01  1.510000e+00
     vertex  1.593275e+02 -9.793423e+01  1.510000e+00
   endloop
 endfacet
 facet normal  6.087614e-01 -7.933533e-01 -1.151030e-19
   outer loop
     vertex  1.591722e+02 -9.805342e+01  0.000000e+00
     vertex  1.593275e+02 -9.793423e+01  0.000000e+00
     vertex  1.593275e+02 -9.793423e+01  1.510000e+00
   endloop
 endfacet
 facet normal  7.933533e-01 -6.087614e-01  0.000000e+00
   outer loop
     vertex  1.591722e+02 -9.805342e+01  0.000000e+00
     vertex  1.591722e+02 -9.805342e+01  1.510000e+00
     vertex  1.590530e+02 -9.820875e+01  1.510000e+00
   endloop
 endfacet
 facet normal  6.087614e-01 -7.933533e-01  0.000000e+00
   outer loop
     vertex  1.591722e+02 -9.805342e+01  0.000000e+00
     vertex  1.593275e+02 -9.793423e+01  1.510000e+00
     vertex  1.591722e+02 -9.805342e+01  1.510000e+00
   endloop
 endfacet
 facet normal  7.933533e-01 -6.087614e-01  0.000000e+00
   outer loop
     vertex  1.590530e+02 -9.820875e+01  0.000000e+00
     vertex  1.591722e+02 -9.805342e+01  0.000000e+00
     vertex  1.590530e+02 -9.820875e+01  1.510000e+00
   endloop
 endfacet
 facet normal  9.238795e-01 -3.826834e-01  2.982014e-19
   outer loop
     vertex  1.589781e+02 -9.838964e+01  0.000000e+00
     vertex  1.590530e+02 -9.820875e+01  0.000000e+00
     vertex  1.590530e+02 -9.820875e+01  1.510000e+00
   endloop
 endfacet
 facet normal  9.238795e-01 -3.826834e-01  0.000000e+00
   outer loop
     vertex  1.589781e+02 -9.838964e+01  0.000000e+00
     vertex  1.590530e+02 -9.820875e+01  1.510000e+00
     vertex  1.589781e+02 -9.838964e+01  1.510000e+00
   endloop
 endfacet
 facet normal  9.914449e-01 -1.305262e-01  8.317954e-19
   outer loop
     vertex  1.589525e+02 -9.858375e+01  0.000000e+00
     vertex  1.589781e+02 -9.838964e+01  0.000000e+00
     vertex  1.589781e+02 -9.838964e+01  1.510000e+00
   endloop
 endfacet
 facet normal  9.914449e-01 -1.305262e-01  0.000000e+00
   outer loop
     vertex  1.589525e+02 -9.858375e+01  0.000000e+00
     vertex  1.589781e+02 -9.838964e+01  1.510000e+00
     vertex  1.589525e+02 -9.858375e+01  1.510000e+00
   endloop
 endfacet
 facet normal  9.914449e-01  1.305262e-01 -0.000000e+00
   outer loop
     vertex  1.589781e+02 -9.877786e+01  0.000000e+00
     vertex  1.589525e+02 -9.858375e+01  1.510000e+00
     vertex  1.589781e+02 -9.877786e+01  1.510000e+00
   endloop
 endfacet
 facet normal  9.914449e-01  1.305262e-01 -8.317954e-19
   outer loop
     vertex  1.589781e+02 -9.877786e+01  0.000000e+00
     vertex  1.589525e+02 -9.858375e+01  0.000000e+00
     vertex  1.589525e+02 -9.858375e+01  1.510000e+00
   endloop
 endfacet
 facet normal  9.238795e-01  3.826834e-01 -0.000000e+00
   outer loop
     vertex  1.590530e+02 -9.895875e+01  0.000000e+00
     vertex  1.589781e+02 -9.877786e+01  1.510000e+00
     vertex  1.590530e+02 -9.895875e+01  1.510000e+00
   endloop
 endfacet
 facet normal  9.238795e-01  3.826834e-01 -2.982014e-19
   outer loop
     vertex  1.590530e+02 -9.895875e+01  0.000000e+00
     vertex  1.589781e+02 -9.877786e+01  0.000000e+00
     vertex  1.589781e+02 -9.877786e+01  1.510000e+00
   endloop
 endfacet
 facet normal  7.933533e-01  6.087614e-01 -2.607861e-18
   outer loop
     vertex  1.591722e+02 -9.911408e+01  0.000000e+00
     vertex  1.590530e+02 -9.895875e+01  0.000000e+00
     vertex  1.590530e+02 -9.895875e+01  1.510000e+00
   endloop
 endfacet
 facet normal  6.087614e-01  7.933533e-01 -0.000000e+00
   outer loop
     vertex  1.591722e+02 -9.911408e+01  0.000000e+00
     vertex  1.591722e+02 -9.911408e+01  1.510000e+00
     vertex  1.593275e+02 -9.923327e+01  1.510000e+00
   endloop
 endfacet
 facet normal  7.933533e-01  6.087614e-01 -0.000000e+00
   outer loop
     vertex  1.591722e+02 -9.911408e+01  0.000000e+00
     vertex  1.590530e+02 -9.895875e+01  1.510000e+00
     vertex  1.591722e+02 -9.911408e+01  1.510000e+00
   endloop
 endfacet
 facet normal  6.087614e-01  7.933533e-01 -0.000000e+00
   outer loop
     vertex  1.593275e+02 -9.923327e+01  0.000000e+00
     vertex  1.591722e+02 -9.911408e+01  0.000000e+00
     vertex  1.593275e+02 -9.923327e+01  1.510000e+00
   endloop
 endfacet
 facet normal  1.305262e-01  9.914449e-01 -0.000000e+00
   outer loop
     vertex  1.595084e+02 -9.930819e+01  0.000000e+00
     vertex  1.595084e+02 -9.930819e+01  1.510000e+00
     vertex  1.597025e+02 -9.933375e+01  1.510000e+00
   endloop
 endfacet
 facet normal  3.826834e-01  9.238795e-01 -0.000000e+00
   outer loop
     vertex  1.595084e+02 -9.930819e+01  0.000000e+00
     vertex  1.593275e+02 -9.923327e+01  1.510000e+00
     vertex  1.595084e+02 -9.930819e+01  1.510000e+00
   endloop
 endfacet
 facet normal  3.826834e-01  9.238795e-01 -2.761264e-18
   outer loop
     vertex  1.595084e+02 -9.930819e+01  0.000000e+00
     vertex  1.593275e+02 -9.923327e+01  0.000000e+00
     vertex  1.593275e+02 -9.923327e+01  1.510000e+00
   endloop
 endfacet
 facet normal  1.305262e-01  9.914449e-01 -0.000000e+00
   outer loop
     vertex  1.597025e+02 -9.933375e+01  0.000000e+00
     vertex  1.595084e+02 -9.930819e+01  0.000000e+00
     vertex  1.597025e+02 -9.933375e+01  1.510000e+00
   endloop
 endfacet
 facet normal -1.305262e-01  9.914449e-01 -1.119139e-18
   outer loop
     vertex  1.624366e+02 -1.056582e+02  0.000000e+00
     vertex  1.622425e+02 -1.056838e+02  0.000000e+00
     vertex  1.622425e+02 -1.056838e+02  1.510000e+00
   endloop
 endfacet
 facet normal -1.305262e-01  9.914449e-01  0.000000e+00
   outer loop
     vertex  1.624366e+02 -1.056582e+02  0.000000e+00
     vertex  1.622425e+02 -1.056838e+02  1.510000e+00
     vertex  1.624366e+02 -1.056582e+02  1.510000e+00
   endloop
 endfacet
 facet normal -3.826834e-01  9.238795e-01  0.000000e+00
   outer loop
     vertex  1.626175e+02 -1.055833e+02  0.000000e+00
     vertex  1.624366e+02 -1.056582e+02  1.510000e+00
     vertex  1.626175e+02 -1.055833e+02  1.510000e+00
   endloop
 endfacet
 facet normal -3.826834e-01  9.238795e-01 -6.208025e-19
   outer loop
     vertex  1.626175e+02 -1.055833e+02  0.000000e+00
     vertex  1.624366e+02 -1.056582e+02  0.000000e+00
     vertex  1.624366e+02 -1.056582e+02  1.510000e+00
   endloop
 endfacet
 facet normal -6.087614e-01  7.933533e-01  0.000000e+00
   outer loop
     vertex  1.627728e+02 -1.054641e+02  0.000000e+00
     vertex  1.626175e+02 -1.055833e+02  1.510000e+00
     vertex  1.627728e+02 -1.054641e+02  1.510000e+00
   endloop
 endfacet
 facet normal -6.087614e-01  7.933533e-01 -1.151030e-19
   outer loop
     vertex  1.627728e+02 -1.054641e+02  0.000000e+00
     vertex  1.626175e+02 -1.055833e+02  0.000000e+00
     vertex  1.626175e+02 -1.055833e+02  1.510000e+00
   endloop
 endfacet
 facet normal -7.933533e-01  6.087614e-01  0.000000e+00
   outer loop
     vertex  1.628920e+02 -1.053088e+02  0.000000e+00
     vertex  1.627728e+02 -1.054641e+02  1.510000e+00
     vertex  1.628920e+02 -1.053088e+02  1.510000e+00
   endloop
 endfacet
 facet normal -7.933533e-01  6.087614e-01  2.607861e-18
   outer loop
     vertex  1.628920e+02 -1.053088e+02  0.000000e+00
     vertex  1.627728e+02 -1.054641e+02  0.000000e+00
     vertex  1.627728e+02 -1.054641e+02  1.510000e+00
   endloop
 endfacet
 facet normal -9.238795e-01  3.826834e-01  0.000000e+00
   outer loop
     vertex  1.629669e+02 -1.051279e+02  0.000000e+00
     vertex  1.628920e+02 -1.053088e+02  1.510000e+00
     vertex  1.629669e+02 -1.051279e+02  1.510000e+00
   endloop
 endfacet
 facet normal -9.238795e-01  3.826834e-01  2.982014e-19
   outer loop
     vertex  1.629669e+02 -1.051279e+02  0.000000e+00
     vertex  1.628920e+02 -1.053088e+02  0.000000e+00
     vertex  1.628920e+02 -1.053088e+02  1.510000e+00
   endloop
 endfacet
 facet normal -9.914449e-01  1.305262e-01  0.000000e+00
   outer loop
     vertex  1.629925e+02 -1.049338e+02  0.000000e+00
     vertex  1.629669e+02 -1.051279e+02  1.510000e+00
     vertex  1.629925e+02 -1.049338e+02  1.510000e+00
   endloop
 endfacet
 facet normal -9.914449e-01  1.305262e-01  8.317954e-19
   outer loop
     vertex  1.629925e+02 -1.049338e+02  0.000000e+00
     vertex  1.629669e+02 -1.051279e+02  0.000000e+00
     vertex  1.629669e+02 -1.051279e+02  1.510000e+00
   endloop
 endfacet
 facet normal -9.914449e-01 -1.305262e-01  0.000000e+00
   outer loop
     vertex  1.629669e+02 -1.047396e+02  0.000000e+00
     vertex  1.629925e+02 -1.049338e+02  1.510000e+00
     vertex  1.629669e+02 -1.047396e+02  1.510000e+00
   endloop
 endfacet
 facet normal -9.914449e-01 -1.305262e-01 -8.317954e-19
   outer loop
     vertex  1.629669e+02 -1.047396e+02  0.000000e+00
     vertex  1.629925e+02 -1.049338e+02  0.000000e+00
     vertex  1.629925e+02 -1.049338e+02  1.510000e+00
   endloop
 endfacet
 facet normal -9.238795e-01 -3.826834e-01  0.000000e+00
   outer loop
     vertex  1.628920e+02 -1.045588e+02  0.000000e+00
     vertex  1.629669e+02 -1.047396e+02  1.510000e+00
     vertex  1.628920e+02 -1.045588e+02  1.510000e+00
   endloop
 endfacet
 facet normal -9.238795e-01 -3.826834e-01 -2.982014e-19
   outer loop
     vertex  1.628920e+02 -1.045588e+02  0.000000e+00
     vertex  1.629669e+02 -1.047396e+02  0.000000e+00
     vertex  1.629669e+02 -1.047396e+02  1.510000e+00
   endloop
 endfacet
 facet normal -7.933533e-01 -6.087614e-01  0.000000e+00
   outer loop
     vertex  1.627728e+02 -1.044034e+02  0.000000e+00
     vertex  1.628920e+02 -1.045588e+02  1.510000e+00
     vertex  1.627728e+02 -1.044034e+02  1.510000e+00
   endloop
 endfacet
 facet normal -7.933533e-01 -6.087614e-01 -2.607861e-18
   outer loop
     vertex  1.627728e+02 -1.044034e+02  0.000000e+00
     vertex  1.628920e+02 -1.045588e+02  0.000000e+00
     vertex  1.628920e+02 -1.045588e+02  1.510000e+00
   endloop
 endfacet
 facet normal -6.087614e-01 -7.933533e-01  0.000000e+00
   outer loop
     vertex  1.626175e+02 -1.042842e+02  0.000000e+00
     vertex  1.627728e+02 -1.044034e+02  1.510000e+00
     vertex  1.626175e+02 -1.042842e+02  1.510000e+00
   endloop
 endfacet
 facet normal -6.087614e-01 -7.933533e-01  1.151030e-19
   outer loop
     vertex  1.626175e+02 -1.042842e+02  0.000000e+00
     vertex  1.627728e+02 -1.044034e+02  0.000000e+00
     vertex  1.627728e+02 -1.044034e+02  1.510000e+00
   endloop
 endfacet
 facet normal -1.305262e-01 -9.914449e-01  0.000000e+00
   outer loop
     vertex  1.624366e+02 -1.042093e+02  0.000000e+00
     vertex  1.624366e+02 -1.042093e+02  1.510000e+00
     vertex  1.622425e+02 -1.041838e+02  1.510000e+00
   endloop
 endfacet
 facet normal -3.826834e-01 -9.238795e-01  0.000000e+00
   outer loop
     vertex  1.624366e+02 -1.042093e+02  0.000000e+00
     vertex  1.626175e+02 -1.042842e+02  1.510000e+00
     vertex  1.624366e+02 -1.042093e+02  1.510000e+00
   endloop
 endfacet
 facet normal -3.826834e-01 -9.238795e-01 -2.761264e-18
   outer loop
     vertex  1.624366e+02 -1.042093e+02  0.000000e+00
     vertex  1.626175e+02 -1.042842e+02  0.000000e+00
     vertex  1.626175e+02 -1.042842e+02  1.510000e+00
   endloop
 endfacet
 facet normal -1.305262e-01 -9.914449e-01  0.000000e+00
   outer loop
     vertex  1.622425e+02 -1.041838e+02  0.000000e+00
     vertex  1.624366e+02 -1.042093e+02  0.000000e+00
     vertex  1.622425e+02 -1.041838e+02  1.510000e+00
   endloop
 endfacet
 facet normal  1.305262e-01 -9.914449e-01  6.209331e-19
   outer loop
     vertex  1.620484e+02 -1.042093e+02  0.000000e+00
     vertex  1.622425e+02 -1.041838e+02  0.000000e+00
     vertex  1.622425e+02 -1.041838e+02  1.510000e+00
   endloop
 endfacet
 facet normal  1.305262e-01 -9.914449e-01  0.000000e+00
   outer loop
     vertex  1.620484e+02 -1.042093e+02  0.000000e+00
     vertex  1.622425e+02 -1.041838e+02  1.510000e+00
     vertex  1.620484e+02 -1.042093e+02  1.510000e+00
   endloop
 endfacet
 facet normal  3.826834e-01 -9.238795e-01  2.761264e-18
   outer loop
     vertex  1.618675e+02 -1.042842e+02  0.000000e+00
     vertex  1.620484e+02 -1.042093e+02  0.000000e+00
     vertex  1.620484e+02 -1.042093e+02  1.510000e+00
   endloop
 endfacet
 facet normal  3.826834e-01 -9.238795e-01  0.000000e+00
   outer loop
     vertex  1.618675e+02 -1.042842e+02  0.000000e+00
     vertex  1.620484e+02 -1.042093e+02  1.510000e+00
     vertex  1.618675e+02 -1.042842e+02  1.510000e+00
   endloop
 endfacet
 facet normal  6.087614e-01 -7.933533e-01 -1.151030e-19
   outer loop
     vertex  1.617122e+02 -1.044034e+02  0.000000e+00
     vertex  1.618675e+02 -1.042842e+02  0.000000e+00
     vertex  1.618675e+02 -1.042842e+02  1.510000e+00
   endloop
 endfacet
 facet normal  7.933533e-01 -6.087614e-01  0.000000e+00
   outer loop
     vertex  1.617122e+02 -1.044034e+02  0.000000e+00
     vertex  1.617122e+02 -1.044034e+02  1.510000e+00
     vertex  1.615930e+02 -1.045588e+02  1.510000e+00
   endloop
 endfacet
 facet normal  6.087614e-01 -7.933533e-01  0.000000e+00
   outer loop
     vertex  1.617122e+02 -1.044034e+02  0.000000e+00
     vertex  1.618675e+02 -1.042842e+02  1.510000e+00
     vertex  1.617122e+02 -1.044034e+02  1.510000e+00
   endloop
 endfacet
 facet normal  7.933533e-01 -6.087614e-01  0.000000e+00
   outer loop
     vertex  1.615930e+02 -1.045588e+02  0.000000e+00
     vertex  1.617122e+02 -1.044034e+02  0.000000e+00
     vertex  1.615930e+02 -1.045588e+02  1.510000e+00
   endloop
 endfacet
 facet normal  9.238795e-01 -3.826834e-01  2.982014e-19
   outer loop
     vertex  1.615181e+02 -1.047396e+02  0.000000e+00
     vertex  1.615930e+02 -1.045588e+02  0.000000e+00
     vertex  1.615930e+02 -1.045588e+02  1.510000e+00
   endloop
 endfacet
 facet normal  9.238795e-01 -3.826834e-01  0.000000e+00
   outer loop
     vertex  1.615181e+02 -1.047396e+02  0.000000e+00
     vertex  1.615930e+02 -1.045588e+02  1.510000e+00
     vertex  1.615181e+02 -1.047396e+02  1.510000e+00
   endloop
 endfacet
 facet normal  9.914449e-01 -1.305262e-01  8.317954e-19
   outer loop
     vertex  1.614925e+02 -1.049338e+02  0.000000e+00
     vertex  1.615181e+02 -1.047396e+02  0.000000e+00
     vertex  1.615181e+02 -1.047396e+02  1.510000e+00
   endloop
 endfacet
 facet normal  9.914449e-01 -1.305262e-01  0.000000e+00
   outer loop
     vertex  1.614925e+02 -1.049338e+02  0.000000e+00
     vertex  1.615181e+02 -1.047396e+02  1.510000e+00
     vertex  1.614925e+02 -1.049338e+02  1.510000e+00
   endloop
 endfacet
 facet normal  9.914449e-01  1.305262e-01 -0.000000e+00
   outer loop
     vertex  1.615181e+02 -1.051279e+02  0.000000e+00
     vertex  1.614925e+02 -1.049338e+02  1.510000e+00
     vertex  1.615181e+02 -1.051279e+02  1.510000e+00
   endloop
 endfacet
 facet normal  9.914449e-01  1.305262e-01 -8.317954e-19
   outer loop
     vertex  1.615181e+02 -1.051279e+02  0.000000e+00
     vertex  1.614925e+02 -1.049338e+02  0.000000e+00
     vertex  1.614925e+02 -1.049338e+02  1.510000e+00
   endloop
 endfacet
 facet normal  9.238795e-01  3.826834e-01 -0.000000e+00
   outer loop
     vertex  1.615930e+02 -1.053088e+02  0.000000e+00
     vertex  1.615181e+02 -1.051279e+02  1.510000e+00
     vertex  1.615930e+02 -1.053088e+02  1.510000e+00
   endloop
 endfacet
 facet normal  9.238795e-01  3.826834e-01 -2.982014e-19
   outer loop
     vertex  1.615930e+02 -1.053088e+02  0.000000e+00
     vertex  1.615181e+02 -1.051279e+02  0.000000e+00
     vertex  1.615181e+02 -1.051279e+02  1.510000e+00
   endloop
 endfacet
 facet normal  7.933533e-01  6.087614e-01 -2.607861e-18
   outer loop
     vertex  1.617122e+02 -1.054641e+02  0.000000e+00
     vertex  1.615930e+02 -1.053088e+02  0.000000e+00
     vertex  1.615930e+02 -1.053088e+02  1.510000e+00
   endloop
 endfacet
 facet normal  6.087614e-01  7.933533e-01 -0.000000e+00
   outer loop
     vertex  1.617122e+02 -1.054641e+02  0.000000e+00
     vertex  1.617122e+02 -1.054641e+02  1.510000e+00
     vertex  1.618675e+02 -1.055833e+02  1.510000e+00
   endloop
 endfacet
 facet normal  7.933533e-01  6.087614e-01 -0.000000e+00
   outer loop
     vertex  1.617122e+02 -1.054641e+02  0.000000e+00
     vertex  1.615930e+02 -1.053088e+02  1.510000e+00
     vertex  1.617122e+02 -1.054641e+02  1.510000e+00
   endloop
 endfacet
 facet normal  6.087614e-01  7.933533e-01 -0.000000e+00
   outer loop
     vertex  1.618675e+02 -1.055833e+02  0.000000e+00
     vertex  1.617122e+02 -1.054641e+02  0.000000e+00
     vertex  1.618675e+02 -1.055833e+02  1.510000e+00
   endloop
 endfacet
 facet normal  1.305262e-01  9.914449e-01 -0.000000e+00
   outer loop
     vertex  1.620484e+02 -1.056582e+02  0.000000e+00
     vertex  1.620484e+02 -1.056582e+02  1.510000e+00
     vertex  1.622425e+02 -1.056838e+02  1.510000e+00
   endloop
 endfacet
 facet normal  3.826834e-01  9.238795e-01 -0.000000e+00
   outer loop
     vertex  1.620484e+02 -1.056582e+02  0.000000e+00
     vertex  1.618675e+02 -1.055833e+02  1.510000e+00
     vertex  1.620484e+02 -1.056582e+02  1.510000e+00
   endloop
 endfacet
 facet normal  3.826834e-01  9.238795e-01 -2.761264e-18
   outer loop
     vertex  1.620484e+02 -1.056582e+02  0.000000e+00
     vertex  1.618675e+02 -1.055833e+02  0.000000e+00
     vertex  1.618675e+02 -1.055833e+02  1.510000e+00
   endloop
 endfacet
 facet normal  1.305262e-01  9.914449e-01 -0.000000e+00
   outer loop
     vertex  1.622425e+02 -1.056838e+02  0.000000e+00
     vertex  1.620484e+02 -1.056582e+02  0.000000e+00
     vertex  1.622425e+02 -1.056838e+02  1.510000e+00
   endloop
 endfacet
 facet normal -1.305262e-01  9.914449e-01 -1.897608e-19
   outer loop
     vertex  1.710888e+02 -1.009181e+02  0.000000e+00
     vertex  1.709737e+02 -1.009333e+02  0.000000e+00
     vertex  1.709737e+02 -1.009333e+02  1.510000e+00
   endloop
 endfacet
 facet normal -1.305262e-01  9.914449e-01  0.000000e+00
   outer loop
     vertex  1.710888e+02 -1.009181e+02  0.000000e+00
     vertex  1.709737e+02 -1.009333e+02  1.510000e+00
     vertex  1.710888e+02 -1.009181e+02  1.510000e+00
   endloop
 endfacet
 facet normal -3.826834e-01  9.238795e-01  0.000000e+00
   outer loop
     vertex  1.711960e+02 -1.008737e+02  0.000000e+00
     vertex  1.710888e+02 -1.009181e+02  1.510000e+00
     vertex  1.711960e+02 -1.008737e+02  1.510000e+00
   endloop
 endfacet
 facet normal -3.826834e-01  9.238795e-01 -2.796119e-19
   outer loop
     vertex  1.711960e+02 -1.008737e+02  0.000000e+00
     vertex  1.710888e+02 -1.009181e+02  0.000000e+00
     vertex  1.710888e+02 -1.009181e+02  1.510000e+00
   endloop
 endfacet
 facet normal -6.087614e-01  7.933533e-01  0.000000e+00
   outer loop
     vertex  1.712881e+02 -1.008031e+02  0.000000e+00
     vertex  1.711960e+02 -1.008737e+02  1.510000e+00
     vertex  1.712881e+02 -1.008031e+02  1.510000e+00
   endloop
 endfacet
 facet normal -6.087614e-01  7.933533e-01  2.003994e-18
   outer loop
     vertex  1.712881e+02 -1.008031e+02  0.000000e+00
     vertex  1.711960e+02 -1.008737e+02  0.000000e+00
     vertex  1.711960e+02 -1.008737e+02  1.510000e+00
   endloop
 endfacet
 facet normal -7.933533e-01  6.087614e-01  0.000000e+00
   outer loop
     vertex  1.713587e+02 -1.007110e+02  0.000000e+00
     vertex  1.712881e+02 -1.008031e+02  1.510000e+00
     vertex  1.713587e+02 -1.007110e+02  1.510000e+00
   endloop
 endfacet
 facet normal -7.933533e-01  6.087614e-01 -1.490509e-18
   outer loop
     vertex  1.713587e+02 -1.007110e+02  0.000000e+00
     vertex  1.712881e+02 -1.008031e+02  0.000000e+00
     vertex  1.712881e+02 -1.008031e+02  1.510000e+00
   endloop
 endfacet
 facet normal -9.238795e-01  3.826834e-01  0.000000e+00
   outer loop
     vertex  1.714031e+02 -1.006038e+02  0.000000e+00
     vertex  1.713587e+02 -1.007110e+02  1.510000e+00
     vertex  1.714031e+02 -1.006038e+02  1.510000e+00
   endloop
 endfacet
 facet normal -9.238795e-01  3.826834e-01 -2.432461e-18
   outer loop
     vertex  1.714031e+02 -1.006038e+02  0.000000e+00
     vertex  1.713587e+02 -1.007110e+02  0.000000e+00
     vertex  1.713587e+02 -1.007110e+02  1.510000e+00
   endloop
 endfacet
 facet normal -9.914449e-01  1.305262e-01  0.000000e+00
   outer loop
     vertex  1.714183e+02 -1.004887e+02  0.000000e+00
     vertex  1.714031e+02 -1.006038e+02  1.510000e+00
     vertex  1.714183e+02 -1.004887e+02  1.510000e+00
   endloop
 endfacet
 facet normal -9.914449e-01  1.305262e-01  5.740299e-20
   outer loop
     vertex  1.714183e+02 -1.004887e+02  0.000000e+00
     vertex  1.714031e+02 -1.006038e+02  0.000000e+00
     vertex  1.714031e+02 -1.006038e+02  1.510000e+00
   endloop
 endfacet
 facet normal -9.914449e-01 -1.305262e-01  0.000000e+00
   outer loop
     vertex  1.714031e+02 -1.003737e+02  0.000000e+00
     vertex  1.714183e+02 -1.004887e+02  1.510000e+00
     vertex  1.714031e+02 -1.003737e+02  1.510000e+00
   endloop
 endfacet
 facet normal -9.914449e-01 -1.305262e-01 -5.740299e-20
   outer loop
     vertex  1.714031e+02 -1.003737e+02  0.000000e+00
     vertex  1.714183e+02 -1.004887e+02  0.000000e+00
     vertex  1.714183e+02 -1.004887e+02  1.510000e+00
   endloop
 endfacet
 facet normal -9.238795e-01 -3.826834e-01  0.000000e+00
   outer loop
     vertex  1.713587e+02 -1.002665e+02  0.000000e+00
     vertex  1.714031e+02 -1.003737e+02  1.510000e+00
     vertex  1.713587e+02 -1.002665e+02  1.510000e+00
   endloop
 endfacet
 facet normal -9.238795e-01 -3.826834e-01  2.432461e-18
   outer loop
     vertex  1.713587e+02 -1.002665e+02  0.000000e+00
     vertex  1.714031e+02 -1.003737e+02  0.000000e+00
     vertex  1.714031e+02 -1.003737e+02  1.510000e+00
   endloop
 endfacet
 facet normal -7.933533e-01 -6.087614e-01  0.000000e+00
   outer loop
     vertex  1.712881e+02 -1.001744e+02  0.000000e+00
     vertex  1.713587e+02 -1.002665e+02  1.510000e+00
     vertex  1.712881e+02 -1.001744e+02  1.510000e+00
   endloop
 endfacet
 facet normal -7.933533e-01 -6.087614e-01  1.490509e-18
   outer loop
     vertex  1.712881e+02 -1.001744e+02  0.000000e+00
     vertex  1.713587e+02 -1.002665e+02  0.000000e+00
     vertex  1.713587e+02 -1.002665e+02  1.510000e+00
   endloop
 endfacet
 facet normal -6.087614e-01 -7.933533e-01  0.000000e+00
   outer loop
     vertex  1.711960e+02 -1.001038e+02  0.000000e+00
     vertex  1.712881e+02 -1.001744e+02  1.510000e+00
     vertex  1.711960e+02 -1.001038e+02  1.510000e+00
   endloop
 endfacet
 facet normal -6.087614e-01 -7.933533e-01 -2.003994e-18
   outer loop
     vertex  1.711960e+02 -1.001038e+02  0.000000e+00
     vertex  1.712881e+02 -1.001744e+02  0.000000e+00
     vertex  1.712881e+02 -1.001744e+02  1.510000e+00
   endloop
 endfacet
 facet normal -1.305262e-01 -9.914449e-01  0.000000e+00
   outer loop
     vertex  1.710888e+02 -1.000594e+02  0.000000e+00
     vertex  1.710888e+02 -1.000594e+02  1.510000e+00
     vertex  1.709737e+02 -1.000442e+02  1.510000e+00
   endloop
 endfacet
 facet normal -3.826834e-01 -9.238795e-01  0.000000e+00
   outer loop
     vertex  1.710888e+02 -1.000594e+02  0.000000e+00
     vertex  1.711960e+02 -1.001038e+02  1.510000e+00
     vertex  1.710888e+02 -1.000594e+02  1.510000e+00
   endloop
 endfacet
 facet normal -3.826834e-01 -9.238795e-01  2.796119e-19
   outer loop
     vertex  1.710888e+02 -1.000594e+02  0.000000e+00
     vertex  1.711960e+02 -1.001038e+02  0.000000e+00
     vertex  1.711960e+02 -1.001038e+02  1.510000e+00
   endloop
 endfacet
 facet normal -1.305262e-01 -9.914449e-01  0.000000e+00
   outer loop
     vertex  1.709737e+02 -1.000442e+02  0.000000e+00
     vertex  1.710888e+02 -1.000594e+02  0.000000e+00
     vertex  1.709737e+02 -1.000442e+02  1.510000e+00
   endloop
 endfacet
 facet normal  1.305262e-01 -9.914449e-01 -1.897608e-19
   outer loop
     vertex  1.708587e+02 -1.000594e+02  0.000000e+00
     vertex  1.709737e+02 -1.000442e+02  0.000000e+00
     vertex  1.709737e+02 -1.000442e+02  1.510000e+00
   endloop
 endfacet
 facet normal  1.305262e-01 -9.914449e-01  0.000000e+00
   outer loop
     vertex  1.708587e+02 -1.000594e+02  0.000000e+00
     vertex  1.709737e+02 -1.000442e+02  1.510000e+00
     vertex  1.708587e+02 -1.000594e+02  1.510000e+00
   endloop
 endfacet
 facet normal  3.826834e-01 -9.238795e-01 -2.796119e-19
   outer loop
     vertex  1.707515e+02 -1.001038e+02  0.000000e+00
     vertex  1.708587e+02 -1.000594e+02  0.000000e+00
     vertex  1.708587e+02 -1.000594e+02  1.510000e+00
   endloop
 endfacet
 facet normal  3.826834e-01 -9.238795e-01  0.000000e+00
   outer loop
     vertex  1.707515e+02 -1.001038e+02  0.000000e+00
     vertex  1.708587e+02 -1.000594e+02  1.510000e+00
     vertex  1.707515e+02 -1.001038e+02  1.510000e+00
   endloop
 endfacet
 facet normal  6.087614e-01 -7.933533e-01  2.003994e-18
   outer loop
     vertex  1.706594e+02 -1.001744e+02  0.000000e+00
     vertex  1.707515e+02 -1.001038e+02  0.000000e+00
     vertex  1.707515e+02 -1.001038e+02  1.510000e+00
   endloop
 endfacet
 facet normal  7.933533e-01 -6.087614e-01  0.000000e+00
   outer loop
     vertex  1.706594e+02 -1.001744e+02  0.000000e+00
     vertex  1.706594e+02 -1.001744e+02  1.510000e+00
     vertex  1.705888e+02 -1.002665e+02  1.510000e+00
   endloop
 endfacet
 facet normal  6.087614e-01 -7.933533e-01  0.000000e+00
   outer loop
     vertex  1.706594e+02 -1.001744e+02  0.000000e+00
     vertex  1.707515e+02 -1.001038e+02  1.510000e+00
     vertex  1.706594e+02 -1.001744e+02  1.510000e+00
   endloop
 endfacet
 facet normal  7.933533e-01 -6.087614e-01  0.000000e+00
   outer loop
     vertex  1.705888e+02 -1.002665e+02  0.000000e+00
     vertex  1.706594e+02 -1.001744e+02  0.000000e+00
     vertex  1.705888e+02 -1.002665e+02  1.510000e+00
   endloop
 endfacet
 facet normal  9.238795e-01 -3.826834e-01 -2.432461e-18
   outer loop
     vertex  1.705444e+02 -1.003737e+02  0.000000e+00
     vertex  1.705888e+02 -1.002665e+02  0.000000e+00
     vertex  1.705888e+02 -1.002665e+02  1.510000e+00
   endloop
 endfacet
 facet normal  9.238795e-01 -3.826834e-01  0.000000e+00
   outer loop
     vertex  1.705444e+02 -1.003737e+02  0.000000e+00
     vertex  1.705888e+02 -1.002665e+02  1.510000e+00
     vertex  1.705444e+02 -1.003737e+02  1.510000e+00
   endloop
 endfacet
 facet normal  9.914449e-01 -1.305262e-01  5.740299e-20
   outer loop
     vertex  1.705292e+02 -1.004887e+02  0.000000e+00
     vertex  1.705444e+02 -1.003737e+02  0.000000e+00
     vertex  1.705444e+02 -1.003737e+02  1.510000e+00
   endloop
 endfacet
 facet normal  9.914449e-01 -1.305262e-01  0.000000e+00
   outer loop
     vertex  1.705292e+02 -1.004887e+02  0.000000e+00
     vertex  1.705444e+02 -1.003737e+02  1.510000e+00
     vertex  1.705292e+02 -1.004887e+02  1.510000e+00
   endloop
 endfacet
 facet normal  9.914449e-01  1.305262e-01 -0.000000e+00
   outer loop
     vertex  1.705444e+02 -1.006038e+02  0.000000e+00
     vertex  1.705292e+02 -1.004887e+02  1.510000e+00
     vertex  1.705444e+02 -1.006038e+02  1.510000e+00
   endloop
 endfacet
 facet normal  9.914449e-01  1.305262e-01 -5.740299e-20
   outer loop
     vertex  1.705444e+02 -1.006038e+02  0.000000e+00
     vertex  1.705292e+02 -1.004887e+02  0.000000e+00
     vertex  1.705292e+02 -1.004887e+02  1.510000e+00
   endloop
 endfacet
 facet normal  9.238795e-01  3.826834e-01 -0.000000e+00
   outer loop
     vertex  1.705888e+02 -1.007110e+02  0.000000e+00
     vertex  1.705444e+02 -1.006038e+02  1.510000e+00
     vertex  1.705888e+02 -1.007110e+02  1.510000e+00
   endloop
 endfacet
 facet normal  9.238795e-01  3.826834e-01  2.432461e-18
   outer loop
     vertex  1.705888e+02 -1.007110e+02  0.000000e+00
     vertex  1.705444e+02 -1.006038e+02  0.000000e+00
     vertex  1.705444e+02 -1.006038e+02  1.510000e+00
   endloop
 endfacet
 facet normal  7.933533e-01  6.087614e-01  1.490509e-18
   outer loop
     vertex  1.706594e+02 -1.008031e+02  0.000000e+00
     vertex  1.705888e+02 -1.007110e+02  0.000000e+00
     vertex  1.705888e+02 -1.007110e+02  1.510000e+00
   endloop
 endfacet
 facet normal  6.087614e-01  7.933533e-01 -0.000000e+00
   outer loop
     vertex  1.706594e+02 -1.008031e+02  0.000000e+00
     vertex  1.706594e+02 -1.008031e+02  1.510000e+00
     vertex  1.707515e+02 -1.008737e+02  1.510000e+00
   endloop
 endfacet
 facet normal  7.933533e-01  6.087614e-01 -0.000000e+00
   outer loop
     vertex  1.706594e+02 -1.008031e+02  0.000000e+00
     vertex  1.705888e+02 -1.007110e+02  1.510000e+00
     vertex  1.706594e+02 -1.008031e+02  1.510000e+00
   endloop
 endfacet
 facet normal  6.087614e-01  7.933533e-01 -0.000000e+00
   outer loop
     vertex  1.707515e+02 -1.008737e+02  0.000000e+00
     vertex  1.706594e+02 -1.008031e+02  0.000000e+00
     vertex  1.707515e+02 -1.008737e+02  1.510000e+00
   endloop
 endfacet
 facet normal  1.305262e-01  9.914449e-01 -0.000000e+00
   outer loop
     vertex  1.708587e+02 -1.009181e+02  0.000000e+00
     vertex  1.708587e+02 -1.009181e+02  1.510000e+00
     vertex  1.709737e+02 -1.009333e+02  1.510000e+00
   endloop
 endfacet
 facet normal  3.826834e-01  9.238795e-01 -0.000000e+00
   outer loop
     vertex  1.708587e+02 -1.009181e+02  0.000000e+00
     vertex  1.707515e+02 -1.008737e+02  1.510000e+00
     vertex  1.708587e+02 -1.009181e+02  1.510000e+00
   endloop
 endfacet
 facet normal  3.826834e-01  9.238795e-01  2.796119e-19
   outer loop
     vertex  1.708587e+02 -1.009181e+02  0.000000e+00
     vertex  1.707515e+02 -1.008737e+02  0.000000e+00
     vertex  1.707515e+02 -1.008737e+02  1.510000e+00
   endloop
 endfacet
 facet normal  1.305262e-01  9.914449e-01 -0.000000e+00
   outer loop
     vertex  1.709737e+02 -1.009333e+02  0.000000e+00
     vertex  1.708587e+02 -1.009181e+02  0.000000e+00
     vertex  1.709737e+02 -1.009333e+02  1.510000e+00
   endloop
 endfacet
 facet normal -1.305262e-01  9.914449e-01 -1.897608e-19
   outer loop
     vertex  1.736288e+02 -1.009181e+02  0.000000e+00
     vertex  1.735137e+02 -1.009333e+02  0.000000e+00
     vertex  1.735137e+02 -1.009333e+02  1.510000e+00
   endloop
 endfacet
 facet normal -1.305262e-01  9.914449e-01  0.000000e+00
   outer loop
     vertex  1.736288e+02 -1.009181e+02  0.000000e+00
     vertex  1.735137e+02 -1.009333e+02  1.510000e+00
     vertex  1.736288e+02 -1.009181e+02  1.510000e+00
   endloop
 endfacet
 facet normal -3.826834e-01  9.238795e-01  0.000000e+00
   outer loop
     vertex  1.737360e+02 -1.008737e+02  0.000000e+00
     vertex  1.736288e+02 -1.009181e+02  1.510000e+00
     vertex  1.737360e+02 -1.008737e+02  1.510000e+00
   endloop
 endfacet
 facet normal -3.826834e-01  9.238795e-01  2.464558e-18
   outer loop
     vertex  1.737360e+02 -1.008737e+02  0.000000e+00
     vertex  1.736288e+02 -1.009181e+02  0.000000e+00
     vertex  1.736288e+02 -1.009181e+02  1.510000e+00
   endloop
 endfacet
 facet normal -6.087614e-01  7.933533e-01  0.000000e+00
   outer loop
     vertex  1.738281e+02 -1.008031e+02  0.000000e+00
     vertex  1.737360e+02 -1.008737e+02  1.510000e+00
     vertex  1.738281e+02 -1.008031e+02  1.510000e+00
   endloop
 endfacet
 facet normal -6.087614e-01  7.933533e-01  2.003994e-18
   outer loop
     vertex  1.738281e+02 -1.008031e+02  0.000000e+00
     vertex  1.737360e+02 -1.008737e+02  0.000000e+00
     vertex  1.737360e+02 -1.008737e+02  1.510000e+00
   endloop
 endfacet
 facet normal -7.933533e-01  6.087614e-01  0.000000e+00
   outer loop
     vertex  1.738987e+02 -1.007110e+02  0.000000e+00
     vertex  1.738281e+02 -1.008031e+02  1.510000e+00
     vertex  1.738987e+02 -1.007110e+02  1.510000e+00
   endloop
 endfacet
 facet normal -7.933533e-01  6.087614e-01  1.703637e-18
   outer loop
     vertex  1.738987e+02 -1.007110e+02  0.000000e+00
     vertex  1.738281e+02 -1.008031e+02  0.000000e+00
     vertex  1.738281e+02 -1.008031e+02  1.510000e+00
   endloop
 endfacet
 facet normal -9.238795e-01  3.826834e-01  0.000000e+00
   outer loop
     vertex  1.739431e+02 -1.006038e+02  0.000000e+00
     vertex  1.738987e+02 -1.007110e+02  1.510000e+00
     vertex  1.739431e+02 -1.006038e+02  1.510000e+00
   endloop
 endfacet
 facet normal -9.238795e-01  3.826834e-01 -2.432461e-18
   outer loop
     vertex  1.739431e+02 -1.006038e+02  0.000000e+00
     vertex  1.738987e+02 -1.007110e+02  0.000000e+00
     vertex  1.738987e+02 -1.007110e+02  1.510000e+00
   endloop
 endfacet
 facet normal -9.914449e-01  1.305262e-01  0.000000e+00
   outer loop
     vertex  1.739582e+02 -1.004888e+02  0.000000e+00
     vertex  1.739431e+02 -1.006038e+02  1.510000e+00
     vertex  1.739582e+02 -1.004888e+02  1.510000e+00
   endloop
 endfacet
 facet normal -9.914449e-01  1.305262e-01  5.446228e-19
   outer loop
     vertex  1.739582e+02 -1.004888e+02  0.000000e+00
     vertex  1.739431e+02 -1.006038e+02  0.000000e+00
     vertex  1.739431e+02 -1.006038e+02  1.510000e+00
   endloop
 endfacet
 facet normal -9.914449e-01 -1.305262e-01  0.000000e+00
   outer loop
     vertex  1.739431e+02 -1.003737e+02  0.000000e+00
     vertex  1.739582e+02 -1.004888e+02  1.510000e+00
     vertex  1.739431e+02 -1.003737e+02  1.510000e+00
   endloop
 endfacet
 facet normal -9.914449e-01 -1.305262e-01  1.738110e-19
   outer loop
     vertex  1.739431e+02 -1.003737e+02  0.000000e+00
     vertex  1.739582e+02 -1.004888e+02  0.000000e+00
     vertex  1.739582e+02 -1.004888e+02  1.510000e+00
   endloop
 endfacet
 facet normal -9.238795e-01 -3.826834e-01  0.000000e+00
   outer loop
     vertex  1.738987e+02 -1.002665e+02  0.000000e+00
     vertex  1.739431e+02 -1.003737e+02  1.510000e+00
     vertex  1.738987e+02 -1.002665e+02  1.510000e+00
   endloop
 endfacet
 facet normal -9.238795e-01 -3.826834e-01  2.432461e-18
   outer loop
     vertex  1.738987e+02 -1.002665e+02  0.000000e+00
     vertex  1.739431e+02 -1.003737e+02  0.000000e+00
     vertex  1.739431e+02 -1.003737e+02  1.510000e+00
   endloop
 endfacet
 facet normal -7.933533e-01 -6.087614e-01  0.000000e+00
   outer loop
     vertex  1.738281e+02 -1.001744e+02  0.000000e+00
     vertex  1.738987e+02 -1.002665e+02  1.510000e+00
     vertex  1.738281e+02 -1.001744e+02  1.510000e+00
   endloop
 endfacet
 facet normal -7.933533e-01 -6.087614e-01 -1.703637e-18
   outer loop
     vertex  1.738281e+02 -1.001744e+02  0.000000e+00
     vertex  1.738987e+02 -1.002665e+02  0.000000e+00
     vertex  1.738987e+02 -1.002665e+02  1.510000e+00
   endloop
 endfacet
 facet normal -6.087614e-01 -7.933533e-01  0.000000e+00
   outer loop
     vertex  1.737360e+02 -1.001038e+02  0.000000e+00
     vertex  1.738281e+02 -1.001744e+02  1.510000e+00
     vertex  1.737360e+02 -1.001038e+02  1.510000e+00
   endloop
 endfacet
 facet normal -6.087614e-01 -7.933533e-01  5.243056e-20
   outer loop
     vertex  1.737360e+02 -1.001038e+02  0.000000e+00
     vertex  1.738281e+02 -1.001744e+02  0.000000e+00
     vertex  1.738281e+02 -1.001744e+02  1.510000e+00
   endloop
 endfacet
 facet normal -1.305262e-01 -9.914449e-01  0.000000e+00
   outer loop
     vertex  1.736288e+02 -1.000594e+02  0.000000e+00
     vertex  1.736288e+02 -1.000594e+02  1.510000e+00
     vertex  1.735138e+02 -1.000443e+02  1.510000e+00
   endloop
 endfacet
 facet normal -3.826834e-01 -9.238795e-01  0.000000e+00
   outer loop
     vertex  1.736288e+02 -1.000594e+02  0.000000e+00
     vertex  1.737360e+02 -1.001038e+02  1.510000e+00
     vertex  1.736288e+02 -1.000594e+02  1.510000e+00
   endloop
 endfacet
 facet normal -3.826834e-01 -9.238795e-01  2.796119e-19
   outer loop
     vertex  1.736288e+02 -1.000594e+02  0.000000e+00
     vertex  1.737360e+02 -1.001038e+02  0.000000e+00
     vertex  1.737360e+02 -1.001038e+02  1.510000e+00
   endloop
 endfacet
 facet normal -1.305262e-01 -9.914449e-01  0.000000e+00
   outer loop
     vertex  1.735138e+02 -1.000443e+02  0.000000e+00
     vertex  1.736288e+02 -1.000594e+02  0.000000e+00
     vertex  1.735138e+02 -1.000443e+02  1.510000e+00
   endloop
 endfacet
 facet normal  1.305262e-01 -9.914449e-01 -1.897608e-19
   outer loop
     vertex  1.733987e+02 -1.000594e+02  0.000000e+00
     vertex  1.735138e+02 -1.000443e+02  0.000000e+00
     vertex  1.735138e+02 -1.000443e+02  1.510000e+00
   endloop
 endfacet
 facet normal  1.305262e-01 -9.914449e-01  0.000000e+00
   outer loop
     vertex  1.733987e+02 -1.000594e+02  0.000000e+00
     vertex  1.735138e+02 -1.000443e+02  1.510000e+00
     vertex  1.733987e+02 -1.000594e+02  1.510000e+00
   endloop
 endfacet
 facet normal  3.826834e-01 -9.238795e-01  2.464558e-18
   outer loop
     vertex  1.732915e+02 -1.001038e+02  0.000000e+00
     vertex  1.733987e+02 -1.000594e+02  0.000000e+00
     vertex  1.733987e+02 -1.000594e+02  1.510000e+00
   endloop
 endfacet
 facet normal  3.826834e-01 -9.238795e-01  0.000000e+00
   outer loop
     vertex  1.732915e+02 -1.001038e+02  0.000000e+00
     vertex  1.733987e+02 -1.000594e+02  1.510000e+00
     vertex  1.732915e+02 -1.001038e+02  1.510000e+00
   endloop
 endfacet
 facet normal  6.087614e-01 -7.933533e-01  2.003994e-18
   outer loop
     vertex  1.731994e+02 -1.001744e+02  0.000000e+00
     vertex  1.732915e+02 -1.001038e+02  0.000000e+00
     vertex  1.732915e+02 -1.001038e+02  1.510000e+00
   endloop
 endfacet
 facet normal  7.933533e-01 -6.087614e-01  0.000000e+00
   outer loop
     vertex  1.731994e+02 -1.001744e+02  0.000000e+00
     vertex  1.731994e+02 -1.001744e+02  1.510000e+00
     vertex  1.731288e+02 -1.002665e+02  1.510000e+00
   endloop
 endfacet
 facet normal  6.087614e-01 -7.933533e-01  0.000000e+00
   outer loop
     vertex  1.731994e+02 -1.001744e+02  0.000000e+00
     vertex  1.732915e+02 -1.001038e+02  1.510000e+00
     vertex  1.731994e+02 -1.001744e+02  1.510000e+00
   endloop
 endfacet
 facet normal  7.933533e-01 -6.087614e-01  0.000000e+00
   outer loop
     vertex  1.731288e+02 -1.002665e+02  0.000000e+00
     vertex  1.731994e+02 -1.001744e+02  0.000000e+00
     vertex  1.731288e+02 -1.002665e+02  1.510000e+00
   endloop
 endfacet
 facet normal  9.238795e-01 -3.826834e-01 -2.432461e-18
   outer loop
     vertex  1.730844e+02 -1.003737e+02  0.000000e+00
     vertex  1.731288e+02 -1.002665e+02  0.000000e+00
     vertex  1.731288e+02 -1.002665e+02  1.510000e+00
   endloop
 endfacet
 facet normal  9.238795e-01 -3.826834e-01  0.000000e+00
   outer loop
     vertex  1.730844e+02 -1.003737e+02  0.000000e+00
     vertex  1.731288e+02 -1.002665e+02  1.510000e+00
     vertex  1.730844e+02 -1.003737e+02  1.510000e+00
   endloop
 endfacet
 facet normal  9.914449e-01 -1.305262e-01  5.446228e-19
   outer loop
     vertex  1.730693e+02 -1.004887e+02  0.000000e+00
     vertex  1.730844e+02 -1.003737e+02  0.000000e+00
     vertex  1.730844e+02 -1.003737e+02  1.510000e+00
   endloop
 endfacet
 facet normal  9.914449e-01 -1.305262e-01  0.000000e+00
   outer loop
     vertex  1.730693e+02 -1.004887e+02  0.000000e+00
     vertex  1.730844e+02 -1.003737e+02  1.510000e+00
     vertex  1.730693e+02 -1.004887e+02  1.510000e+00
   endloop
 endfacet
 facet normal  9.914449e-01  1.305262e-01 -0.000000e+00
   outer loop
     vertex  1.730844e+02 -1.006038e+02  0.000000e+00
     vertex  1.730693e+02 -1.004887e+02  1.510000e+00
     vertex  1.730844e+02 -1.006038e+02  1.510000e+00
   endloop
 endfacet
 facet normal  9.914449e-01  1.305262e-01  1.738110e-19
   outer loop
     vertex  1.730844e+02 -1.006038e+02  0.000000e+00
     vertex  1.730693e+02 -1.004887e+02  0.000000e+00
     vertex  1.730693e+02 -1.004887e+02  1.510000e+00
   endloop
 endfacet
 facet normal  9.238795e-01  3.826834e-01 -0.000000e+00
   outer loop
     vertex  1.731288e+02 -1.007110e+02  0.000000e+00
     vertex  1.730844e+02 -1.006038e+02  1.510000e+00
     vertex  1.731288e+02 -1.007110e+02  1.510000e+00
   endloop
 endfacet
 facet normal  9.238795e-01  3.826834e-01  2.432461e-18
   outer loop
     vertex  1.731288e+02 -1.007110e+02  0.000000e+00
     vertex  1.730844e+02 -1.006038e+02  0.000000e+00
     vertex  1.730844e+02 -1.006038e+02  1.510000e+00
   endloop
 endfacet
 facet normal  7.933533e-01  6.087614e-01 -1.703637e-18
   outer loop
     vertex  1.731994e+02 -1.008031e+02  0.000000e+00
     vertex  1.731288e+02 -1.007110e+02  0.000000e+00
     vertex  1.731288e+02 -1.007110e+02  1.510000e+00
   endloop
 endfacet
 facet normal  6.087614e-01  7.933533e-01 -0.000000e+00
   outer loop
     vertex  1.731994e+02 -1.008031e+02  0.000000e+00
     vertex  1.731994e+02 -1.008031e+02  1.510000e+00
     vertex  1.732915e+02 -1.008737e+02  1.510000e+00
   endloop
 endfacet
 facet normal  7.933533e-01  6.087614e-01 -0.000000e+00
   outer loop
     vertex  1.731994e+02 -1.008031e+02  0.000000e+00
     vertex  1.731288e+02 -1.007110e+02  1.510000e+00
     vertex  1.731994e+02 -1.008031e+02  1.510000e+00
   endloop
 endfacet
 facet normal  6.087614e-01  7.933533e-01 -0.000000e+00
   outer loop
     vertex  1.732915e+02 -1.008737e+02  0.000000e+00
     vertex  1.731994e+02 -1.008031e+02  0.000000e+00
     vertex  1.732915e+02 -1.008737e+02  1.510000e+00
   endloop
 endfacet
 facet normal  1.305262e-01  9.914449e-01 -0.000000e+00
   outer loop
     vertex  1.733987e+02 -1.009181e+02  0.000000e+00
     vertex  1.733987e+02 -1.009181e+02  1.510000e+00
     vertex  1.735137e+02 -1.009333e+02  1.510000e+00
   endloop
 endfacet
 facet normal  3.826834e-01  9.238795e-01 -0.000000e+00
   outer loop
     vertex  1.733987e+02 -1.009181e+02  0.000000e+00
     vertex  1.732915e+02 -1.008737e+02  1.510000e+00
     vertex  1.733987e+02 -1.009181e+02  1.510000e+00
   endloop
 endfacet
 facet normal  3.826834e-01  9.238795e-01  2.796119e-19
   outer loop
     vertex  1.733987e+02 -1.009181e+02  0.000000e+00
     vertex  1.732915e+02 -1.008737e+02  0.000000e+00
     vertex  1.732915e+02 -1.008737e+02  1.510000e+00
   endloop
 endfacet
 facet normal  1.305262e-01  9.914449e-01 -0.000000e+00
   outer loop
     vertex  1.735137e+02 -1.009333e+02  0.000000e+00
     vertex  1.733987e+02 -1.009181e+02  0.000000e+00
     vertex  1.735137e+02 -1.009333e+02  1.510000e+00
   endloop
 endfacet
 facet normal -1.305262e-01  9.914449e-01 -1.897608e-19
   outer loop
     vertex  1.761688e+02 -1.009181e+02  0.000000e+00
     vertex  1.760538e+02 -1.009333e+02  0.000000e+00
     vertex  1.760538e+02 -1.009333e+02  1.510000e+00
   endloop
 endfacet
 facet normal -1.305262e-01  9.914449e-01  0.000000e+00
   outer loop
     vertex  1.761688e+02 -1.009181e+02  0.000000e+00
     vertex  1.760538e+02 -1.009333e+02  1.510000e+00
     vertex  1.761688e+02 -1.009181e+02  1.510000e+00
   endloop
 endfacet
 facet normal -3.826834e-01  9.238795e-01  0.000000e+00
   outer loop
     vertex  1.762760e+02 -1.008737e+02  0.000000e+00
     vertex  1.761688e+02 -1.009181e+02  1.510000e+00
     vertex  1.762760e+02 -1.008737e+02  1.510000e+00
   endloop
 endfacet
 facet normal -3.826834e-01  9.238795e-01 -2.796119e-19
   outer loop
     vertex  1.762760e+02 -1.008737e+02  0.000000e+00
     vertex  1.761688e+02 -1.009181e+02  0.000000e+00
     vertex  1.761688e+02 -1.009181e+02  1.510000e+00
   endloop
 endfacet
 facet normal -6.087614e-01  7.933533e-01  0.000000e+00
   outer loop
     vertex  1.763681e+02 -1.008031e+02  0.000000e+00
     vertex  1.762760e+02 -1.008737e+02  1.510000e+00
     vertex  1.763681e+02 -1.008031e+02  1.510000e+00
   endloop
 endfacet
 facet normal -6.087614e-01  7.933533e-01  2.003994e-18
   outer loop
     vertex  1.763681e+02 -1.008031e+02  0.000000e+00
     vertex  1.762760e+02 -1.008737e+02  0.000000e+00
     vertex  1.762760e+02 -1.008737e+02  1.510000e+00
   endloop
 endfacet
 facet normal -7.933533e-01  6.087614e-01  0.000000e+00
   outer loop
     vertex  1.764387e+02 -1.007110e+02  0.000000e+00
     vertex  1.763681e+02 -1.008031e+02  1.510000e+00
     vertex  1.764387e+02 -1.007110e+02  1.510000e+00
   endloop
 endfacet
 facet normal -7.933533e-01  6.087614e-01 -1.490509e-18
   outer loop
     vertex  1.764387e+02 -1.007110e+02  0.000000e+00
     vertex  1.763681e+02 -1.008031e+02  0.000000e+00
     vertex  1.763681e+02 -1.008031e+02  1.510000e+00
   endloop
 endfacet
 facet normal -9.238795e-01  3.826834e-01  0.000000e+00
   outer loop
     vertex  1.764831e+02 -1.006038e+02  0.000000e+00
     vertex  1.764387e+02 -1.007110e+02  1.510000e+00
     vertex  1.764831e+02 -1.006038e+02  1.510000e+00
   endloop
 endfacet
 facet normal -9.238795e-01  3.826834e-01 -2.432461e-18
   outer loop
     vertex  1.764831e+02 -1.006038e+02  0.000000e+00
     vertex  1.764387e+02 -1.007110e+02  0.000000e+00
     vertex  1.764387e+02 -1.007110e+02  1.510000e+00
   endloop
 endfacet
 facet normal -9.914449e-01  1.305262e-01  0.000000e+00
   outer loop
     vertex  1.764983e+02 -1.004887e+02  0.000000e+00
     vertex  1.764831e+02 -1.006038e+02  1.510000e+00
     vertex  1.764983e+02 -1.004887e+02  1.510000e+00
   endloop
 endfacet
 facet normal -9.914449e-01  1.305262e-01  5.740299e-20
   outer loop
     vertex  1.764983e+02 -1.004887e+02  0.000000e+00
     vertex  1.764831e+02 -1.006038e+02  0.000000e+00
     vertex  1.764831e+02 -1.006038e+02  1.510000e+00
   endloop
 endfacet
 facet normal -9.914449e-01 -1.305262e-01  0.000000e+00
   outer loop
     vertex  1.764831e+02 -1.003737e+02  0.000000e+00
     vertex  1.764983e+02 -1.004887e+02  1.510000e+00
     vertex  1.764831e+02 -1.003737e+02  1.510000e+00
   endloop
 endfacet
 facet normal -9.914449e-01 -1.305262e-01 -5.740299e-20
   outer loop
     vertex  1.764831e+02 -1.003737e+02  0.000000e+00
     vertex  1.764983e+02 -1.004887e+02  0.000000e+00
     vertex  1.764983e+02 -1.004887e+02  1.510000e+00
   endloop
 endfacet
 facet normal -9.238795e-01 -3.826834e-01  0.000000e+00
   outer loop
     vertex  1.764387e+02 -1.002665e+02  0.000000e+00
     vertex  1.764831e+02 -1.003737e+02  1.510000e+00
     vertex  1.764387e+02 -1.002665e+02  1.510000e+00
   endloop
 endfacet
 facet normal -9.238795e-01 -3.826834e-01  2.432461e-18
   outer loop
     vertex  1.764387e+02 -1.002665e+02  0.000000e+00
     vertex  1.764831e+02 -1.003737e+02  0.000000e+00
     vertex  1.764831e+02 -1.003737e+02  1.510000e+00
   endloop
 endfacet
 facet normal -7.933533e-01 -6.087614e-01  0.000000e+00
   outer loop
     vertex  1.763681e+02 -1.001744e+02  0.000000e+00
     vertex  1.764387e+02 -1.002665e+02  1.510000e+00
     vertex  1.763681e+02 -1.001744e+02  1.510000e+00
   endloop
 endfacet
 facet normal -7.933533e-01 -6.087614e-01  1.490509e-18
   outer loop
     vertex  1.763681e+02 -1.001744e+02  0.000000e+00
     vertex  1.764387e+02 -1.002665e+02  0.000000e+00
     vertex  1.764387e+02 -1.002665e+02  1.510000e+00
   endloop
 endfacet
 facet normal -6.087614e-01 -7.933533e-01  0.000000e+00
   outer loop
     vertex  1.762760e+02 -1.001038e+02  0.000000e+00
     vertex  1.763681e+02 -1.001744e+02  1.510000e+00
     vertex  1.762760e+02 -1.001038e+02  1.510000e+00
   endloop
 endfacet
 facet normal -6.087614e-01 -7.933533e-01 -2.003994e-18
   outer loop
     vertex  1.762760e+02 -1.001038e+02  0.000000e+00
     vertex  1.763681e+02 -1.001744e+02  0.000000e+00
     vertex  1.763681e+02 -1.001744e+02  1.510000e+00
   endloop
 endfacet
 facet normal -1.305262e-01 -9.914449e-01  0.000000e+00
   outer loop
     vertex  1.761688e+02 -1.000594e+02  0.000000e+00
     vertex  1.761688e+02 -1.000594e+02  1.510000e+00
     vertex  1.760538e+02 -1.000442e+02  1.510000e+00
   endloop
 endfacet
 facet normal -3.826834e-01 -9.238795e-01  0.000000e+00
   outer loop
     vertex  1.761688e+02 -1.000594e+02  0.000000e+00
     vertex  1.762760e+02 -1.001038e+02  1.510000e+00
     vertex  1.761688e+02 -1.000594e+02  1.510000e+00
   endloop
 endfacet
 facet normal -3.826834e-01 -9.238795e-01  2.796119e-19
   outer loop
     vertex  1.761688e+02 -1.000594e+02  0.000000e+00
     vertex  1.762760e+02 -1.001038e+02  0.000000e+00
     vertex  1.762760e+02 -1.001038e+02  1.510000e+00
   endloop
 endfacet
 facet normal -1.305262e-01 -9.914449e-01  0.000000e+00
   outer loop
     vertex  1.760538e+02 -1.000442e+02  0.000000e+00
     vertex  1.761688e+02 -1.000594e+02  0.000000e+00
     vertex  1.760538e+02 -1.000442e+02  1.510000e+00
   endloop
 endfacet
 facet normal  1.305262e-01 -9.914449e-01 -1.897608e-19
   outer loop
     vertex  1.759387e+02 -1.000594e+02  0.000000e+00
     vertex  1.760538e+02 -1.000442e+02  0.000000e+00
     vertex  1.760538e+02 -1.000442e+02  1.510000e+00
   endloop
 endfacet
 facet normal  1.305262e-01 -9.914449e-01  0.000000e+00
   outer loop
     vertex  1.759387e+02 -1.000594e+02  0.000000e+00
     vertex  1.760538e+02 -1.000442e+02  1.510000e+00
     vertex  1.759387e+02 -1.000594e+02  1.510000e+00
   endloop
 endfacet
 facet normal  3.826834e-01 -9.238795e-01 -2.796119e-19
   outer loop
     vertex  1.758315e+02 -1.001038e+02  0.000000e+00
     vertex  1.759387e+02 -1.000594e+02  0.000000e+00
     vertex  1.759387e+02 -1.000594e+02  1.510000e+00
   endloop
 endfacet
 facet normal  3.826834e-01 -9.238795e-01  0.000000e+00
   outer loop
     vertex  1.758315e+02 -1.001038e+02  0.000000e+00
     vertex  1.759387e+02 -1.000594e+02  1.510000e+00
     vertex  1.758315e+02 -1.001038e+02  1.510000e+00
   endloop
 endfacet
 facet normal  6.087614e-01 -7.933533e-01  2.003994e-18
   outer loop
     vertex  1.757394e+02 -1.001744e+02  0.000000e+00
     vertex  1.758315e+02 -1.001038e+02  0.000000e+00
     vertex  1.758315e+02 -1.001038e+02  1.510000e+00
   endloop
 endfacet
 facet normal  7.933533e-01 -6.087614e-01  0.000000e+00
   outer loop
     vertex  1.757394e+02 -1.001744e+02  0.000000e+00
     vertex  1.757394e+02 -1.001744e+02  1.510000e+00
     vertex  1.756688e+02 -1.002665e+02  1.510000e+00
   endloop
 endfacet
 facet normal  6.087614e-01 -7.933533e-01  0.000000e+00
   outer loop
     vertex  1.757394e+02 -1.001744e+02  0.000000e+00
     vertex  1.758315e+02 -1.001038e+02  1.510000e+00
     vertex  1.757394e+02 -1.001744e+02  1.510000e+00
   endloop
 endfacet
 facet normal  7.933533e-01 -6.087614e-01  0.000000e+00
   outer loop
     vertex  1.756688e+02 -1.002665e+02  0.000000e+00
     vertex  1.757394e+02 -1.001744e+02  0.000000e+00
     vertex  1.756688e+02 -1.002665e+02  1.510000e+00
   endloop
 endfacet
 facet normal  9.238795e-01 -3.826834e-01 -2.432461e-18
   outer loop
     vertex  1.756244e+02 -1.003737e+02  0.000000e+00
     vertex  1.756688e+02 -1.002665e+02  0.000000e+00
     vertex  1.756688e+02 -1.002665e+02  1.510000e+00
   endloop
 endfacet
 facet normal  9.238795e-01 -3.826834e-01  0.000000e+00
   outer loop
     vertex  1.756244e+02 -1.003737e+02  0.000000e+00
     vertex  1.756688e+02 -1.002665e+02  1.510000e+00
     vertex  1.756244e+02 -1.003737e+02  1.510000e+00
   endloop
 endfacet
 facet normal  9.914449e-01 -1.305262e-01  5.740299e-20
   outer loop
     vertex  1.756093e+02 -1.004887e+02  0.000000e+00
     vertex  1.756244e+02 -1.003737e+02  0.000000e+00
     vertex  1.756244e+02 -1.003737e+02  1.510000e+00
   endloop
 endfacet
 facet normal  9.914449e-01 -1.305262e-01  0.000000e+00
   outer loop
     vertex  1.756093e+02 -1.004887e+02  0.000000e+00
     vertex  1.756244e+02 -1.003737e+02  1.510000e+00
     vertex  1.756093e+02 -1.004887e+02  1.510000e+00
   endloop
 endfacet
 facet normal  9.914449e-01  1.305262e-01 -0.000000e+00
   outer loop
     vertex  1.756244e+02 -1.006038e+02  0.000000e+00
     vertex  1.756093e+02 -1.004887e+02  1.510000e+00
     vertex  1.756244e+02 -1.006038e+02  1.510000e+00
   endloop
 endfacet
 facet normal  9.914449e-01  1.305262e-01 -5.740299e-20
   outer loop
     vertex  1.756244e+02 -1.006038e+02  0.000000e+00
     vertex  1.756093e+02 -1.004887e+02  0.000000e+00
     vertex  1.756093e+02 -1.004887e+02  1.510000e+00
   endloop
 endfacet
 facet normal  9.238795e-01  3.826834e-01 -0.000000e+00
   outer loop
     vertex  1.756688e+02 -1.007110e+02  0.000000e+00
     vertex  1.756244e+02 -1.006038e+02  1.510000e+00
     vertex  1.756688e+02 -1.007110e+02  1.510000e+00
   endloop
 endfacet
 facet normal  9.238795e-01  3.826834e-01  2.432461e-18
   outer loop
     vertex  1.756688e+02 -1.007110e+02  0.000000e+00
     vertex  1.756244e+02 -1.006038e+02  0.000000e+00
     vertex  1.756244e+02 -1.006038e+02  1.510000e+00
   endloop
 endfacet
 facet normal  7.933533e-01  6.087614e-01  1.490509e-18
   outer loop
     vertex  1.757394e+02 -1.008031e+02  0.000000e+00
     vertex  1.756688e+02 -1.007110e+02  0.000000e+00
     vertex  1.756688e+02 -1.007110e+02  1.510000e+00
   endloop
 endfacet
 facet normal  6.087614e-01  7.933533e-01 -0.000000e+00
   outer loop
     vertex  1.757394e+02 -1.008031e+02  0.000000e+00
     vertex  1.757394e+02 -1.008031e+02  1.510000e+00
     vertex  1.758315e+02 -1.008737e+02  1.510000e+00
   endloop
 endfacet
 facet normal  7.933533e-01  6.087614e-01 -0.000000e+00
   outer loop
     vertex  1.757394e+02 -1.008031e+02  0.000000e+00
     vertex  1.756688e+02 -1.007110e+02  1.510000e+00
     vertex  1.757394e+02 -1.008031e+02  1.510000e+00
   endloop
 endfacet
 facet normal  6.087614e-01  7.933533e-01 -0.000000e+00
   outer loop
     vertex  1.758315e+02 -1.008737e+02  0.000000e+00
     vertex  1.757394e+02 -1.008031e+02  0.000000e+00
     vertex  1.758315e+02 -1.008737e+02  1.510000e+00
   endloop
 endfacet
 facet normal  1.305262e-01  9.914449e-01 -0.000000e+00
   outer loop
     vertex  1.759387e+02 -1.009181e+02  0.000000e+00
     vertex  1.759387e+02 -1.009181e+02  1.510000e+00
     vertex  1.760538e+02 -1.009333e+02  1.510000e+00
   endloop
 endfacet
 facet normal  3.826834e-01  9.238795e-01 -0.000000e+00
   outer loop
     vertex  1.759387e+02 -1.009181e+02  0.000000e+00
     vertex  1.758315e+02 -1.008737e+02  1.510000e+00
     vertex  1.759387e+02 -1.009181e+02  1.510000e+00
   endloop
 endfacet
 facet normal  3.826834e-01  9.238795e-01  2.796119e-19
   outer loop
     vertex  1.759387e+02 -1.009181e+02  0.000000e+00
     vertex  1.758315e+02 -1.008737e+02  0.000000e+00
     vertex  1.758315e+02 -1.008737e+02  1.510000e+00
   endloop
 endfacet
 facet normal  1.305262e-01  9.914449e-01 -0.000000e+00
   outer loop
     vertex  1.760538e+02 -1.009333e+02  0.000000e+00
     vertex  1.759387e+02 -1.009181e+02  0.000000e+00
     vertex  1.760538e+02 -1.009333e+02  1.510000e+00
   endloop
 endfacet
 facet normal -1.305262e-01  9.914449e-01 -1.897608e-19
   outer loop
     vertex  1.787088e+02 -1.009181e+02  0.000000e+00
     vertex  1.785938e+02 -1.009333e+02  0.000000e+00
     vertex  1.785938e+02 -1.009333e+02  1.510000e+00
   endloop
 endfacet
 facet normal -1.305262e-01  9.914449e-01  0.000000e+00
   outer loop
     vertex  1.787088e+02 -1.009181e+02  0.000000e+00
     vertex  1.785938e+02 -1.009333e+02  1.510000e+00
     vertex  1.787088e+02 -1.009181e+02  1.510000e+00
   endloop
 endfacet
 facet normal -3.826834e-01  9.238795e-01  0.000000e+00
   outer loop
     vertex  1.788160e+02 -1.008737e+02  0.000000e+00
     vertex  1.787088e+02 -1.009181e+02  1.510000e+00
     vertex  1.788160e+02 -1.008737e+02  1.510000e+00
   endloop
 endfacet
 facet normal -3.826834e-01  9.238795e-01 -2.796119e-19
   outer loop
     vertex  1.788160e+02 -1.008737e+02  0.000000e+00
     vertex  1.787088e+02 -1.009181e+02  0.000000e+00
     vertex  1.787088e+02 -1.009181e+02  1.510000e+00
   endloop
 endfacet
 facet normal -6.087614e-01  7.933533e-01  0.000000e+00
   outer loop
     vertex  1.789081e+02 -1.008031e+02  0.000000e+00
     vertex  1.788160e+02 -1.008737e+02  1.510000e+00
     vertex  1.789081e+02 -1.008031e+02  1.510000e+00
   endloop
 endfacet
 facet normal -6.087614e-01  7.933533e-01  2.003994e-18
   outer loop
     vertex  1.789081e+02 -1.008031e+02  0.000000e+00
     vertex  1.788160e+02 -1.008737e+02  0.000000e+00
     vertex  1.788160e+02 -1.008737e+02  1.510000e+00
   endloop
 endfacet
 facet normal -7.933533e-01  6.087614e-01  0.000000e+00
   outer loop
     vertex  1.789787e+02 -1.007110e+02  0.000000e+00
     vertex  1.789081e+02 -1.008031e+02  1.510000e+00
     vertex  1.789787e+02 -1.007110e+02  1.510000e+00
   endloop
 endfacet
 facet normal -7.933533e-01  6.087614e-01 -1.490509e-18
   outer loop
     vertex  1.789787e+02 -1.007110e+02  0.000000e+00
     vertex  1.789081e+02 -1.008031e+02  0.000000e+00
     vertex  1.789081e+02 -1.008031e+02  1.510000e+00
   endloop
 endfacet
 facet normal -9.238795e-01  3.826834e-01  0.000000e+00
   outer loop
     vertex  1.790231e+02 -1.006038e+02  0.000000e+00
     vertex  1.789787e+02 -1.007110e+02  1.510000e+00
     vertex  1.790231e+02 -1.006038e+02  1.510000e+00
   endloop
 endfacet
 facet normal -9.238795e-01  3.826834e-01 -2.432461e-18
   outer loop
     vertex  1.790231e+02 -1.006038e+02  0.000000e+00
     vertex  1.789787e+02 -1.007110e+02  0.000000e+00
     vertex  1.789787e+02 -1.007110e+02  1.510000e+00
   endloop
 endfacet
 facet normal -9.914449e-01  1.305262e-01  0.000000e+00
   outer loop
     vertex  1.790383e+02 -1.004887e+02  0.000000e+00
     vertex  1.790231e+02 -1.006038e+02  1.510000e+00
     vertex  1.790383e+02 -1.004887e+02  1.510000e+00
   endloop
 endfacet
 facet normal -9.914449e-01  1.305262e-01  5.740299e-20
   outer loop
     vertex  1.790383e+02 -1.004887e+02  0.000000e+00
     vertex  1.790231e+02 -1.006038e+02  0.000000e+00
     vertex  1.790231e+02 -1.006038e+02  1.510000e+00
   endloop
 endfacet
 facet normal -9.914449e-01 -1.305262e-01  0.000000e+00
   outer loop
     vertex  1.790231e+02 -1.003737e+02  0.000000e+00
     vertex  1.790383e+02 -1.004887e+02  1.510000e+00
     vertex  1.790231e+02 -1.003737e+02  1.510000e+00
   endloop
 endfacet
 facet normal -9.914449e-01 -1.305262e-01 -5.740299e-20
   outer loop
     vertex  1.790231e+02 -1.003737e+02  0.000000e+00
     vertex  1.790383e+02 -1.004887e+02  0.000000e+00
     vertex  1.790383e+02 -1.004887e+02  1.510000e+00
   endloop
 endfacet
 facet normal -9.238795e-01 -3.826834e-01  0.000000e+00
   outer loop
     vertex  1.789787e+02 -1.002665e+02  0.000000e+00
     vertex  1.790231e+02 -1.003737e+02  1.510000e+00
     vertex  1.789787e+02 -1.002665e+02  1.510000e+00
   endloop
 endfacet
 facet normal -9.238795e-01 -3.826834e-01  2.432461e-18
   outer loop
     vertex  1.789787e+02 -1.002665e+02  0.000000e+00
     vertex  1.790231e+02 -1.003737e+02  0.000000e+00
     vertex  1.790231e+02 -1.003737e+02  1.510000e+00
   endloop
 endfacet
 facet normal -7.933533e-01 -6.087614e-01  0.000000e+00
   outer loop
     vertex  1.789081e+02 -1.001744e+02  0.000000e+00
     vertex  1.789787e+02 -1.002665e+02  1.510000e+00
     vertex  1.789081e+02 -1.001744e+02  1.510000e+00
   endloop
 endfacet
 facet normal -7.933533e-01 -6.087614e-01  1.490509e-18
   outer loop
     vertex  1.789081e+02 -1.001744e+02  0.000000e+00
     vertex  1.789787e+02 -1.002665e+02  0.000000e+00
     vertex  1.789787e+02 -1.002665e+02  1.510000e+00
   endloop
 endfacet
 facet normal -6.087614e-01 -7.933533e-01  0.000000e+00
   outer loop
     vertex  1.788160e+02 -1.001038e+02  0.000000e+00
     vertex  1.789081e+02 -1.001744e+02  1.510000e+00
     vertex  1.788160e+02 -1.001038e+02  1.510000e+00
   endloop
 endfacet
 facet normal -6.087614e-01 -7.933533e-01 -2.003994e-18
   outer loop
     vertex  1.788160e+02 -1.001038e+02  0.000000e+00
     vertex  1.789081e+02 -1.001744e+02  0.000000e+00
     vertex  1.789081e+02 -1.001744e+02  1.510000e+00
   endloop
 endfacet
 facet normal -1.305262e-01 -9.914449e-01  0.000000e+00
   outer loop
     vertex  1.787088e+02 -1.000594e+02  0.000000e+00
     vertex  1.787088e+02 -1.000594e+02  1.510000e+00
     vertex  1.785938e+02 -1.000442e+02  1.510000e+00
   endloop
 endfacet
 facet normal -3.826834e-01 -9.238795e-01  0.000000e+00
   outer loop
     vertex  1.787088e+02 -1.000594e+02  0.000000e+00
     vertex  1.788160e+02 -1.001038e+02  1.510000e+00
     vertex  1.787088e+02 -1.000594e+02  1.510000e+00
   endloop
 endfacet
 facet normal -3.826834e-01 -9.238795e-01  2.796119e-19
   outer loop
     vertex  1.787088e+02 -1.000594e+02  0.000000e+00
     vertex  1.788160e+02 -1.001038e+02  0.000000e+00
     vertex  1.788160e+02 -1.001038e+02  1.510000e+00
   endloop
 endfacet
 facet normal -1.305262e-01 -9.914449e-01  0.000000e+00
   outer loop
     vertex  1.785938e+02 -1.000442e+02  0.000000e+00
     vertex  1.787088e+02 -1.000594e+02  0.000000e+00
     vertex  1.785938e+02 -1.000442e+02  1.510000e+00
   endloop
 endfacet
 facet normal  1.305262e-01 -9.914449e-01 -1.897608e-19
   outer loop
     vertex  1.784787e+02 -1.000594e+02  0.000000e+00
     vertex  1.785938e+02 -1.000442e+02  0.000000e+00
     vertex  1.785938e+02 -1.000442e+02  1.510000e+00
   endloop
 endfacet
 facet normal  1.305262e-01 -9.914449e-01  0.000000e+00
   outer loop
     vertex  1.784787e+02 -1.000594e+02  0.000000e+00
     vertex  1.785938e+02 -1.000442e+02  1.510000e+00
     vertex  1.784787e+02 -1.000594e+02  1.510000e+00
   endloop
 endfacet
 facet normal  3.826834e-01 -9.238795e-01 -2.796119e-19
   outer loop
     vertex  1.783715e+02 -1.001038e+02  0.000000e+00
     vertex  1.784787e+02 -1.000594e+02  0.000000e+00
     vertex  1.784787e+02 -1.000594e+02  1.510000e+00
   endloop
 endfacet
 facet normal  3.826834e-01 -9.238795e-01  0.000000e+00
   outer loop
     vertex  1.783715e+02 -1.001038e+02  0.000000e+00
     vertex  1.784787e+02 -1.000594e+02  1.510000e+00
     vertex  1.783715e+02 -1.001038e+02  1.510000e+00
   endloop
 endfacet
 facet normal  6.087614e-01 -7.933533e-01  2.003994e-18
   outer loop
     vertex  1.782794e+02 -1.001744e+02  0.000000e+00
     vertex  1.783715e+02 -1.001038e+02  0.000000e+00
     vertex  1.783715e+02 -1.001038e+02  1.510000e+00
   endloop
 endfacet
 facet normal  7.933533e-01 -6.087614e-01  0.000000e+00
   outer loop
     vertex  1.782794e+02 -1.001744e+02  0.000000e+00
     vertex  1.782794e+02 -1.001744e+02  1.510000e+00
     vertex  1.782088e+02 -1.002665e+02  1.510000e+00
   endloop
 endfacet
 facet normal  6.087614e-01 -7.933533e-01  0.000000e+00
   outer loop
     vertex  1.782794e+02 -1.001744e+02  0.000000e+00
     vertex  1.783715e+02 -1.001038e+02  1.510000e+00
     vertex  1.782794e+02 -1.001744e+02  1.510000e+00
   endloop
 endfacet
 facet normal  7.933533e-01 -6.087614e-01  0.000000e+00
   outer loop
     vertex  1.782088e+02 -1.002665e+02  0.000000e+00
     vertex  1.782794e+02 -1.001744e+02  0.000000e+00
     vertex  1.782088e+02 -1.002665e+02  1.510000e+00
   endloop
 endfacet
 facet normal  9.238795e-01 -3.826834e-01 -2.432461e-18
   outer loop
     vertex  1.781644e+02 -1.003737e+02  0.000000e+00
     vertex  1.782088e+02 -1.002665e+02  0.000000e+00
     vertex  1.782088e+02 -1.002665e+02  1.510000e+00
   endloop
 endfacet
 facet normal  9.238795e-01 -3.826834e-01  0.000000e+00
   outer loop
     vertex  1.781644e+02 -1.003737e+02  0.000000e+00
     vertex  1.782088e+02 -1.002665e+02  1.510000e+00
     vertex  1.781644e+02 -1.003737e+02  1.510000e+00
   endloop
 endfacet
 facet normal  9.914449e-01 -1.305262e-01  5.740299e-20
   outer loop
     vertex  1.781492e+02 -1.004887e+02  0.000000e+00
     vertex  1.781644e+02 -1.003737e+02  0.000000e+00
     vertex  1.781644e+02 -1.003737e+02  1.510000e+00
   endloop
 endfacet
 facet normal  9.914449e-01 -1.305262e-01  0.000000e+00
   outer loop
     vertex  1.781492e+02 -1.004887e+02  0.000000e+00
     vertex  1.781644e+02 -1.003737e+02  1.510000e+00
     vertex  1.781492e+02 -1.004887e+02  1.510000e+00
   endloop
 endfacet
 facet normal  9.914449e-01  1.305262e-01 -0.000000e+00
   outer loop
     vertex  1.781644e+02 -1.006038e+02  0.000000e+00
     vertex  1.781492e+02 -1.004887e+02  1.510000e+00
     vertex  1.781644e+02 -1.006038e+02  1.510000e+00
   endloop
 endfacet
 facet normal  9.914449e-01  1.305262e-01 -5.740299e-20
   outer loop
     vertex  1.781644e+02 -1.006038e+02  0.000000e+00
     vertex  1.781492e+02 -1.004887e+02  0.000000e+00
     vertex  1.781492e+02 -1.004887e+02  1.510000e+00
   endloop
 endfacet
 facet normal  9.238795e-01  3.826834e-01 -0.000000e+00
   outer loop
     vertex  1.782088e+02 -1.007110e+02  0.000000e+00
     vertex  1.781644e+02 -1.006038e+02  1.510000e+00
     vertex  1.782088e+02 -1.007110e+02  1.510000e+00
   endloop
 endfacet
 facet normal  9.238795e-01  3.826834e-01  2.432461e-18
   outer loop
     vertex  1.782088e+02 -1.007110e+02  0.000000e+00
     vertex  1.781644e+02 -1.006038e+02  0.000000e+00
     vertex  1.781644e+02 -1.006038e+02  1.510000e+00
   endloop
 endfacet
 facet normal  7.933533e-01  6.087614e-01  1.490509e-18
   outer loop
     vertex  1.782794e+02 -1.008031e+02  0.000000e+00
     vertex  1.782088e+02 -1.007110e+02  0.000000e+00
     vertex  1.782088e+02 -1.007110e+02  1.510000e+00
   endloop
 endfacet
 facet normal  6.087614e-01  7.933533e-01 -0.000000e+00
   outer loop
     vertex  1.782794e+02 -1.008031e+02  0.000000e+00
     vertex  1.782794e+02 -1.008031e+02  1.510000e+00
     vertex  1.783715e+02 -1.008737e+02  1.510000e+00
   endloop
 endfacet
 facet normal  7.933533e-01  6.087614e-01 -0.000000e+00
   outer loop
     vertex  1.782794e+02 -1.008031e+02  0.000000e+00
     vertex  1.782088e+02 -1.007110e+02  1.510000e+00
     vertex  1.782794e+02 -1.008031e+02  1.510000e+00
   endloop
 endfacet
 facet normal  6.087614e-01  7.933533e-01 -0.000000e+00
   outer loop
     vertex  1.783715e+02 -1.008737e+02  0.000000e+00
     vertex  1.782794e+02 -1.008031e+02  0.000000e+00
     vertex  1.783715e+02 -1.008737e+02  1.510000e+00
   endloop
 endfacet
 facet normal  1.305262e-01  9.914449e-01 -0.000000e+00
   outer loop
     vertex  1.784787e+02 -1.009181e+02  0.000000e+00
     vertex  1.784787e+02 -1.009181e+02  1.510000e+00
     vertex  1.785938e+02 -1.009333e+02  1.510000e+00
   endloop
 endfacet
 facet normal  3.826834e-01  9.238795e-01 -0.000000e+00
   outer loop
     vertex  1.784787e+02 -1.009181e+02  0.000000e+00
     vertex  1.783715e+02 -1.008737e+02  1.510000e+00
     vertex  1.784787e+02 -1.009181e+02  1.510000e+00
   endloop
 endfacet
 facet normal  3.826834e-01  9.238795e-01  2.796119e-19
   outer loop
     vertex  1.784787e+02 -1.009181e+02  0.000000e+00
     vertex  1.783715e+02 -1.008737e+02  0.000000e+00
     vertex  1.783715e+02 -1.008737e+02  1.510000e+00
   endloop
 endfacet
 facet normal  1.305262e-01  9.914449e-01 -0.000000e+00
   outer loop
     vertex  1.785938e+02 -1.009333e+02  0.000000e+00
     vertex  1.784787e+02 -1.009181e+02  0.000000e+00
     vertex  1.785938e+02 -1.009333e+02  1.510000e+00
   endloop
 endfacet
 facet normal -1.305262e-01  9.914449e-01 -1.897608e-19
   outer loop
     vertex  1.812488e+02 -1.009181e+02  0.000000e+00
     vertex  1.811337e+02 -1.009333e+02  0.000000e+00
     vertex  1.811337e+02 -1.009333e+02  1.510000e+00
   endloop
 endfacet
 facet normal -1.305262e-01  9.914449e-01  0.000000e+00
   outer loop
     vertex  1.812488e+02 -1.009181e+02  0.000000e+00
     vertex  1.811337e+02 -1.009333e+02  1.510000e+00
     vertex  1.812488e+02 -1.009181e+02  1.510000e+00
   endloop
 endfacet
 facet normal -3.826834e-01  9.238795e-01  0.000000e+00
   outer loop
     vertex  1.813560e+02 -1.008737e+02  0.000000e+00
     vertex  1.812488e+02 -1.009181e+02  1.510000e+00
     vertex  1.813560e+02 -1.008737e+02  1.510000e+00
   endloop
 endfacet
 facet normal -3.826834e-01  9.238795e-01 -2.796119e-19
   outer loop
     vertex  1.813560e+02 -1.008737e+02  0.000000e+00
     vertex  1.812488e+02 -1.009181e+02  0.000000e+00
     vertex  1.812488e+02 -1.009181e+02  1.510000e+00
   endloop
 endfacet
 facet normal -6.087614e-01  7.933533e-01  0.000000e+00
   outer loop
     vertex  1.814481e+02 -1.008031e+02  0.000000e+00
     vertex  1.813560e+02 -1.008737e+02  1.510000e+00
     vertex  1.814481e+02 -1.008031e+02  1.510000e+00
   endloop
 endfacet
 facet normal -6.087614e-01  7.933533e-01  2.003994e-18
   outer loop
     vertex  1.814481e+02 -1.008031e+02  0.000000e+00
     vertex  1.813560e+02 -1.008737e+02  0.000000e+00
     vertex  1.813560e+02 -1.008737e+02  1.510000e+00
   endloop
 endfacet
 facet normal -7.933533e-01  6.087614e-01  0.000000e+00
   outer loop
     vertex  1.815187e+02 -1.007110e+02  0.000000e+00
     vertex  1.814481e+02 -1.008031e+02  1.510000e+00
     vertex  1.815187e+02 -1.007110e+02  1.510000e+00
   endloop
 endfacet
 facet normal -7.933533e-01  6.087614e-01 -1.490509e-18
   outer loop
     vertex  1.815187e+02 -1.007110e+02  0.000000e+00
     vertex  1.814481e+02 -1.008031e+02  0.000000e+00
     vertex  1.814481e+02 -1.008031e+02  1.510000e+00
   endloop
 endfacet
 facet normal -9.238795e-01  3.826834e-01  0.000000e+00
   outer loop
     vertex  1.815631e+02 -1.006038e+02  0.000000e+00
     vertex  1.815187e+02 -1.007110e+02  1.510000e+00
     vertex  1.815631e+02 -1.006038e+02  1.510000e+00
   endloop
 endfacet
 facet normal -9.238795e-01  3.826834e-01 -2.432461e-18
   outer loop
     vertex  1.815631e+02 -1.006038e+02  0.000000e+00
     vertex  1.815187e+02 -1.007110e+02  0.000000e+00
     vertex  1.815187e+02 -1.007110e+02  1.510000e+00
   endloop
 endfacet
 facet normal -9.914449e-01  1.305262e-01  0.000000e+00
   outer loop
     vertex  1.815782e+02 -1.004887e+02  0.000000e+00
     vertex  1.815631e+02 -1.006038e+02  1.510000e+00
     vertex  1.815782e+02 -1.004887e+02  1.510000e+00
   endloop
 endfacet
 facet normal -9.914449e-01  1.305262e-01  5.740299e-20
   outer loop
     vertex  1.815782e+02 -1.004887e+02  0.000000e+00
     vertex  1.815631e+02 -1.006038e+02  0.000000e+00
     vertex  1.815631e+02 -1.006038e+02  1.510000e+00
   endloop
 endfacet
 facet normal -9.914449e-01 -1.305262e-01  0.000000e+00
   outer loop
     vertex  1.815631e+02 -1.003737e+02  0.000000e+00
     vertex  1.815782e+02 -1.004887e+02  1.510000e+00
     vertex  1.815631e+02 -1.003737e+02  1.510000e+00
   endloop
 endfacet
 facet normal -9.914449e-01 -1.305262e-01 -5.740299e-20
   outer loop
     vertex  1.815631e+02 -1.003737e+02  0.000000e+00
     vertex  1.815782e+02 -1.004887e+02  0.000000e+00
     vertex  1.815782e+02 -1.004887e+02  1.510000e+00
   endloop
 endfacet
 facet normal -9.238795e-01 -3.826834e-01  0.000000e+00
   outer loop
     vertex  1.815187e+02 -1.002665e+02  0.000000e+00
     vertex  1.815631e+02 -1.003737e+02  1.510000e+00
     vertex  1.815187e+02 -1.002665e+02  1.510000e+00
   endloop
 endfacet
 facet normal -9.238795e-01 -3.826834e-01  2.432461e-18
   outer loop
     vertex  1.815187e+02 -1.002665e+02  0.000000e+00
     vertex  1.815631e+02 -1.003737e+02  0.000000e+00
     vertex  1.815631e+02 -1.003737e+02  1.510000e+00
   endloop
 endfacet
 facet normal -7.933533e-01 -6.087614e-01  0.000000e+00
   outer loop
     vertex  1.814481e+02 -1.001744e+02  0.000000e+00
     vertex  1.815187e+02 -1.002665e+02  1.510000e+00
     vertex  1.814481e+02 -1.001744e+02  1.510000e+00
   endloop
 endfacet
 facet normal -7.933533e-01 -6.087614e-01  1.490509e-18
   outer loop
     vertex  1.814481e+02 -1.001744e+02  0.000000e+00
     vertex  1.815187e+02 -1.002665e+02  0.000000e+00
     vertex  1.815187e+02 -1.002665e+02  1.510000e+00
   endloop
 endfacet
 facet normal -6.087614e-01 -7.933533e-01  0.000000e+00
   outer loop
     vertex  1.813560e+02 -1.001038e+02  0.000000e+00
     vertex  1.814481e+02 -1.001744e+02  1.510000e+00
     vertex  1.813560e+02 -1.001038e+02  1.510000e+00
   endloop
 endfacet
 facet normal -6.087614e-01 -7.933533e-01 -2.003994e-18
   outer loop
     vertex  1.813560e+02 -1.001038e+02  0.000000e+00
     vertex  1.814481e+02 -1.001744e+02  0.000000e+00
     vertex  1.814481e+02 -1.001744e+02  1.510000e+00
   endloop
 endfacet
 facet normal -1.305262e-01 -9.914449e-01  0.000000e+00
   outer loop
     vertex  1.812488e+02 -1.000594e+02  0.000000e+00
     vertex  1.812488e+02 -1.000594e+02  1.510000e+00
     vertex  1.811337e+02 -1.000442e+02  1.510000e+00
   endloop
 endfacet
 facet normal -3.826834e-01 -9.238795e-01  0.000000e+00
   outer loop
     vertex  1.812488e+02 -1.000594e+02  0.000000e+00
     vertex  1.813560e+02 -1.001038e+02  1.510000e+00
     vertex  1.812488e+02 -1.000594e+02  1.510000e+00
   endloop
 endfacet
 facet normal -3.826834e-01 -9.238795e-01  2.796119e-19
   outer loop
     vertex  1.812488e+02 -1.000594e+02  0.000000e+00
     vertex  1.813560e+02 -1.001038e+02  0.000000e+00
     vertex  1.813560e+02 -1.001038e+02  1.510000e+00
   endloop
 endfacet
 facet normal -1.305262e-01 -9.914449e-01  0.000000e+00
   outer loop
     vertex  1.811337e+02 -1.000442e+02  0.000000e+00
     vertex  1.812488e+02 -1.000594e+02  0.000000e+00
     vertex  1.811337e+02 -1.000442e+02  1.510000e+00
   endloop
 endfacet
 facet normal  1.305262e-01 -9.914449e-01 -1.897608e-19
   outer loop
     vertex  1.810187e+02 -1.000594e+02  0.000000e+00
     vertex  1.811337e+02 -1.000442e+02  0.000000e+00
     vertex  1.811337e+02 -1.000442e+02  1.510000e+00
   endloop
 endfacet
 facet normal  1.305262e-01 -9.914449e-01  0.000000e+00
   outer loop
     vertex  1.810187e+02 -1.000594e+02  0.000000e+00
     vertex  1.811337e+02 -1.000442e+02  1.510000e+00
     vertex  1.810187e+02 -1.000594e+02  1.510000e+00
   endloop
 endfacet
 facet normal  3.826834e-01 -9.238795e-01 -2.796119e-19
   outer loop
     vertex  1.809115e+02 -1.001038e+02  0.000000e+00
     vertex  1.810187e+02 -1.000594e+02  0.000000e+00
     vertex  1.810187e+02 -1.000594e+02  1.510000e+00
   endloop
 endfacet
 facet normal  3.826834e-01 -9.238795e-01  0.000000e+00
   outer loop
     vertex  1.809115e+02 -1.001038e+02  0.000000e+00
     vertex  1.810187e+02 -1.000594e+02  1.510000e+00
     vertex  1.809115e+02 -1.001038e+02  1.510000e+00
   endloop
 endfacet
 facet normal  6.087614e-01 -7.933533e-01  2.003994e-18
   outer loop
     vertex  1.808194e+02 -1.001744e+02  0.000000e+00
     vertex  1.809115e+02 -1.001038e+02  0.000000e+00
     vertex  1.809115e+02 -1.001038e+02  1.510000e+00
   endloop
 endfacet
 facet normal  7.933533e-01 -6.087614e-01  0.000000e+00
   outer loop
     vertex  1.808194e+02 -1.001744e+02  0.000000e+00
     vertex  1.808194e+02 -1.001744e+02  1.510000e+00
     vertex  1.807488e+02 -1.002665e+02  1.510000e+00
   endloop
 endfacet
 facet normal  6.087614e-01 -7.933533e-01  0.000000e+00
   outer loop
     vertex  1.808194e+02 -1.001744e+02  0.000000e+00
     vertex  1.809115e+02 -1.001038e+02  1.510000e+00
     vertex  1.808194e+02 -1.001744e+02  1.510000e+00
   endloop
 endfacet
 facet normal  7.933533e-01 -6.087614e-01  0.000000e+00
   outer loop
     vertex  1.807488e+02 -1.002665e+02  0.000000e+00
     vertex  1.808194e+02 -1.001744e+02  0.000000e+00
     vertex  1.807488e+02 -1.002665e+02  1.510000e+00
   endloop
 endfacet
 facet normal  9.238795e-01 -3.826834e-01 -2.432461e-18
   outer loop
     vertex  1.807044e+02 -1.003737e+02  0.000000e+00
     vertex  1.807488e+02 -1.002665e+02  0.000000e+00
     vertex  1.807488e+02 -1.002665e+02  1.510000e+00
   endloop
 endfacet
 facet normal  9.238795e-01 -3.826834e-01  0.000000e+00
   outer loop
     vertex  1.807044e+02 -1.003737e+02  0.000000e+00
     vertex  1.807488e+02 -1.002665e+02  1.510000e+00
     vertex  1.807044e+02 -1.003737e+02  1.510000e+00
   endloop
 endfacet
 facet normal  9.914449e-01 -1.305262e-01  5.740299e-20
   outer loop
     vertex  1.806892e+02 -1.004887e+02  0.000000e+00
     vertex  1.807044e+02 -1.003737e+02  0.000000e+00
     vertex  1.807044e+02 -1.003737e+02  1.510000e+00
   endloop
 endfacet
 facet normal  9.914449e-01 -1.305262e-01  0.000000e+00
   outer loop
     vertex  1.806892e+02 -1.004887e+02  0.000000e+00
     vertex  1.807044e+02 -1.003737e+02  1.510000e+00
     vertex  1.806892e+02 -1.004887e+02  1.510000e+00
   endloop
 endfacet
 facet normal  9.914449e-01  1.305262e-01 -0.000000e+00
   outer loop
     vertex  1.807044e+02 -1.006038e+02  0.000000e+00
     vertex  1.806892e+02 -1.004887e+02  1.510000e+00
     vertex  1.807044e+02 -1.006038e+02  1.510000e+00
   endloop
 endfacet
 facet normal  9.914449e-01  1.305262e-01 -5.740299e-20
   outer loop
     vertex  1.807044e+02 -1.006038e+02  0.000000e+00
     vertex  1.806892e+02 -1.004887e+02  0.000000e+00
     vertex  1.806892e+02 -1.004887e+02  1.510000e+00
   endloop
 endfacet
 facet normal  9.238795e-01  3.826834e-01 -0.000000e+00
   outer loop
     vertex  1.807488e+02 -1.007110e+02  0.000000e+00
     vertex  1.807044e+02 -1.006038e+02  1.510000e+00
     vertex  1.807488e+02 -1.007110e+02  1.510000e+00
   endloop
 endfacet
 facet normal  9.238795e-01  3.826834e-01  2.432461e-18
   outer loop
     vertex  1.807488e+02 -1.007110e+02  0.000000e+00
     vertex  1.807044e+02 -1.006038e+02  0.000000e+00
     vertex  1.807044e+02 -1.006038e+02  1.510000e+00
   endloop
 endfacet
 facet normal  7.933533e-01  6.087614e-01  1.490509e-18
   outer loop
     vertex  1.808194e+02 -1.008031e+02  0.000000e+00
     vertex  1.807488e+02 -1.007110e+02  0.000000e+00
     vertex  1.807488e+02 -1.007110e+02  1.510000e+00
   endloop
 endfacet
 facet normal  6.087614e-01  7.933533e-01 -0.000000e+00
   outer loop
     vertex  1.808194e+02 -1.008031e+02  0.000000e+00
     vertex  1.808194e+02 -1.008031e+02  1.510000e+00
     vertex  1.809115e+02 -1.008737e+02  1.510000e+00
   endloop
 endfacet
 facet normal  7.933533e-01  6.087614e-01 -0.000000e+00
   outer loop
     vertex  1.808194e+02 -1.008031e+02  0.000000e+00
     vertex  1.807488e+02 -1.007110e+02  1.510000e+00
     vertex  1.808194e+02 -1.008031e+02  1.510000e+00
   endloop
 endfacet
 facet normal  6.087614e-01  7.933533e-01 -0.000000e+00
   outer loop
     vertex  1.809115e+02 -1.008737e+02  0.000000e+00
     vertex  1.808194e+02 -1.008031e+02  0.000000e+00
     vertex  1.809115e+02 -1.008737e+02  1.510000e+00
   endloop
 endfacet
 facet normal  1.305262e-01  9.914449e-01 -0.000000e+00
   outer loop
     vertex  1.810187e+02 -1.009181e+02  0.000000e+00
     vertex  1.810187e+02 -1.009181e+02  1.510000e+00
     vertex  1.811337e+02 -1.009333e+02  1.510000e+00
   endloop
 endfacet
 facet normal  3.826834e-01  9.238795e-01 -0.000000e+00
   outer loop
     vertex  1.810187e+02 -1.009181e+02  0.000000e+00
     vertex  1.809115e+02 -1.008737e+02  1.510000e+00
     vertex  1.810187e+02 -1.009181e+02  1.510000e+00
   endloop
 endfacet
 facet normal  3.826834e-01  9.238795e-01  2.796119e-19
   outer loop
     vertex  1.810187e+02 -1.009181e+02  0.000000e+00
     vertex  1.809115e+02 -1.008737e+02  0.000000e+00
     vertex  1.809115e+02 -1.008737e+02  1.510000e+00
   endloop
 endfacet
 facet normal  1.305262e-01  9.914449e-01 -0.000000e+00
   outer loop
     vertex  1.811337e+02 -1.009333e+02  0.000000e+00
     vertex  1.810187e+02 -1.009181e+02  0.000000e+00
     vertex  1.811337e+02 -1.009333e+02  1.510000e+00
   endloop
 endfacet
 facet normal -1.305262e-01  9.914449e-01  5.446228e-19
   outer loop
     vertex  1.837888e+02 -1.009181e+02  0.000000e+00
     vertex  1.836738e+02 -1.009332e+02  0.000000e+00
     vertex  1.836738e+02 -1.009332e+02  1.510000e+00
   endloop
 endfacet
 facet normal -1.305262e-01  9.914449e-01  0.000000e+00
   outer loop
     vertex  1.837888e+02 -1.009181e+02  0.000000e+00
     vertex  1.836738e+02 -1.009332e+02  1.510000e+00
     vertex  1.837888e+02 -1.009181e+02  1.510000e+00
   endloop
 endfacet
 facet normal -3.826834e-01  9.238795e-01  0.000000e+00
   outer loop
     vertex  1.838960e+02 -1.008737e+02  0.000000e+00
     vertex  1.837888e+02 -1.009181e+02  1.510000e+00
     vertex  1.838960e+02 -1.008737e+02  1.510000e+00
   endloop
 endfacet
 facet normal -3.826834e-01  9.238795e-01 -2.796119e-19
   outer loop
     vertex  1.838960e+02 -1.008737e+02  0.000000e+00
     vertex  1.837888e+02 -1.009181e+02  0.000000e+00
     vertex  1.837888e+02 -1.009181e+02  1.510000e+00
   endloop
 endfacet
 facet normal -6.087614e-01  7.933533e-01  0.000000e+00
   outer loop
     vertex  1.839881e+02 -1.008031e+02  0.000000e+00
     vertex  1.838960e+02 -1.008737e+02  1.510000e+00
     vertex  1.839881e+02 -1.008031e+02  1.510000e+00
   endloop
 endfacet
 facet normal -6.087614e-01  7.933533e-01 -1.490509e-18
   outer loop
     vertex  1.839881e+02 -1.008031e+02  0.000000e+00
     vertex  1.838960e+02 -1.008737e+02  0.000000e+00
     vertex  1.838960e+02 -1.008737e+02  1.510000e+00
   endloop
 endfacet
 facet normal -7.933533e-01  6.087614e-01  0.000000e+00
   outer loop
     vertex  1.840587e+02 -1.007110e+02  0.000000e+00
     vertex  1.839881e+02 -1.008031e+02  1.510000e+00
     vertex  1.840587e+02 -1.007110e+02  1.510000e+00
   endloop
 endfacet
 facet normal -7.933533e-01  6.087614e-01  5.482848e-19
   outer loop
     vertex  1.840587e+02 -1.007110e+02  0.000000e+00
     vertex  1.839881e+02 -1.008031e+02  0.000000e+00
     vertex  1.839881e+02 -1.008031e+02  1.510000e+00
   endloop
 endfacet
 facet normal -9.238795e-01  3.826834e-01  0.000000e+00
   outer loop
     vertex  1.841031e+02 -1.006038e+02  0.000000e+00
     vertex  1.840587e+02 -1.007110e+02  1.510000e+00
     vertex  1.841031e+02 -1.006038e+02  1.510000e+00
   endloop
 endfacet
 facet normal -9.238795e-01  3.826834e-01 -2.432461e-18
   outer loop
     vertex  1.841031e+02 -1.006038e+02  0.000000e+00
     vertex  1.840587e+02 -1.007110e+02  0.000000e+00
     vertex  1.840587e+02 -1.007110e+02  1.510000e+00
   endloop
 endfacet
 facet normal -9.914449e-01  1.305262e-01  0.000000e+00
   outer loop
     vertex  1.841182e+02 -1.004887e+02  0.000000e+00
     vertex  1.841031e+02 -1.006038e+02  1.510000e+00
     vertex  1.841182e+02 -1.004887e+02  1.510000e+00
   endloop
 endfacet
 facet normal -9.914449e-01  1.305262e-01  5.740299e-20
   outer loop
     vertex  1.841182e+02 -1.004887e+02  0.000000e+00
     vertex  1.841031e+02 -1.006038e+02  0.000000e+00
     vertex  1.841031e+02 -1.006038e+02  1.510000e+00
   endloop
 endfacet
 facet normal -9.914449e-01 -1.305262e-01  0.000000e+00
   outer loop
     vertex  1.841031e+02 -1.003737e+02  0.000000e+00
     vertex  1.841182e+02 -1.004887e+02  1.510000e+00
     vertex  1.841031e+02 -1.003737e+02  1.510000e+00
   endloop
 endfacet
 facet normal -9.914449e-01 -1.305262e-01 -5.740299e-20
   outer loop
     vertex  1.841031e+02 -1.003737e+02  0.000000e+00
     vertex  1.841182e+02 -1.004887e+02  0.000000e+00
     vertex  1.841182e+02 -1.004887e+02  1.510000e+00
   endloop
 endfacet
 facet normal -9.238795e-01 -3.826834e-01  0.000000e+00
   outer loop
     vertex  1.840587e+02 -1.002665e+02  0.000000e+00
     vertex  1.841031e+02 -1.003737e+02  1.510000e+00
     vertex  1.840587e+02 -1.002665e+02  1.510000e+00
   endloop
 endfacet
 facet normal -9.238795e-01 -3.826834e-01 -1.979625e-18
   outer loop
     vertex  1.840587e+02 -1.002665e+02  0.000000e+00
     vertex  1.841031e+02 -1.003737e+02  0.000000e+00
     vertex  1.841031e+02 -1.003737e+02  1.510000e+00
   endloop
 endfacet
 facet normal -7.933533e-01 -6.087614e-01  0.000000e+00
   outer loop
     vertex  1.839881e+02 -1.001744e+02  0.000000e+00
     vertex  1.840587e+02 -1.002665e+02  1.510000e+00
     vertex  1.839881e+02 -1.001744e+02  1.510000e+00
   endloop
 endfacet
 facet normal -7.933533e-01 -6.087614e-01 -1.703637e-18
   outer loop
     vertex  1.839881e+02 -1.001744e+02  0.000000e+00
     vertex  1.840587e+02 -1.002665e+02  0.000000e+00
     vertex  1.840587e+02 -1.002665e+02  1.510000e+00
   endloop
 endfacet
 facet normal -6.087614e-01 -7.933533e-01  0.000000e+00
   outer loop
     vertex  1.838960e+02 -1.001038e+02  0.000000e+00
     vertex  1.839881e+02 -1.001744e+02  1.510000e+00
     vertex  1.838960e+02 -1.001038e+02  1.510000e+00
   endloop
 endfacet
 facet normal -6.087614e-01 -7.933533e-01 -2.003994e-18
   outer loop
     vertex  1.838960e+02 -1.001038e+02  0.000000e+00
     vertex  1.839881e+02 -1.001744e+02  0.000000e+00
     vertex  1.839881e+02 -1.001744e+02  1.510000e+00
   endloop
 endfacet
 facet normal -1.305262e-01 -9.914449e-01  0.000000e+00
   outer loop
     vertex  1.837888e+02 -1.000594e+02  0.000000e+00
     vertex  1.837888e+02 -1.000594e+02  1.510000e+00
     vertex  1.836737e+02 -1.000442e+02  1.510000e+00
   endloop
 endfacet
 facet normal -3.826834e-01 -9.238795e-01  0.000000e+00
   outer loop
     vertex  1.837888e+02 -1.000594e+02  0.000000e+00
     vertex  1.838960e+02 -1.001038e+02  1.510000e+00
     vertex  1.837888e+02 -1.000594e+02  1.510000e+00
   endloop
 endfacet
 facet normal -3.826834e-01 -9.238795e-01 -2.464558e-18
   outer loop
     vertex  1.837888e+02 -1.000594e+02  0.000000e+00
     vertex  1.838960e+02 -1.001038e+02  0.000000e+00
     vertex  1.838960e+02 -1.001038e+02  1.510000e+00
   endloop
 endfacet
 facet normal -1.305262e-01 -9.914449e-01  0.000000e+00
   outer loop
     vertex  1.836737e+02 -1.000442e+02  0.000000e+00
     vertex  1.837888e+02 -1.000594e+02  0.000000e+00
     vertex  1.836737e+02 -1.000442e+02  1.510000e+00
   endloop
 endfacet
 facet normal  1.305262e-01 -9.914449e-01  5.446228e-19
   outer loop
     vertex  1.835587e+02 -1.000594e+02  0.000000e+00
     vertex  1.836737e+02 -1.000442e+02  0.000000e+00
     vertex  1.836737e+02 -1.000442e+02  1.510000e+00
   endloop
 endfacet
 facet normal  1.305262e-01 -9.914449e-01  0.000000e+00
   outer loop
     vertex  1.835587e+02 -1.000594e+02  0.000000e+00
     vertex  1.836737e+02 -1.000442e+02  1.510000e+00
     vertex  1.835587e+02 -1.000594e+02  1.510000e+00
   endloop
 endfacet
 facet normal  3.826834e-01 -9.238795e-01 -2.796119e-19
   outer loop
     vertex  1.834515e+02 -1.001038e+02  0.000000e+00
     vertex  1.835587e+02 -1.000594e+02  0.000000e+00
     vertex  1.835587e+02 -1.000594e+02  1.510000e+00
   endloop
 endfacet
 facet normal  3.826834e-01 -9.238795e-01  0.000000e+00
   outer loop
     vertex  1.834515e+02 -1.001038e+02  0.000000e+00
     vertex  1.835587e+02 -1.000594e+02  1.510000e+00
     vertex  1.834515e+02 -1.001038e+02  1.510000e+00
   endloop
 endfacet
 facet normal  6.087614e-01 -7.933533e-01 -1.490509e-18
   outer loop
     vertex  1.833594e+02 -1.001744e+02  0.000000e+00
     vertex  1.834515e+02 -1.001038e+02  0.000000e+00
     vertex  1.834515e+02 -1.001038e+02  1.510000e+00
   endloop
 endfacet
 facet normal  7.933533e-01 -6.087614e-01  0.000000e+00
   outer loop
     vertex  1.833594e+02 -1.001744e+02  0.000000e+00
     vertex  1.833594e+02 -1.001744e+02  1.510000e+00
     vertex  1.832888e+02 -1.002665e+02  1.510000e+00
   endloop
 endfacet
 facet normal  6.087614e-01 -7.933533e-01  0.000000e+00
   outer loop
     vertex  1.833594e+02 -1.001744e+02  0.000000e+00
     vertex  1.834515e+02 -1.001038e+02  1.510000e+00
     vertex  1.833594e+02 -1.001744e+02  1.510000e+00
   endloop
 endfacet
 facet normal  7.933533e-01 -6.087614e-01  0.000000e+00
   outer loop
     vertex  1.832888e+02 -1.002665e+02  0.000000e+00
     vertex  1.833594e+02 -1.001744e+02  0.000000e+00
     vertex  1.832888e+02 -1.002665e+02  1.510000e+00
   endloop
 endfacet
 facet normal  9.238795e-01 -3.826834e-01 -2.432461e-18
   outer loop
     vertex  1.832444e+02 -1.003737e+02  0.000000e+00
     vertex  1.832888e+02 -1.002665e+02  0.000000e+00
     vertex  1.832888e+02 -1.002665e+02  1.510000e+00
   endloop
 endfacet
 facet normal  9.238795e-01 -3.826834e-01  0.000000e+00
   outer loop
     vertex  1.832444e+02 -1.003737e+02  0.000000e+00
     vertex  1.832888e+02 -1.002665e+02  1.510000e+00
     vertex  1.832444e+02 -1.003737e+02  1.510000e+00
   endloop
 endfacet
 facet normal  9.914449e-01 -1.305262e-01  5.740299e-20
   outer loop
     vertex  1.832292e+02 -1.004888e+02  0.000000e+00
     vertex  1.832444e+02 -1.003737e+02  0.000000e+00
     vertex  1.832444e+02 -1.003737e+02  1.510000e+00
   endloop
 endfacet
 facet normal  9.914449e-01 -1.305262e-01  0.000000e+00
   outer loop
     vertex  1.832292e+02 -1.004888e+02  0.000000e+00
     vertex  1.832444e+02 -1.003737e+02  1.510000e+00
     vertex  1.832292e+02 -1.004888e+02  1.510000e+00
   endloop
 endfacet
 facet normal  9.914449e-01  1.305262e-01 -0.000000e+00
   outer loop
     vertex  1.832444e+02 -1.006038e+02  0.000000e+00
     vertex  1.832292e+02 -1.004888e+02  1.510000e+00
     vertex  1.832444e+02 -1.006038e+02  1.510000e+00
   endloop
 endfacet
 facet normal  9.914449e-01  1.305262e-01 -5.740299e-20
   outer loop
     vertex  1.832444e+02 -1.006038e+02  0.000000e+00
     vertex  1.832292e+02 -1.004888e+02  0.000000e+00
     vertex  1.832292e+02 -1.004888e+02  1.510000e+00
   endloop
 endfacet
 facet normal  9.238795e-01  3.826834e-01 -0.000000e+00
   outer loop
     vertex  1.832888e+02 -1.007110e+02  0.000000e+00
     vertex  1.832444e+02 -1.006038e+02  1.510000e+00
     vertex  1.832888e+02 -1.007110e+02  1.510000e+00
   endloop
 endfacet
 facet normal  9.238795e-01  3.826834e-01 -1.979625e-18
   outer loop
     vertex  1.832888e+02 -1.007110e+02  0.000000e+00
     vertex  1.832444e+02 -1.006038e+02  0.000000e+00
     vertex  1.832444e+02 -1.006038e+02  1.510000e+00
   endloop
 endfacet
 facet normal  7.933533e-01  6.087614e-01 -1.703637e-18
   outer loop
     vertex  1.833594e+02 -1.008031e+02  0.000000e+00
     vertex  1.832888e+02 -1.007110e+02  0.000000e+00
     vertex  1.832888e+02 -1.007110e+02  1.510000e+00
   endloop
 endfacet
 facet normal  6.087614e-01  7.933533e-01 -0.000000e+00
   outer loop
     vertex  1.833594e+02 -1.008031e+02  0.000000e+00
     vertex  1.833594e+02 -1.008031e+02  1.510000e+00
     vertex  1.834515e+02 -1.008737e+02  1.510000e+00
   endloop
 endfacet
 facet normal  7.933533e-01  6.087614e-01 -0.000000e+00
   outer loop
     vertex  1.833594e+02 -1.008031e+02  0.000000e+00
     vertex  1.832888e+02 -1.007110e+02  1.510000e+00
     vertex  1.833594e+02 -1.008031e+02  1.510000e+00
   endloop
 endfacet
 facet normal  6.087614e-01  7.933533e-01 -0.000000e+00
   outer loop
     vertex  1.834515e+02 -1.008737e+02  0.000000e+00
     vertex  1.833594e+02 -1.008031e+02  0.000000e+00
     vertex  1.834515e+02 -1.008737e+02  1.510000e+00
   endloop
 endfacet
 facet normal  1.305262e-01  9.914449e-01 -0.000000e+00
   outer loop
     vertex  1.835587e+02 -1.009181e+02  0.000000e+00
     vertex  1.835587e+02 -1.009181e+02  1.510000e+00
     vertex  1.836738e+02 -1.009332e+02  1.510000e+00
   endloop
 endfacet
 facet normal  3.826834e-01  9.238795e-01 -0.000000e+00
   outer loop
     vertex  1.835587e+02 -1.009181e+02  0.000000e+00
     vertex  1.834515e+02 -1.008737e+02  1.510000e+00
     vertex  1.835587e+02 -1.009181e+02  1.510000e+00
   endloop
 endfacet
 facet normal  3.826834e-01  9.238795e-01 -2.464558e-18
   outer loop
     vertex  1.835587e+02 -1.009181e+02  0.000000e+00
     vertex  1.834515e+02 -1.008737e+02  0.000000e+00
     vertex  1.834515e+02 -1.008737e+02  1.510000e+00
   endloop
 endfacet
 facet normal  1.305262e-01  9.914449e-01 -0.000000e+00
   outer loop
     vertex  1.836738e+02 -1.009332e+02  0.000000e+00
     vertex  1.835587e+02 -1.009181e+02  0.000000e+00
     vertex  1.836738e+02 -1.009332e+02  1.510000e+00
   endloop
 endfacet
 facet normal -1.305262e-01  9.914449e-01 -1.897608e-19
   outer loop
     vertex  1.863288e+02 -1.009181e+02  0.000000e+00
     vertex  1.862138e+02 -1.009333e+02  0.000000e+00
     vertex  1.862138e+02 -1.009333e+02  1.510000e+00
   endloop
 endfacet
 facet normal -1.305262e-01  9.914449e-01  0.000000e+00
   outer loop
     vertex  1.863288e+02 -1.009181e+02  0.000000e+00
     vertex  1.862138e+02 -1.009333e+02  1.510000e+00
     vertex  1.863288e+02 -1.009181e+02  1.510000e+00
   endloop
 endfacet
 facet normal -3.826834e-01  9.238795e-01  0.000000e+00
   outer loop
     vertex  1.864360e+02 -1.008737e+02  0.000000e+00
     vertex  1.863288e+02 -1.009181e+02  1.510000e+00
     vertex  1.864360e+02 -1.008737e+02  1.510000e+00
   endloop
 endfacet
 facet normal -3.826834e-01  9.238795e-01 -2.796119e-19
   outer loop
     vertex  1.864360e+02 -1.008737e+02  0.000000e+00
     vertex  1.863288e+02 -1.009181e+02  0.000000e+00
     vertex  1.863288e+02 -1.009181e+02  1.510000e+00
   endloop
 endfacet
 facet normal -6.087614e-01  7.933533e-01  0.000000e+00
   outer loop
     vertex  1.865281e+02 -1.008031e+02  0.000000e+00
     vertex  1.864360e+02 -1.008737e+02  1.510000e+00
     vertex  1.865281e+02 -1.008031e+02  1.510000e+00
   endloop
 endfacet
 facet normal -6.087614e-01  7.933533e-01  2.003994e-18
   outer loop
     vertex  1.865281e+02 -1.008031e+02  0.000000e+00
     vertex  1.864360e+02 -1.008737e+02  0.000000e+00
     vertex  1.864360e+02 -1.008737e+02  1.510000e+00
   endloop
 endfacet
 facet normal -7.933533e-01  6.087614e-01  0.000000e+00
   outer loop
     vertex  1.865987e+02 -1.007110e+02  0.000000e+00
     vertex  1.865281e+02 -1.008031e+02  1.510000e+00
     vertex  1.865987e+02 -1.007110e+02  1.510000e+00
   endloop
 endfacet
 facet normal -7.933533e-01  6.087614e-01 -1.490509e-18
   outer loop
     vertex  1.865987e+02 -1.007110e+02  0.000000e+00
     vertex  1.865281e+02 -1.008031e+02  0.000000e+00
     vertex  1.865281e+02 -1.008031e+02  1.510000e+00
   endloop
 endfacet
 facet normal -9.238795e-01  3.826834e-01  0.000000e+00
   outer loop
     vertex  1.866431e+02 -1.006038e+02  0.000000e+00
     vertex  1.865987e+02 -1.007110e+02  1.510000e+00
     vertex  1.866431e+02 -1.006038e+02  1.510000e+00
   endloop
 endfacet
 facet normal -9.238795e-01  3.826834e-01 -2.432461e-18
   outer loop
     vertex  1.866431e+02 -1.006038e+02  0.000000e+00
     vertex  1.865987e+02 -1.007110e+02  0.000000e+00
     vertex  1.865987e+02 -1.007110e+02  1.510000e+00
   endloop
 endfacet
 facet normal -9.914449e-01  1.305262e-01  0.000000e+00
   outer loop
     vertex  1.866583e+02 -1.004887e+02  0.000000e+00
     vertex  1.866431e+02 -1.006038e+02  1.510000e+00
     vertex  1.866583e+02 -1.004887e+02  1.510000e+00
   endloop
 endfacet
 facet normal -9.914449e-01  1.305262e-01  5.740299e-20
   outer loop
     vertex  1.866583e+02 -1.004887e+02  0.000000e+00
     vertex  1.866431e+02 -1.006038e+02  0.000000e+00
     vertex  1.866431e+02 -1.006038e+02  1.510000e+00
   endloop
 endfacet
 facet normal -9.914449e-01 -1.305262e-01  0.000000e+00
   outer loop
     vertex  1.866431e+02 -1.003737e+02  0.000000e+00
     vertex  1.866583e+02 -1.004887e+02  1.510000e+00
     vertex  1.866431e+02 -1.003737e+02  1.510000e+00
   endloop
 endfacet
 facet normal -9.914449e-01 -1.305262e-01 -5.740299e-20
   outer loop
     vertex  1.866431e+02 -1.003737e+02  0.000000e+00
     vertex  1.866583e+02 -1.004887e+02  0.000000e+00
     vertex  1.866583e+02 -1.004887e+02  1.510000e+00
   endloop
 endfacet
 facet normal -9.238795e-01 -3.826834e-01  0.000000e+00
   outer loop
     vertex  1.865987e+02 -1.002665e+02  0.000000e+00
     vertex  1.866431e+02 -1.003737e+02  1.510000e+00
     vertex  1.865987e+02 -1.002665e+02  1.510000e+00
   endloop
 endfacet
 facet normal -9.238795e-01 -3.826834e-01  2.432461e-18
   outer loop
     vertex  1.865987e+02 -1.002665e+02  0.000000e+00
     vertex  1.866431e+02 -1.003737e+02  0.000000e+00
     vertex  1.866431e+02 -1.003737e+02  1.510000e+00
   endloop
 endfacet
 facet normal -7.933533e-01 -6.087614e-01  0.000000e+00
   outer loop
     vertex  1.865281e+02 -1.001744e+02  0.000000e+00
     vertex  1.865987e+02 -1.002665e+02  1.510000e+00
     vertex  1.865281e+02 -1.001744e+02  1.510000e+00
   endloop
 endfacet
 facet normal -7.933533e-01 -6.087614e-01  1.490509e-18
   outer loop
     vertex  1.865281e+02 -1.001744e+02  0.000000e+00
     vertex  1.865987e+02 -1.002665e+02  0.000000e+00
     vertex  1.865987e+02 -1.002665e+02  1.510000e+00
   endloop
 endfacet
 facet normal -6.087614e-01 -7.933533e-01  0.000000e+00
   outer loop
     vertex  1.864360e+02 -1.001038e+02  0.000000e+00
     vertex  1.865281e+02 -1.001744e+02  1.510000e+00
     vertex  1.864360e+02 -1.001038e+02  1.510000e+00
   endloop
 endfacet
 facet normal -6.087614e-01 -7.933533e-01 -2.003994e-18
   outer loop
     vertex  1.864360e+02 -1.001038e+02  0.000000e+00
     vertex  1.865281e+02 -1.001744e+02  0.000000e+00
     vertex  1.865281e+02 -1.001744e+02  1.510000e+00
   endloop
 endfacet
 facet normal -1.305262e-01 -9.914449e-01  0.000000e+00
   outer loop
     vertex  1.863288e+02 -1.000594e+02  0.000000e+00
     vertex  1.863288e+02 -1.000594e+02  1.510000e+00
     vertex  1.862138e+02 -1.000442e+02  1.510000e+00
   endloop
 endfacet
 facet normal -3.826834e-01 -9.238795e-01  0.000000e+00
   outer loop
     vertex  1.863288e+02 -1.000594e+02  0.000000e+00
     vertex  1.864360e+02 -1.001038e+02  1.510000e+00
     vertex  1.863288e+02 -1.000594e+02  1.510000e+00
   endloop
 endfacet
 facet normal -3.826834e-01 -9.238795e-01  2.796119e-19
   outer loop
     vertex  1.863288e+02 -1.000594e+02  0.000000e+00
     vertex  1.864360e+02 -1.001038e+02  0.000000e+00
     vertex  1.864360e+02 -1.001038e+02  1.510000e+00
   endloop
 endfacet
 facet normal -1.305262e-01 -9.914449e-01  0.000000e+00
   outer loop
     vertex  1.862138e+02 -1.000442e+02  0.000000e+00
     vertex  1.863288e+02 -1.000594e+02  0.000000e+00
     vertex  1.862138e+02 -1.000442e+02  1.510000e+00
   endloop
 endfacet
 facet normal  1.305262e-01 -9.914449e-01 -1.897608e-19
   outer loop
     vertex  1.860987e+02 -1.000594e+02  0.000000e+00
     vertex  1.862138e+02 -1.000442e+02  0.000000e+00
     vertex  1.862138e+02 -1.000442e+02  1.510000e+00
   endloop
 endfacet
 facet normal  1.305262e-01 -9.914449e-01  0.000000e+00
   outer loop
     vertex  1.860987e+02 -1.000594e+02  0.000000e+00
     vertex  1.862138e+02 -1.000442e+02  1.510000e+00
     vertex  1.860987e+02 -1.000594e+02  1.510000e+00
   endloop
 endfacet
 facet normal  3.826834e-01 -9.238795e-01 -2.796119e-19
   outer loop
     vertex  1.859915e+02 -1.001038e+02  0.000000e+00
     vertex  1.860987e+02 -1.000594e+02  0.000000e+00
     vertex  1.860987e+02 -1.000594e+02  1.510000e+00
   endloop
 endfacet
 facet normal  3.826834e-01 -9.238795e-01  0.000000e+00
   outer loop
     vertex  1.859915e+02 -1.001038e+02  0.000000e+00
     vertex  1.860987e+02 -1.000594e+02  1.510000e+00
     vertex  1.859915e+02 -1.001038e+02  1.510000e+00
   endloop
 endfacet
 facet normal  6.087614e-01 -7.933533e-01  2.003994e-18
   outer loop
     vertex  1.858994e+02 -1.001744e+02  0.000000e+00
     vertex  1.859915e+02 -1.001038e+02  0.000000e+00
     vertex  1.859915e+02 -1.001038e+02  1.510000e+00
   endloop
 endfacet
 facet normal  7.933533e-01 -6.087614e-01  0.000000e+00
   outer loop
     vertex  1.858994e+02 -1.001744e+02  0.000000e+00
     vertex  1.858994e+02 -1.001744e+02  1.510000e+00
     vertex  1.858288e+02 -1.002665e+02  1.510000e+00
   endloop
 endfacet
 facet normal  6.087614e-01 -7.933533e-01  0.000000e+00
   outer loop
     vertex  1.858994e+02 -1.001744e+02  0.000000e+00
     vertex  1.859915e+02 -1.001038e+02  1.510000e+00
     vertex  1.858994e+02 -1.001744e+02  1.510000e+00
   endloop
 endfacet
 facet normal  7.933533e-01 -6.087614e-01  0.000000e+00
   outer loop
     vertex  1.858288e+02 -1.002665e+02  0.000000e+00
     vertex  1.858994e+02 -1.001744e+02  0.000000e+00
     vertex  1.858288e+02 -1.002665e+02  1.510000e+00
   endloop
 endfacet
 facet normal  9.238795e-01 -3.826834e-01 -2.432461e-18
   outer loop
     vertex  1.857844e+02 -1.003737e+02  0.000000e+00
     vertex  1.858288e+02 -1.002665e+02  0.000000e+00
     vertex  1.858288e+02 -1.002665e+02  1.510000e+00
   endloop
 endfacet
 facet normal  9.238795e-01 -3.826834e-01  0.000000e+00
   outer loop
     vertex  1.857844e+02 -1.003737e+02  0.000000e+00
     vertex  1.858288e+02 -1.002665e+02  1.510000e+00
     vertex  1.857844e+02 -1.003737e+02  1.510000e+00
   endloop
 endfacet
 facet normal  9.914449e-01 -1.305262e-01  5.740299e-20
   outer loop
     vertex  1.857692e+02 -1.004887e+02  0.000000e+00
     vertex  1.857844e+02 -1.003737e+02  0.000000e+00
     vertex  1.857844e+02 -1.003737e+02  1.510000e+00
   endloop
 endfacet
 facet normal  9.914449e-01 -1.305262e-01  0.000000e+00
   outer loop
     vertex  1.857692e+02 -1.004887e+02  0.000000e+00
     vertex  1.857844e+02 -1.003737e+02  1.510000e+00
     vertex  1.857692e+02 -1.004887e+02  1.510000e+00
   endloop
 endfacet
 facet normal  9.914449e-01  1.305262e-01 -0.000000e+00
   outer loop
     vertex  1.857844e+02 -1.006038e+02  0.000000e+00
     vertex  1.857692e+02 -1.004887e+02  1.510000e+00
     vertex  1.857844e+02 -1.006038e+02  1.510000e+00
   endloop
 endfacet
 facet normal  9.914449e-01  1.305262e-01 -5.740299e-20
   outer loop
     vertex  1.857844e+02 -1.006038e+02  0.000000e+00
     vertex  1.857692e+02 -1.004887e+02  0.000000e+00
     vertex  1.857692e+02 -1.004887e+02  1.510000e+00
   endloop
 endfacet
 facet normal  9.238795e-01  3.826834e-01 -0.000000e+00
   outer loop
     vertex  1.858288e+02 -1.007110e+02  0.000000e+00
     vertex  1.857844e+02 -1.006038e+02  1.510000e+00
     vertex  1.858288e+02 -1.007110e+02  1.510000e+00
   endloop
 endfacet
 facet normal  9.238795e-01  3.826834e-01  2.432461e-18
   outer loop
     vertex  1.858288e+02 -1.007110e+02  0.000000e+00
     vertex  1.857844e+02 -1.006038e+02  0.000000e+00
     vertex  1.857844e+02 -1.006038e+02  1.510000e+00
   endloop
 endfacet
 facet normal  7.933533e-01  6.087614e-01  1.490509e-18
   outer loop
     vertex  1.858994e+02 -1.008031e+02  0.000000e+00
     vertex  1.858288e+02 -1.007110e+02  0.000000e+00
     vertex  1.858288e+02 -1.007110e+02  1.510000e+00
   endloop
 endfacet
 facet normal  6.087614e-01  7.933533e-01 -0.000000e+00
   outer loop
     vertex  1.858994e+02 -1.008031e+02  0.000000e+00
     vertex  1.858994e+02 -1.008031e+02  1.510000e+00
     vertex  1.859915e+02 -1.008737e+02  1.510000e+00
   endloop
 endfacet
 facet normal  7.933533e-01  6.087614e-01 -0.000000e+00
   outer loop
     vertex  1.858994e+02 -1.008031e+02  0.000000e+00
     vertex  1.858288e+02 -1.007110e+02  1.510000e+00
     vertex  1.858994e+02 -1.008031e+02  1.510000e+00
   endloop
 endfacet
 facet normal  6.087614e-01  7.933533e-01 -0.000000e+00
   outer loop
     vertex  1.859915e+02 -1.008737e+02  0.000000e+00
     vertex  1.858994e+02 -1.008031e+02  0.000000e+00
     vertex  1.859915e+02 -1.008737e+02  1.510000e+00
   endloop
 endfacet
 facet normal  1.305262e-01  9.914449e-01 -0.000000e+00
   outer loop
     vertex  1.860987e+02 -1.009181e+02  0.000000e+00
     vertex  1.860987e+02 -1.009181e+02  1.510000e+00
     vertex  1.862138e+02 -1.009333e+02  1.510000e+00
   endloop
 endfacet
 facet normal  3.826834e-01  9.238795e-01 -0.000000e+00
   outer loop
     vertex  1.860987e+02 -1.009181e+02  0.000000e+00
     vertex  1.859915e+02 -1.008737e+02  1.510000e+00
     vertex  1.860987e+02 -1.009181e+02  1.510000e+00
   endloop
 endfacet
 facet normal  3.826834e-01  9.238795e-01  2.796119e-19
   outer loop
     vertex  1.860987e+02 -1.009181e+02  0.000000e+00
     vertex  1.859915e+02 -1.008737e+02  0.000000e+00
     vertex  1.859915e+02 -1.008737e+02  1.510000e+00
   endloop
 endfacet
 facet normal  1.305262e-01  9.914449e-01 -0.000000e+00
   outer loop
     vertex  1.862138e+02 -1.009333e+02  0.000000e+00
     vertex  1.860987e+02 -1.009181e+02  0.000000e+00
     vertex  1.862138e+02 -1.009333e+02  1.510000e+00
   endloop
 endfacet
 facet normal -1.305262e-01  9.914449e-01 -1.282623e-18
   outer loop
     vertex  1.383325e+02 -8.924479e+01  0.000000e+00
     vertex  1.381125e+02 -8.927375e+01  0.000000e+00
     vertex  1.381125e+02 -8.927375e+01  1.510000e+00
   endloop
 endfacet
 facet normal -1.305262e-01  9.914449e-01  0.000000e+00
   outer loop
     vertex  1.383325e+02 -8.924479e+01  0.000000e+00
     vertex  1.381125e+02 -8.927375e+01  1.510000e+00
     vertex  1.383325e+02 -8.924479e+01  1.510000e+00
   endloop
 endfacet
 facet normal -3.826834e-01  9.238795e-01  0.000000e+00
   outer loop
     vertex  1.385375e+02 -8.915987e+01  0.000000e+00
     vertex  1.383325e+02 -8.924479e+01  1.510000e+00
     vertex  1.385375e+02 -8.915987e+01  1.510000e+00
   endloop
 endfacet
 facet normal -3.826834e-01  9.238795e-01 -2.349918e-18
   outer loop
     vertex  1.385375e+02 -8.915987e+01  0.000000e+00
     vertex  1.383325e+02 -8.924479e+01  0.000000e+00
     vertex  1.383325e+02 -8.924479e+01  1.510000e+00
   endloop
 endfacet
 facet normal -6.087614e-01  7.933533e-01  0.000000e+00
   outer loop
     vertex  1.387135e+02 -8.902479e+01  0.000000e+00
     vertex  1.385375e+02 -8.915987e+01  1.510000e+00
     vertex  1.387135e+02 -8.902479e+01  1.510000e+00
   endloop
 endfacet
 facet normal -6.087614e-01  7.933533e-01  3.273941e-18
   outer loop
     vertex  1.387135e+02 -8.902479e+01  0.000000e+00
     vertex  1.385375e+02 -8.915987e+01  0.000000e+00
     vertex  1.385375e+02 -8.915987e+01  1.510000e+00
   endloop
 endfacet
 facet normal -7.933533e-01  6.087614e-01  0.000000e+00
   outer loop
     vertex  1.388486e+02 -8.884875e+01  0.000000e+00
     vertex  1.387135e+02 -8.902479e+01  1.510000e+00
     vertex  1.388486e+02 -8.884875e+01  1.510000e+00
   endloop
 endfacet
 facet normal -7.933533e-01  6.087614e-01 -3.920906e-19
   outer loop
     vertex  1.388486e+02 -8.884875e+01  0.000000e+00
     vertex  1.387135e+02 -8.902479e+01  0.000000e+00
     vertex  1.387135e+02 -8.902479e+01  1.510000e+00
   endloop
 endfacet
 facet normal -9.238795e-01  3.826834e-01  0.000000e+00
   outer loop
     vertex  1.389335e+02 -8.864375e+01  0.000000e+00
     vertex  1.388486e+02 -8.884875e+01  1.510000e+00
     vertex  1.389335e+02 -8.864375e+01  1.510000e+00
   endloop
 endfacet
 facet normal -9.238795e-01  3.826834e-01  8.019169e-19
   outer loop
     vertex  1.389335e+02 -8.864375e+01  0.000000e+00
     vertex  1.388486e+02 -8.884875e+01  0.000000e+00
     vertex  1.388486e+02 -8.884875e+01  1.510000e+00
   endloop
 endfacet
 facet normal -9.914449e-01  1.305262e-01  0.000000e+00
   outer loop
     vertex  1.389625e+02 -8.842375e+01  0.000000e+00
     vertex  1.389335e+02 -8.864375e+01  1.510000e+00
     vertex  1.389625e+02 -8.842375e+01  1.510000e+00
   endloop
 endfacet
 facet normal -9.914449e-01  1.305262e-01  8.791743e-19
   outer loop
     vertex  1.389625e+02 -8.842375e+01  0.000000e+00
     vertex  1.389335e+02 -8.864375e+01  0.000000e+00
     vertex  1.389335e+02 -8.864375e+01  1.510000e+00
   endloop
 endfacet
 facet normal -9.914449e-01 -1.305262e-01  0.000000e+00
   outer loop
     vertex  1.389335e+02 -8.820375e+01  0.000000e+00
     vertex  1.389625e+02 -8.842375e+01  1.510000e+00
     vertex  1.389335e+02 -8.820375e+01  1.510000e+00
   endloop
 endfacet
 facet normal -9.914449e-01 -1.305262e-01 -8.791743e-19
   outer loop
     vertex  1.389335e+02 -8.820375e+01  0.000000e+00
     vertex  1.389625e+02 -8.842375e+01  0.000000e+00
     vertex  1.389625e+02 -8.842375e+01  1.510000e+00
   endloop
 endfacet
 facet normal -9.238795e-01 -3.826834e-01  0.000000e+00
   outer loop
     vertex  1.388486e+02 -8.799875e+01  0.000000e+00
     vertex  1.389335e+02 -8.820375e+01  1.510000e+00
     vertex  1.388486e+02 -8.799875e+01  1.510000e+00
   endloop
 endfacet
 facet normal -9.238795e-01 -3.826834e-01 -8.019169e-19
   outer loop
     vertex  1.388486e+02 -8.799875e+01  0.000000e+00
     vertex  1.389335e+02 -8.820375e+01  0.000000e+00
     vertex  1.389335e+02 -8.820375e+01  1.510000e+00
   endloop
 endfacet
 facet normal -7.933533e-01 -6.087614e-01  0.000000e+00
   outer loop
     vertex  1.387135e+02 -8.782271e+01  0.000000e+00
     vertex  1.388486e+02 -8.799875e+01  1.510000e+00
     vertex  1.387135e+02 -8.782271e+01  1.510000e+00
   endloop
 endfacet
 facet normal -7.933533e-01 -6.087614e-01  3.920906e-19
   outer loop
     vertex  1.387135e+02 -8.782271e+01  0.000000e+00
     vertex  1.388486e+02 -8.799875e+01  0.000000e+00
     vertex  1.388486e+02 -8.799875e+01  1.510000e+00
   endloop
 endfacet
 facet normal -6.087614e-01 -7.933533e-01  0.000000e+00
   outer loop
     vertex  1.385375e+02 -8.768763e+01  0.000000e+00
     vertex  1.387135e+02 -8.782271e+01  1.510000e+00
     vertex  1.385375e+02 -8.768763e+01  1.510000e+00
   endloop
 endfacet
 facet normal -6.087614e-01 -7.933533e-01 -3.273941e-18
   outer loop
     vertex  1.385375e+02 -8.768763e+01  0.000000e+00
     vertex  1.387135e+02 -8.782271e+01  0.000000e+00
     vertex  1.387135e+02 -8.782271e+01  1.510000e+00
   endloop
 endfacet
 facet normal -1.305262e-01 -9.914449e-01  0.000000e+00
   outer loop
     vertex  1.383325e+02 -8.760271e+01  0.000000e+00
     vertex  1.383325e+02 -8.760271e+01  1.510000e+00
     vertex  1.381125e+02 -8.757375e+01  1.510000e+00
   endloop
 endfacet
 facet normal -3.826834e-01 -9.238795e-01  0.000000e+00
   outer loop
     vertex  1.383325e+02 -8.760271e+01  0.000000e+00
     vertex  1.385375e+02 -8.768763e+01  1.510000e+00
     vertex  1.383325e+02 -8.760271e+01  1.510000e+00
   endloop
 endfacet
 facet normal -3.826834e-01 -9.238795e-01  2.349918e-18
   outer loop
     vertex  1.383325e+02 -8.760271e+01  0.000000e+00
     vertex  1.385375e+02 -8.768763e+01  0.000000e+00
     vertex  1.385375e+02 -8.768763e+01  1.510000e+00
   endloop
 endfacet
 facet normal -1.305262e-01 -9.914449e-01  0.000000e+00
   outer loop
     vertex  1.381125e+02 -8.757375e+01  0.000000e+00
     vertex  1.383325e+02 -8.760271e+01  0.000000e+00
     vertex  1.381125e+02 -8.757375e+01  1.510000e+00
   endloop
 endfacet
 facet normal  1.305262e-01 -9.914449e-01 -1.282623e-18
   outer loop
     vertex  1.378925e+02 -8.760271e+01  0.000000e+00
     vertex  1.381125e+02 -8.757375e+01  0.000000e+00
     vertex  1.381125e+02 -8.757375e+01  1.510000e+00
   endloop
 endfacet
 facet normal  1.305262e-01 -9.914449e-01  0.000000e+00
   outer loop
     vertex  1.378925e+02 -8.760271e+01  0.000000e+00
     vertex  1.381125e+02 -8.757375e+01  1.510000e+00
     vertex  1.378925e+02 -8.760271e+01  1.510000e+00
   endloop
 endfacet
 facet normal  3.826834e-01 -9.238795e-01 -2.349918e-18
   outer loop
     vertex  1.376875e+02 -8.768763e+01  0.000000e+00
     vertex  1.378925e+02 -8.760271e+01  0.000000e+00
     vertex  1.378925e+02 -8.760271e+01  1.510000e+00
   endloop
 endfacet
 facet normal  3.826834e-01 -9.238795e-01  0.000000e+00
   outer loop
     vertex  1.376875e+02 -8.768763e+01  0.000000e+00
     vertex  1.378925e+02 -8.760271e+01  1.510000e+00
     vertex  1.376875e+02 -8.768763e+01  1.510000e+00
   endloop
 endfacet
 facet normal  6.087614e-01 -7.933533e-01  3.273941e-18
   outer loop
     vertex  1.375115e+02 -8.782271e+01  0.000000e+00
     vertex  1.376875e+02 -8.768763e+01  0.000000e+00
     vertex  1.376875e+02 -8.768763e+01  1.510000e+00
   endloop
 endfacet
 facet normal  7.933533e-01 -6.087614e-01  0.000000e+00
   outer loop
     vertex  1.375115e+02 -8.782271e+01  0.000000e+00
     vertex  1.375115e+02 -8.782271e+01  1.510000e+00
     vertex  1.373764e+02 -8.799875e+01  1.510000e+00
   endloop
 endfacet
 facet normal  6.087614e-01 -7.933533e-01  0.000000e+00
   outer loop
     vertex  1.375115e+02 -8.782271e+01  0.000000e+00
     vertex  1.376875e+02 -8.768763e+01  1.510000e+00
     vertex  1.375115e+02 -8.782271e+01  1.510000e+00
   endloop
 endfacet
 facet normal  7.933533e-01 -6.087614e-01  0.000000e+00
   outer loop
     vertex  1.373764e+02 -8.799875e+01  0.000000e+00
     vertex  1.375115e+02 -8.782271e+01  0.000000e+00
     vertex  1.373764e+02 -8.799875e+01  1.510000e+00
   endloop
 endfacet
 facet normal  9.238795e-01 -3.826834e-01  8.019169e-19
   outer loop
     vertex  1.372915e+02 -8.820375e+01  0.000000e+00
     vertex  1.373764e+02 -8.799875e+01  0.000000e+00
     vertex  1.373764e+02 -8.799875e+01  1.510000e+00
   endloop
 endfacet
 facet normal  9.238795e-01 -3.826834e-01  0.000000e+00
   outer loop
     vertex  1.372915e+02 -8.820375e+01  0.000000e+00
     vertex  1.373764e+02 -8.799875e+01  1.510000e+00
     vertex  1.372915e+02 -8.820375e+01  1.510000e+00
   endloop
 endfacet
 facet normal  9.914449e-01 -1.305262e-01  8.791743e-19
   outer loop
     vertex  1.372625e+02 -8.842375e+01  0.000000e+00
     vertex  1.372915e+02 -8.820375e+01  0.000000e+00
     vertex  1.372915e+02 -8.820375e+01  1.510000e+00
   endloop
 endfacet
 facet normal  9.914449e-01 -1.305262e-01  0.000000e+00
   outer loop
     vertex  1.372625e+02 -8.842375e+01  0.000000e+00
     vertex  1.372915e+02 -8.820375e+01  1.510000e+00
     vertex  1.372625e+02 -8.842375e+01  1.510000e+00
   endloop
 endfacet
 facet normal  9.914449e-01  1.305262e-01 -0.000000e+00
   outer loop
     vertex  1.372915e+02 -8.864375e+01  0.000000e+00
     vertex  1.372625e+02 -8.842375e+01  1.510000e+00
     vertex  1.372915e+02 -8.864375e+01  1.510000e+00
   endloop
 endfacet
 facet normal  9.914449e-01  1.305262e-01 -8.791743e-19
   outer loop
     vertex  1.372915e+02 -8.864375e+01  0.000000e+00
     vertex  1.372625e+02 -8.842375e+01  0.000000e+00
     vertex  1.372625e+02 -8.842375e+01  1.510000e+00
   endloop
 endfacet
 facet normal  9.238795e-01  3.826834e-01 -0.000000e+00
   outer loop
     vertex  1.373764e+02 -8.884875e+01  0.000000e+00
     vertex  1.372915e+02 -8.864375e+01  1.510000e+00
     vertex  1.373764e+02 -8.884875e+01  1.510000e+00
   endloop
 endfacet
 facet normal  9.238795e-01  3.826834e-01 -8.019169e-19
   outer loop
     vertex  1.373764e+02 -8.884875e+01  0.000000e+00
     vertex  1.372915e+02 -8.864375e+01  0.000000e+00
     vertex  1.372915e+02 -8.864375e+01  1.510000e+00
   endloop
 endfacet
 facet normal  7.933533e-01  6.087614e-01  3.920906e-19
   outer loop
     vertex  1.375115e+02 -8.902479e+01  0.000000e+00
     vertex  1.373764e+02 -8.884875e+01  0.000000e+00
     vertex  1.373764e+02 -8.884875e+01  1.510000e+00
   endloop
 endfacet
 facet normal  6.087614e-01  7.933533e-01 -0.000000e+00
   outer loop
     vertex  1.375115e+02 -8.902479e+01  0.000000e+00
     vertex  1.375115e+02 -8.902479e+01  1.510000e+00
     vertex  1.376875e+02 -8.915987e+01  1.510000e+00
   endloop
 endfacet
 facet normal  7.933533e-01  6.087614e-01 -0.000000e+00
   outer loop
     vertex  1.375115e+02 -8.902479e+01  0.000000e+00
     vertex  1.373764e+02 -8.884875e+01  1.510000e+00
     vertex  1.375115e+02 -8.902479e+01  1.510000e+00
   endloop
 endfacet
 facet normal  6.087614e-01  7.933533e-01 -0.000000e+00
   outer loop
     vertex  1.376875e+02 -8.915987e+01  0.000000e+00
     vertex  1.375115e+02 -8.902479e+01  0.000000e+00
     vertex  1.376875e+02 -8.915987e+01  1.510000e+00
   endloop
 endfacet
 facet normal  1.305262e-01  9.914449e-01 -0.000000e+00
   outer loop
     vertex  1.378925e+02 -8.924479e+01  0.000000e+00
     vertex  1.378925e+02 -8.924479e+01  1.510000e+00
     vertex  1.381125e+02 -8.927375e+01  1.510000e+00
   endloop
 endfacet
 facet normal  3.826834e-01  9.238795e-01 -0.000000e+00
   outer loop
     vertex  1.378925e+02 -8.924479e+01  0.000000e+00
     vertex  1.376875e+02 -8.915987e+01  1.510000e+00
     vertex  1.378925e+02 -8.924479e+01  1.510000e+00
   endloop
 endfacet
 facet normal  3.826834e-01  9.238795e-01  2.349918e-18
   outer loop
     vertex  1.378925e+02 -8.924479e+01  0.000000e+00
     vertex  1.376875e+02 -8.915987e+01  0.000000e+00
     vertex  1.376875e+02 -8.915987e+01  1.510000e+00
   endloop
 endfacet
 facet normal  1.305262e-01  9.914449e-01 -0.000000e+00
   outer loop
     vertex  1.381125e+02 -8.927375e+01  0.000000e+00
     vertex  1.378925e+02 -8.924479e+01  0.000000e+00
     vertex  1.381125e+02 -8.927375e+01  1.510000e+00
   endloop
 endfacet
 facet normal -1.305262e-01  9.914449e-01 -1.119139e-18
   outer loop
     vertex  1.433866e+02 -8.660819e+01  0.000000e+00
     vertex  1.431925e+02 -8.663375e+01  0.000000e+00
     vertex  1.431925e+02 -8.663375e+01  1.510000e+00
   endloop
 endfacet
 facet normal -1.305262e-01  9.914449e-01  0.000000e+00
   outer loop
     vertex  1.433866e+02 -8.660819e+01  0.000000e+00
     vertex  1.431925e+02 -8.663375e+01  1.510000e+00
     vertex  1.433866e+02 -8.660819e+01  1.510000e+00
   endloop
 endfacet
 facet normal -3.826834e-01  9.238795e-01  0.000000e+00
   outer loop
     vertex  1.435675e+02 -8.653327e+01  0.000000e+00
     vertex  1.433866e+02 -8.660819e+01  1.510000e+00
     vertex  1.435675e+02 -8.653327e+01  1.510000e+00
   endloop
 endfacet
 facet normal -3.826834e-01  9.238795e-01 -6.208025e-19
   outer loop
     vertex  1.435675e+02 -8.653327e+01  0.000000e+00
     vertex  1.433866e+02 -8.660819e+01  0.000000e+00
     vertex  1.433866e+02 -8.660819e+01  1.510000e+00
   endloop
 endfacet
 facet normal -6.087614e-01  7.933533e-01  0.000000e+00
   outer loop
     vertex  1.437228e+02 -8.641408e+01  0.000000e+00
     vertex  1.435675e+02 -8.653327e+01  1.510000e+00
     vertex  1.437228e+02 -8.641408e+01  1.510000e+00
   endloop
 endfacet
 facet normal -6.087614e-01  7.933533e-01 -1.151030e-19
   outer loop
     vertex  1.437228e+02 -8.641408e+01  0.000000e+00
     vertex  1.435675e+02 -8.653327e+01  0.000000e+00
     vertex  1.435675e+02 -8.653327e+01  1.510000e+00
   endloop
 endfacet
 facet normal -7.933533e-01  6.087614e-01  0.000000e+00
   outer loop
     vertex  1.438420e+02 -8.625875e+01  0.000000e+00
     vertex  1.437228e+02 -8.641408e+01  1.510000e+00
     vertex  1.438420e+02 -8.625875e+01  1.510000e+00
   endloop
 endfacet
 facet normal -7.933533e-01  6.087614e-01  2.607861e-18
   outer loop
     vertex  1.438420e+02 -8.625875e+01  0.000000e+00
     vertex  1.437228e+02 -8.641408e+01  0.000000e+00
     vertex  1.437228e+02 -8.641408e+01  1.510000e+00
   endloop
 endfacet
 facet normal -9.238795e-01  3.826834e-01  0.000000e+00
   outer loop
     vertex  1.439169e+02 -8.607786e+01  0.000000e+00
     vertex  1.438420e+02 -8.625875e+01  1.510000e+00
     vertex  1.439169e+02 -8.607786e+01  1.510000e+00
   endloop
 endfacet
 facet normal -9.238795e-01  3.826834e-01  2.982014e-19
   outer loop
     vertex  1.439169e+02 -8.607786e+01  0.000000e+00
     vertex  1.438420e+02 -8.625875e+01  0.000000e+00
     vertex  1.438420e+02 -8.625875e+01  1.510000e+00
   endloop
 endfacet
 facet normal -9.914449e-01  1.305262e-01  0.000000e+00
   outer loop
     vertex  1.439425e+02 -8.588375e+01  0.000000e+00
     vertex  1.439169e+02 -8.607786e+01  1.510000e+00
     vertex  1.439425e+02 -8.588375e+01  1.510000e+00
   endloop
 endfacet
 facet normal -9.914449e-01  1.305262e-01  8.317954e-19
   outer loop
     vertex  1.439425e+02 -8.588375e+01  0.000000e+00
     vertex  1.439169e+02 -8.607786e+01  0.000000e+00
     vertex  1.439169e+02 -8.607786e+01  1.510000e+00
   endloop
 endfacet
 facet normal -9.914449e-01 -1.305262e-01  0.000000e+00
   outer loop
     vertex  1.439169e+02 -8.568964e+01  0.000000e+00
     vertex  1.439425e+02 -8.588375e+01  1.510000e+00
     vertex  1.439169e+02 -8.568964e+01  1.510000e+00
   endloop
 endfacet
 facet normal -9.914449e-01 -1.305262e-01 -8.317954e-19
   outer loop
     vertex  1.439169e+02 -8.568964e+01  0.000000e+00
     vertex  1.439425e+02 -8.588375e+01  0.000000e+00
     vertex  1.439425e+02 -8.588375e+01  1.510000e+00
   endloop
 endfacet
 facet normal -9.238795e-01 -3.826834e-01  0.000000e+00
   outer loop
     vertex  1.438420e+02 -8.550875e+01  0.000000e+00
     vertex  1.439169e+02 -8.568964e+01  1.510000e+00
     vertex  1.438420e+02 -8.550875e+01  1.510000e+00
   endloop
 endfacet
 facet normal -9.238795e-01 -3.826834e-01 -2.982014e-19
   outer loop
     vertex  1.438420e+02 -8.550875e+01  0.000000e+00
     vertex  1.439169e+02 -8.568964e+01  0.000000e+00
     vertex  1.439169e+02 -8.568964e+01  1.510000e+00
   endloop
 endfacet
 facet normal -7.933533e-01 -6.087614e-01  0.000000e+00
   outer loop
     vertex  1.437228e+02 -8.535342e+01  0.000000e+00
     vertex  1.438420e+02 -8.550875e+01  1.510000e+00
     vertex  1.437228e+02 -8.535342e+01  1.510000e+00
   endloop
 endfacet
 facet normal -7.933533e-01 -6.087614e-01 -2.607861e-18
   outer loop
     vertex  1.437228e+02 -8.535342e+01  0.000000e+00
     vertex  1.438420e+02 -8.550875e+01  0.000000e+00
     vertex  1.438420e+02 -8.550875e+01  1.510000e+00
   endloop
 endfacet
 facet normal -6.087614e-01 -7.933533e-01  0.000000e+00
   outer loop
     vertex  1.435675e+02 -8.523423e+01  0.000000e+00
     vertex  1.437228e+02 -8.535342e+01  1.510000e+00
     vertex  1.435675e+02 -8.523423e+01  1.510000e+00
   endloop
 endfacet
 facet normal -6.087614e-01 -7.933533e-01  1.151030e-19
   outer loop
     vertex  1.435675e+02 -8.523423e+01  0.000000e+00
     vertex  1.437228e+02 -8.535342e+01  0.000000e+00
     vertex  1.437228e+02 -8.535342e+01  1.510000e+00
   endloop
 endfacet
 facet normal -1.305262e-01 -9.914449e-01  0.000000e+00
   outer loop
     vertex  1.433866e+02 -8.515931e+01  0.000000e+00
     vertex  1.433866e+02 -8.515931e+01  1.510000e+00
     vertex  1.431925e+02 -8.513375e+01  1.510000e+00
   endloop
 endfacet
 facet normal -3.826834e-01 -9.238795e-01  0.000000e+00
   outer loop
     vertex  1.433866e+02 -8.515931e+01  0.000000e+00
     vertex  1.435675e+02 -8.523423e+01  1.510000e+00
     vertex  1.433866e+02 -8.515931e+01  1.510000e+00
   endloop
 endfacet
 facet normal -3.826834e-01 -9.238795e-01 -2.761264e-18
   outer loop
     vertex  1.433866e+02 -8.515931e+01  0.000000e+00
     vertex  1.435675e+02 -8.523423e+01  0.000000e+00
     vertex  1.435675e+02 -8.523423e+01  1.510000e+00
   endloop
 endfacet
 facet normal -1.305262e-01 -9.914449e-01  0.000000e+00
   outer loop
     vertex  1.431925e+02 -8.513375e+01  0.000000e+00
     vertex  1.433866e+02 -8.515931e+01  0.000000e+00
     vertex  1.431925e+02 -8.513375e+01  1.510000e+00
   endloop
 endfacet
 facet normal  1.305262e-01 -9.914449e-01  6.209331e-19
   outer loop
     vertex  1.429984e+02 -8.515931e+01  0.000000e+00
     vertex  1.431925e+02 -8.513375e+01  0.000000e+00
     vertex  1.431925e+02 -8.513375e+01  1.510000e+00
   endloop
 endfacet
 facet normal  1.305262e-01 -9.914449e-01  0.000000e+00
   outer loop
     vertex  1.429984e+02 -8.515931e+01  0.000000e+00
     vertex  1.431925e+02 -8.513375e+01  1.510000e+00
     vertex  1.429984e+02 -8.515931e+01  1.510000e+00
   endloop
 endfacet
 facet normal  3.826834e-01 -9.238795e-01  2.761264e-18
   outer loop
     vertex  1.428175e+02 -8.523423e+01  0.000000e+00
     vertex  1.429984e+02 -8.515931e+01  0.000000e+00
     vertex  1.429984e+02 -8.515931e+01  1.510000e+00
   endloop
 endfacet
 facet normal  3.826834e-01 -9.238795e-01  0.000000e+00
   outer loop
     vertex  1.428175e+02 -8.523423e+01  0.000000e+00
     vertex  1.429984e+02 -8.515931e+01  1.510000e+00
     vertex  1.428175e+02 -8.523423e+01  1.510000e+00
   endloop
 endfacet
 facet normal  6.087614e-01 -7.933533e-01 -1.151030e-19
   outer loop
     vertex  1.426622e+02 -8.535342e+01  0.000000e+00
     vertex  1.428175e+02 -8.523423e+01  0.000000e+00
     vertex  1.428175e+02 -8.523423e+01  1.510000e+00
   endloop
 endfacet
 facet normal  7.933533e-01 -6.087614e-01  0.000000e+00
   outer loop
     vertex  1.426622e+02 -8.535342e+01  0.000000e+00
     vertex  1.426622e+02 -8.535342e+01  1.510000e+00
     vertex  1.425430e+02 -8.550875e+01  1.510000e+00
   endloop
 endfacet
 facet normal  6.087614e-01 -7.933533e-01  0.000000e+00
   outer loop
     vertex  1.426622e+02 -8.535342e+01  0.000000e+00
     vertex  1.428175e+02 -8.523423e+01  1.510000e+00
     vertex  1.426622e+02 -8.535342e+01  1.510000e+00
   endloop
 endfacet
 facet normal  7.933533e-01 -6.087614e-01  0.000000e+00
   outer loop
     vertex  1.425430e+02 -8.550875e+01  0.000000e+00
     vertex  1.426622e+02 -8.535342e+01  0.000000e+00
     vertex  1.425430e+02 -8.550875e+01  1.510000e+00
   endloop
 endfacet
 facet normal  9.238795e-01 -3.826834e-01  2.982014e-19
   outer loop
     vertex  1.424681e+02 -8.568964e+01  0.000000e+00
     vertex  1.425430e+02 -8.550875e+01  0.000000e+00
     vertex  1.425430e+02 -8.550875e+01  1.510000e+00
   endloop
 endfacet
 facet normal  9.238795e-01 -3.826834e-01  0.000000e+00
   outer loop
     vertex  1.424681e+02 -8.568964e+01  0.000000e+00
     vertex  1.425430e+02 -8.550875e+01  1.510000e+00
     vertex  1.424681e+02 -8.568964e+01  1.510000e+00
   endloop
 endfacet
 facet normal  9.914449e-01 -1.305262e-01  8.317954e-19
   outer loop
     vertex  1.424425e+02 -8.588375e+01  0.000000e+00
     vertex  1.424681e+02 -8.568964e+01  0.000000e+00
     vertex  1.424681e+02 -8.568964e+01  1.510000e+00
   endloop
 endfacet
 facet normal  9.914449e-01 -1.305262e-01  0.000000e+00
   outer loop
     vertex  1.424425e+02 -8.588375e+01  0.000000e+00
     vertex  1.424681e+02 -8.568964e+01  1.510000e+00
     vertex  1.424425e+02 -8.588375e+01  1.510000e+00
   endloop
 endfacet
 facet normal  9.914449e-01  1.305262e-01 -0.000000e+00
   outer loop
     vertex  1.424681e+02 -8.607786e+01  0.000000e+00
     vertex  1.424425e+02 -8.588375e+01  1.510000e+00
     vertex  1.424681e+02 -8.607786e+01  1.510000e+00
   endloop
 endfacet
 facet normal  9.914449e-01  1.305262e-01 -8.317954e-19
   outer loop
     vertex  1.424681e+02 -8.607786e+01  0.000000e+00
     vertex  1.424425e+02 -8.588375e+01  0.000000e+00
     vertex  1.424425e+02 -8.588375e+01  1.510000e+00
   endloop
 endfacet
 facet normal  9.238795e-01  3.826834e-01 -0.000000e+00
   outer loop
     vertex  1.425430e+02 -8.625875e+01  0.000000e+00
     vertex  1.424681e+02 -8.607786e+01  1.510000e+00
     vertex  1.425430e+02 -8.625875e+01  1.510000e+00
   endloop
 endfacet
 facet normal  9.238795e-01  3.826834e-01 -2.982014e-19
   outer loop
     vertex  1.425430e+02 -8.625875e+01  0.000000e+00
     vertex  1.424681e+02 -8.607786e+01  0.000000e+00
     vertex  1.424681e+02 -8.607786e+01  1.510000e+00
   endloop
 endfacet
 facet normal  7.933533e-01  6.087614e-01 -2.607861e-18
   outer loop
     vertex  1.426622e+02 -8.641408e+01  0.000000e+00
     vertex  1.425430e+02 -8.625875e+01  0.000000e+00
     vertex  1.425430e+02 -8.625875e+01  1.510000e+00
   endloop
 endfacet
 facet normal  6.087614e-01  7.933533e-01 -0.000000e+00
   outer loop
     vertex  1.426622e+02 -8.641408e+01  0.000000e+00
     vertex  1.426622e+02 -8.641408e+01  1.510000e+00
     vertex  1.428175e+02 -8.653327e+01  1.510000e+00
   endloop
 endfacet
 facet normal  7.933533e-01  6.087614e-01 -0.000000e+00
   outer loop
     vertex  1.426622e+02 -8.641408e+01  0.000000e+00
     vertex  1.425430e+02 -8.625875e+01  1.510000e+00
     vertex  1.426622e+02 -8.641408e+01  1.510000e+00
   endloop
 endfacet
 facet normal  6.087614e-01  7.933533e-01 -0.000000e+00
   outer loop
     vertex  1.428175e+02 -8.653327e+01  0.000000e+00
     vertex  1.426622e+02 -8.641408e+01  0.000000e+00
     vertex  1.428175e+02 -8.653327e+01  1.510000e+00
   endloop
 endfacet
 facet normal  1.305262e-01  9.914449e-01 -0.000000e+00
   outer loop
     vertex  1.429984e+02 -8.660819e+01  0.000000e+00
     vertex  1.429984e+02 -8.660819e+01  1.510000e+00
     vertex  1.431925e+02 -8.663375e+01  1.510000e+00
   endloop
 endfacet
 facet normal  3.826834e-01  9.238795e-01 -0.000000e+00
   outer loop
     vertex  1.429984e+02 -8.660819e+01  0.000000e+00
     vertex  1.428175e+02 -8.653327e+01  1.510000e+00
     vertex  1.429984e+02 -8.660819e+01  1.510000e+00
   endloop
 endfacet
 facet normal  3.826834e-01  9.238795e-01 -2.761264e-18
   outer loop
     vertex  1.429984e+02 -8.660819e+01  0.000000e+00
     vertex  1.428175e+02 -8.653327e+01  0.000000e+00
     vertex  1.428175e+02 -8.653327e+01  1.510000e+00
   endloop
 endfacet
 facet normal  1.305262e-01  9.914449e-01 -0.000000e+00
   outer loop
     vertex  1.431925e+02 -8.663375e+01  0.000000e+00
     vertex  1.429984e+02 -8.660819e+01  0.000000e+00
     vertex  1.431925e+02 -8.663375e+01  1.510000e+00
   endloop
 endfacet
 facet normal -1.305262e-01  9.914449e-01 -1.282623e-18
   outer loop
     vertex  1.573825e+02 -8.924479e+01  0.000000e+00
     vertex  1.571625e+02 -8.927375e+01  0.000000e+00
     vertex  1.571625e+02 -8.927375e+01  1.510000e+00
   endloop
 endfacet
 facet normal -1.305262e-01  9.914449e-01  0.000000e+00
   outer loop
     vertex  1.573825e+02 -8.924479e+01  0.000000e+00
     vertex  1.571625e+02 -8.927375e+01  1.510000e+00
     vertex  1.573825e+02 -8.924479e+01  1.510000e+00
   endloop
 endfacet
 facet normal -3.826834e-01  9.238795e-01  0.000000e+00
   outer loop
     vertex  1.575875e+02 -8.915987e+01  0.000000e+00
     vertex  1.573825e+02 -8.924479e+01  1.510000e+00
     vertex  1.575875e+02 -8.915987e+01  1.510000e+00
   endloop
 endfacet
 facet normal -3.826834e-01  9.238795e-01 -2.349918e-18
   outer loop
     vertex  1.575875e+02 -8.915987e+01  0.000000e+00
     vertex  1.573825e+02 -8.924479e+01  0.000000e+00
     vertex  1.573825e+02 -8.924479e+01  1.510000e+00
   endloop
 endfacet
 facet normal -6.087614e-01  7.933533e-01  0.000000e+00
   outer loop
     vertex  1.577635e+02 -8.902479e+01  0.000000e+00
     vertex  1.575875e+02 -8.915987e+01  1.510000e+00
     vertex  1.577635e+02 -8.902479e+01  1.510000e+00
   endloop
 endfacet
 facet normal -6.087614e-01  7.933533e-01 -2.754066e-18
   outer loop
     vertex  1.577635e+02 -8.902479e+01  0.000000e+00
     vertex  1.575875e+02 -8.915987e+01  0.000000e+00
     vertex  1.575875e+02 -8.915987e+01  1.510000e+00
   endloop
 endfacet
 facet normal -7.933533e-01  6.087614e-01  0.000000e+00
   outer loop
     vertex  1.578986e+02 -8.884875e+01  0.000000e+00
     vertex  1.577635e+02 -8.902479e+01  1.510000e+00
     vertex  1.578986e+02 -8.884875e+01  1.510000e+00
   endloop
 endfacet
 facet normal -7.933533e-01  6.087614e-01  9.119650e-19
   outer loop
     vertex  1.578986e+02 -8.884875e+01  0.000000e+00
     vertex  1.577635e+02 -8.902479e+01  0.000000e+00
     vertex  1.577635e+02 -8.902479e+01  1.510000e+00
   endloop
 endfacet
 facet normal -9.238795e-01  3.826834e-01  0.000000e+00
   outer loop
     vertex  1.579835e+02 -8.864375e+01  0.000000e+00
     vertex  1.578986e+02 -8.884875e+01  1.510000e+00
     vertex  1.579835e+02 -8.864375e+01  1.510000e+00
   endloop
 endfacet
 facet normal -9.238795e-01  3.826834e-01  8.019169e-19
   outer loop
     vertex  1.579835e+02 -8.864375e+01  0.000000e+00
     vertex  1.578986e+02 -8.884875e+01  0.000000e+00
     vertex  1.578986e+02 -8.884875e+01  1.510000e+00
   endloop
 endfacet
 facet normal -9.914449e-01  1.305262e-01  0.000000e+00
   outer loop
     vertex  1.580125e+02 -8.842375e+01  0.000000e+00
     vertex  1.579835e+02 -8.864375e+01  1.510000e+00
     vertex  1.580125e+02 -8.842375e+01  1.510000e+00
   endloop
 endfacet
 facet normal -9.914449e-01  1.305262e-01 -6.743044e-20
   outer loop
     vertex  1.580125e+02 -8.842375e+01  0.000000e+00
     vertex  1.579835e+02 -8.864375e+01  0.000000e+00
     vertex  1.579835e+02 -8.864375e+01  1.510000e+00
   endloop
 endfacet
 facet normal -9.914449e-01 -1.305262e-01  0.000000e+00
   outer loop
     vertex  1.579835e+02 -8.820375e+01  0.000000e+00
     vertex  1.580125e+02 -8.842375e+01  1.510000e+00
     vertex  1.579835e+02 -8.820375e+01  1.510000e+00
   endloop
 endfacet
 facet normal -9.914449e-01 -1.305262e-01  6.743044e-20
   outer loop
     vertex  1.579835e+02 -8.820375e+01  0.000000e+00
     vertex  1.580125e+02 -8.842375e+01  0.000000e+00
     vertex  1.580125e+02 -8.842375e+01  1.510000e+00
   endloop
 endfacet
 facet normal -9.238795e-01 -3.826834e-01  0.000000e+00
   outer loop
     vertex  1.578986e+02 -8.799875e+01  0.000000e+00
     vertex  1.579835e+02 -8.820375e+01  1.510000e+00
     vertex  1.578986e+02 -8.799875e+01  1.510000e+00
   endloop
 endfacet
 facet normal -9.238795e-01 -3.826834e-01 -8.019169e-19
   outer loop
     vertex  1.578986e+02 -8.799875e+01  0.000000e+00
     vertex  1.579835e+02 -8.820375e+01  0.000000e+00
     vertex  1.579835e+02 -8.820375e+01  1.510000e+00
   endloop
 endfacet
 facet normal -7.933533e-01 -6.087614e-01  0.000000e+00
   outer loop
     vertex  1.577635e+02 -8.782271e+01  0.000000e+00
     vertex  1.578986e+02 -8.799875e+01  1.510000e+00
     vertex  1.577635e+02 -8.782271e+01  1.510000e+00
   endloop
 endfacet
 facet normal -7.933533e-01 -6.087614e-01 -9.119650e-19
   outer loop
     vertex  1.577635e+02 -8.782271e+01  0.000000e+00
     vertex  1.578986e+02 -8.799875e+01  0.000000e+00
     vertex  1.578986e+02 -8.799875e+01  1.510000e+00
   endloop
 endfacet
 facet normal -6.087614e-01 -7.933533e-01  0.000000e+00
   outer loop
     vertex  1.575875e+02 -8.768763e+01  0.000000e+00
     vertex  1.577635e+02 -8.782271e+01  1.510000e+00
     vertex  1.575875e+02 -8.768763e+01  1.510000e+00
   endloop
 endfacet
 facet normal -6.087614e-01 -7.933533e-01  2.754066e-18
   outer loop
     vertex  1.575875e+02 -8.768763e+01  0.000000e+00
     vertex  1.577635e+02 -8.782271e+01  0.000000e+00
     vertex  1.577635e+02 -8.782271e+01  1.510000e+00
   endloop
 endfacet
 facet normal -1.305262e-01 -9.914449e-01  0.000000e+00
   outer loop
     vertex  1.573825e+02 -8.760271e+01  0.000000e+00
     vertex  1.573825e+02 -8.760271e+01  1.510000e+00
     vertex  1.571625e+02 -8.757375e+01  1.510000e+00
   endloop
 endfacet
 facet normal -3.826834e-01 -9.238795e-01  0.000000e+00
   outer loop
     vertex  1.573825e+02 -8.760271e+01  0.000000e+00
     vertex  1.575875e+02 -8.768763e+01  1.510000e+00
     vertex  1.573825e+02 -8.760271e+01  1.510000e+00
   endloop
 endfacet
 facet normal -3.826834e-01 -9.238795e-01  2.349918e-18
   outer loop
     vertex  1.573825e+02 -8.760271e+01  0.000000e+00
     vertex  1.575875e+02 -8.768763e+01  0.000000e+00
     vertex  1.575875e+02 -8.768763e+01  1.510000e+00
   endloop
 endfacet
 facet normal -1.305262e-01 -9.914449e-01  0.000000e+00
   outer loop
     vertex  1.571625e+02 -8.757375e+01  0.000000e+00
     vertex  1.573825e+02 -8.760271e+01  0.000000e+00
     vertex  1.571625e+02 -8.757375e+01  1.510000e+00
   endloop
 endfacet
 facet normal  1.305262e-01 -9.914449e-01 -1.282623e-18
   outer loop
     vertex  1.569425e+02 -8.760271e+01  0.000000e+00
     vertex  1.571625e+02 -8.757375e+01  0.000000e+00
     vertex  1.571625e+02 -8.757375e+01  1.510000e+00
   endloop
 endfacet
 facet normal  1.305262e-01 -9.914449e-01  0.000000e+00
   outer loop
     vertex  1.569425e+02 -8.760271e+01  0.000000e+00
     vertex  1.571625e+02 -8.757375e+01  1.510000e+00
     vertex  1.569425e+02 -8.760271e+01  1.510000e+00
   endloop
 endfacet
 facet normal  3.826834e-01 -9.238795e-01  1.516292e-18
   outer loop
     vertex  1.567375e+02 -8.768763e+01  0.000000e+00
     vertex  1.569425e+02 -8.760271e+01  0.000000e+00
     vertex  1.569425e+02 -8.760271e+01  1.510000e+00
   endloop
 endfacet
 facet normal  3.826834e-01 -9.238795e-01  0.000000e+00
   outer loop
     vertex  1.567375e+02 -8.768763e+01  0.000000e+00
     vertex  1.569425e+02 -8.760271e+01  1.510000e+00
     vertex  1.567375e+02 -8.768763e+01  1.510000e+00
   endloop
 endfacet
 facet normal  6.087614e-01 -7.933533e-01  3.273941e-18
   outer loop
     vertex  1.565615e+02 -8.782271e+01  0.000000e+00
     vertex  1.567375e+02 -8.768763e+01  0.000000e+00
     vertex  1.567375e+02 -8.768763e+01  1.510000e+00
   endloop
 endfacet
 facet normal  7.933533e-01 -6.087614e-01  0.000000e+00
   outer loop
     vertex  1.565615e+02 -8.782271e+01  0.000000e+00
     vertex  1.565615e+02 -8.782271e+01  1.510000e+00
     vertex  1.564264e+02 -8.799875e+01  1.510000e+00
   endloop
 endfacet
 facet normal  6.087614e-01 -7.933533e-01  0.000000e+00
   outer loop
     vertex  1.565615e+02 -8.782271e+01  0.000000e+00
     vertex  1.567375e+02 -8.768763e+01  1.510000e+00
     vertex  1.565615e+02 -8.782271e+01  1.510000e+00
   endloop
 endfacet
 facet normal  7.933533e-01 -6.087614e-01  0.000000e+00
   outer loop
     vertex  1.564264e+02 -8.799875e+01  0.000000e+00
     vertex  1.565615e+02 -8.782271e+01  0.000000e+00
     vertex  1.564264e+02 -8.799875e+01  1.510000e+00
   endloop
 endfacet
 facet normal  9.238795e-01 -3.826834e-01  8.019169e-19
   outer loop
     vertex  1.563415e+02 -8.820375e+01  0.000000e+00
     vertex  1.564264e+02 -8.799875e+01  0.000000e+00
     vertex  1.564264e+02 -8.799875e+01  1.510000e+00
   endloop
 endfacet
 facet normal  9.238795e-01 -3.826834e-01  0.000000e+00
   outer loop
     vertex  1.563415e+02 -8.820375e+01  0.000000e+00
     vertex  1.564264e+02 -8.799875e+01  1.510000e+00
     vertex  1.563415e+02 -8.820375e+01  1.510000e+00
   endloop
 endfacet
 facet normal  9.914449e-01 -1.305262e-01 -6.743044e-20
   outer loop
     vertex  1.563125e+02 -8.842375e+01  0.000000e+00
     vertex  1.563415e+02 -8.820375e+01  0.000000e+00
     vertex  1.563415e+02 -8.820375e+01  1.510000e+00
   endloop
 endfacet
 facet normal  9.914449e-01 -1.305262e-01  0.000000e+00
   outer loop
     vertex  1.563125e+02 -8.842375e+01  0.000000e+00
     vertex  1.563415e+02 -8.820375e+01  1.510000e+00
     vertex  1.563125e+02 -8.842375e+01  1.510000e+00
   endloop
 endfacet
 facet normal  9.914449e-01  1.305262e-01 -0.000000e+00
   outer loop
     vertex  1.563415e+02 -8.864375e+01  0.000000e+00
     vertex  1.563125e+02 -8.842375e+01  1.510000e+00
     vertex  1.563415e+02 -8.864375e+01  1.510000e+00
   endloop
 endfacet
 facet normal  9.914449e-01  1.305262e-01  6.743044e-20
   outer loop
     vertex  1.563415e+02 -8.864375e+01  0.000000e+00
     vertex  1.563125e+02 -8.842375e+01  0.000000e+00
     vertex  1.563125e+02 -8.842375e+01  1.510000e+00
   endloop
 endfacet
 facet normal  9.238795e-01  3.826834e-01 -0.000000e+00
   outer loop
     vertex  1.564264e+02 -8.884875e+01  0.000000e+00
     vertex  1.563415e+02 -8.864375e+01  1.510000e+00
     vertex  1.564264e+02 -8.884875e+01  1.510000e+00
   endloop
 endfacet
 facet normal  9.238795e-01  3.826834e-01 -8.019169e-19
   outer loop
     vertex  1.564264e+02 -8.884875e+01  0.000000e+00
     vertex  1.563415e+02 -8.864375e+01  0.000000e+00
     vertex  1.563415e+02 -8.864375e+01  1.510000e+00
   endloop
 endfacet
 facet normal  7.933533e-01  6.087614e-01 -9.119650e-19
   outer loop
     vertex  1.565615e+02 -8.902479e+01  0.000000e+00
     vertex  1.564264e+02 -8.884875e+01  0.000000e+00
     vertex  1.564264e+02 -8.884875e+01  1.510000e+00
   endloop
 endfacet
 facet normal  6.087614e-01  7.933533e-01 -0.000000e+00
   outer loop
     vertex  1.565615e+02 -8.902479e+01  0.000000e+00
     vertex  1.565615e+02 -8.902479e+01  1.510000e+00
     vertex  1.567375e+02 -8.915987e+01  1.510000e+00
   endloop
 endfacet
 facet normal  7.933533e-01  6.087614e-01 -0.000000e+00
   outer loop
     vertex  1.565615e+02 -8.902479e+01  0.000000e+00
     vertex  1.564264e+02 -8.884875e+01  1.510000e+00
     vertex  1.565615e+02 -8.902479e+01  1.510000e+00
   endloop
 endfacet
 facet normal  6.087614e-01  7.933533e-01 -0.000000e+00
   outer loop
     vertex  1.567375e+02 -8.915987e+01  0.000000e+00
     vertex  1.565615e+02 -8.902479e+01  0.000000e+00
     vertex  1.567375e+02 -8.915987e+01  1.510000e+00
   endloop
 endfacet
 facet normal  1.305262e-01  9.914449e-01 -0.000000e+00
   outer loop
     vertex  1.569425e+02 -8.924479e+01  0.000000e+00
     vertex  1.569425e+02 -8.924479e+01  1.510000e+00
     vertex  1.571625e+02 -8.927375e+01  1.510000e+00
   endloop
 endfacet
 facet normal  3.826834e-01  9.238795e-01 -0.000000e+00
   outer loop
     vertex  1.569425e+02 -8.924479e+01  0.000000e+00
     vertex  1.567375e+02 -8.915987e+01  1.510000e+00
     vertex  1.569425e+02 -8.924479e+01  1.510000e+00
   endloop
 endfacet
 facet normal  3.826834e-01  9.238795e-01 -1.516292e-18
   outer loop
     vertex  1.569425e+02 -8.924479e+01  0.000000e+00
     vertex  1.567375e+02 -8.915987e+01  0.000000e+00
     vertex  1.567375e+02 -8.915987e+01  1.510000e+00
   endloop
 endfacet
 facet normal  1.305262e-01  9.914449e-01 -0.000000e+00
   outer loop
     vertex  1.571625e+02 -8.927375e+01  0.000000e+00
     vertex  1.569425e+02 -8.924479e+01  0.000000e+00
     vertex  1.571625e+02 -8.927375e+01  1.510000e+00
   endloop
 endfacet
 facet normal -1.305262e-01  9.914449e-01 -7.810433e-19
   outer loop
     vertex  1.386301e+02 -8.527560e+01  0.000000e+00
     vertex  1.381125e+02 -8.534375e+01  0.000000e+00
     vertex  1.381125e+02 -8.534375e+01  1.510000e+00
   endloop
 endfacet
 facet normal -1.305262e-01  9.914449e-01  0.000000e+00
   outer loop
     vertex  1.386301e+02 -8.527560e+01  0.000000e+00
     vertex  1.381125e+02 -8.534375e+01  1.510000e+00
     vertex  1.386301e+02 -8.527560e+01  1.510000e+00
   endloop
 endfacet
 facet normal -3.826834e-01  9.238795e-01  0.000000e+00
   outer loop
     vertex  1.391125e+02 -8.507580e+01  0.000000e+00
     vertex  1.386301e+02 -8.527560e+01  1.510000e+00
     vertex  1.391125e+02 -8.507580e+01  1.510000e+00
   endloop
 endfacet
 facet normal -3.826834e-01  9.238795e-01 -2.339562e-18
   outer loop
     vertex  1.391125e+02 -8.507580e+01  0.000000e+00
     vertex  1.386301e+02 -8.527560e+01  0.000000e+00
     vertex  1.386301e+02 -8.527560e+01  1.510000e+00
   endloop
 endfacet
 facet normal -6.087614e-01  7.933533e-01  0.000000e+00
   outer loop
     vertex  1.395267e+02 -8.475796e+01  0.000000e+00
     vertex  1.391125e+02 -8.507580e+01  1.510000e+00
     vertex  1.395267e+02 -8.475796e+01  1.510000e+00
   endloop
 endfacet
 facet normal -6.087614e-01  7.933533e-01 -1.623516e-17
   outer loop
     vertex  1.395267e+02 -8.475796e+01  0.000000e+00
     vertex  1.391125e+02 -8.507580e+01  0.000000e+00
     vertex  1.391125e+02 -8.507580e+01  1.510000e+00
   endloop
 endfacet
 facet normal -7.933533e-01  6.087614e-01  0.000000e+00
   outer loop
     vertex  1.398446e+02 -8.434375e+01  0.000000e+00
     vertex  1.395267e+02 -8.475796e+01  1.510000e+00
     vertex  1.398446e+02 -8.434375e+01  1.510000e+00
   endloop
 endfacet
 facet normal -7.933533e-01  6.087614e-01 -1.226948e-17
   outer loop
     vertex  1.398446e+02 -8.434375e+01  0.000000e+00
     vertex  1.395267e+02 -8.475796e+01  0.000000e+00
     vertex  1.395267e+02 -8.475796e+01  1.510000e+00
   endloop
 endfacet
 facet normal -9.238795e-01  3.826834e-01  0.000000e+00
   outer loop
     vertex  1.400444e+02 -8.386139e+01  0.000000e+00
     vertex  1.398446e+02 -8.434375e+01  1.510000e+00
     vertex  1.400444e+02 -8.386139e+01  1.510000e+00
   endloop
 endfacet
 facet normal -9.238795e-01  3.826834e-01  7.072051e-18
   outer loop
     vertex  1.400444e+02 -8.386139e+01  0.000000e+00
     vertex  1.398446e+02 -8.434375e+01  0.000000e+00
     vertex  1.398446e+02 -8.434375e+01  1.510000e+00
   endloop
 endfacet
 facet normal -9.914449e-01  1.305262e-01  0.000000e+00
   outer loop
     vertex  1.401125e+02 -8.334375e+01  0.000000e+00
     vertex  1.400444e+02 -8.386139e+01  1.510000e+00
     vertex  1.401125e+02 -8.334375e+01  1.510000e+00
   endloop
 endfacet
 facet normal -9.914449e-01  1.305262e-01  3.022819e-18
   outer loop
     vertex  1.401125e+02 -8.334375e+01  0.000000e+00
     vertex  1.400444e+02 -8.386139e+01  0.000000e+00
     vertex  1.400444e+02 -8.386139e+01  1.510000e+00
   endloop
 endfacet
 facet normal -9.914449e-01 -1.305262e-01  0.000000e+00
   outer loop
     vertex  1.400444e+02 -8.282611e+01  0.000000e+00
     vertex  1.401125e+02 -8.334375e+01  1.510000e+00
     vertex  1.400444e+02 -8.282611e+01  1.510000e+00
   endloop
 endfacet
 facet normal -9.914449e-01 -1.305262e-01 -3.022819e-18
   outer loop
     vertex  1.400444e+02 -8.282611e+01  0.000000e+00
     vertex  1.401125e+02 -8.334375e+01  0.000000e+00
     vertex  1.401125e+02 -8.334375e+01  1.510000e+00
   endloop
 endfacet
 facet normal -9.238795e-01 -3.826834e-01  0.000000e+00
   outer loop
     vertex  1.398446e+02 -8.234375e+01  0.000000e+00
     vertex  1.400444e+02 -8.282611e+01  1.510000e+00
     vertex  1.398446e+02 -8.234375e+01  1.510000e+00
   endloop
 endfacet
 facet normal -9.238795e-01 -3.826834e-01 -7.072051e-18
   outer loop
     vertex  1.398446e+02 -8.234375e+01  0.000000e+00
     vertex  1.400444e+02 -8.282611e+01  0.000000e+00
     vertex  1.400444e+02 -8.282611e+01  1.510000e+00
   endloop
 endfacet
 facet normal -7.933533e-01 -6.087614e-01  0.000000e+00
   outer loop
     vertex  1.395267e+02 -8.192954e+01  0.000000e+00
     vertex  1.398446e+02 -8.234375e+01  1.510000e+00
     vertex  1.395267e+02 -8.192954e+01  1.510000e+00
   endloop
 endfacet
 facet normal -7.933533e-01 -6.087614e-01  1.226948e-17
   outer loop
     vertex  1.395267e+02 -8.192954e+01  0.000000e+00
     vertex  1.398446e+02 -8.234375e+01  0.000000e+00
     vertex  1.398446e+02 -8.234375e+01  1.510000e+00
   endloop
 endfacet
 facet normal -6.087614e-01 -7.933533e-01  0.000000e+00
   outer loop
     vertex  1.391125e+02 -8.161170e+01  0.000000e+00
     vertex  1.395267e+02 -8.192954e+01  1.510000e+00
     vertex  1.391125e+02 -8.161170e+01  1.510000e+00
   endloop
 endfacet
 facet normal -6.087614e-01 -7.933533e-01  1.623516e-17
   outer loop
     vertex  1.391125e+02 -8.161170e+01  0.000000e+00
     vertex  1.395267e+02 -8.192954e+01  0.000000e+00
     vertex  1.395267e+02 -8.192954e+01  1.510000e+00
   endloop
 endfacet
 facet normal -1.305262e-01 -9.914449e-01  0.000000e+00
   outer loop
     vertex  1.386301e+02 -8.141190e+01  0.000000e+00
     vertex  1.386301e+02 -8.141190e+01  1.510000e+00
     vertex  1.381125e+02 -8.134375e+01  1.510000e+00
   endloop
 endfacet
 facet normal -3.826834e-01 -9.238795e-01  0.000000e+00
   outer loop
     vertex  1.386301e+02 -8.141190e+01  0.000000e+00
     vertex  1.391125e+02 -8.161170e+01  1.510000e+00
     vertex  1.386301e+02 -8.141190e+01  1.510000e+00
   endloop
 endfacet
 facet normal -3.826834e-01 -9.238795e-01  2.339562e-18
   outer loop
     vertex  1.386301e+02 -8.141190e+01  0.000000e+00
     vertex  1.391125e+02 -8.161170e+01  0.000000e+00
     vertex  1.391125e+02 -8.161170e+01  1.510000e+00
   endloop
 endfacet
 facet normal -1.305262e-01 -9.914449e-01  0.000000e+00
   outer loop
     vertex  1.381125e+02 -8.134375e+01  0.000000e+00
     vertex  1.386301e+02 -8.141190e+01  0.000000e+00
     vertex  1.381125e+02 -8.134375e+01  1.510000e+00
   endloop
 endfacet
 facet normal  1.305262e-01 -9.914449e-01 -7.810433e-19
   outer loop
     vertex  1.375949e+02 -8.141190e+01  0.000000e+00
     vertex  1.381125e+02 -8.134375e+01  0.000000e+00
     vertex  1.381125e+02 -8.134375e+01  1.510000e+00
   endloop
 endfacet
 facet normal  1.305262e-01 -9.914449e-01  0.000000e+00
   outer loop
     vertex  1.375949e+02 -8.141190e+01  0.000000e+00
     vertex  1.381125e+02 -8.134375e+01  1.510000e+00
     vertex  1.375949e+02 -8.141190e+01  1.510000e+00
   endloop
 endfacet
 facet normal  3.826834e-01 -9.238795e-01 -2.339562e-18
   outer loop
     vertex  1.371125e+02 -8.161170e+01  0.000000e+00
     vertex  1.375949e+02 -8.141190e+01  0.000000e+00
     vertex  1.375949e+02 -8.141190e+01  1.510000e+00
   endloop
 endfacet
 facet normal  3.826834e-01 -9.238795e-01  0.000000e+00
   outer loop
     vertex  1.371125e+02 -8.161170e+01  0.000000e+00
     vertex  1.375949e+02 -8.141190e+01  1.510000e+00
     vertex  1.371125e+02 -8.161170e+01  1.510000e+00
   endloop
 endfacet
 facet normal  6.087614e-01 -7.933533e-01 -1.623516e-17
   outer loop
     vertex  1.366983e+02 -8.192954e+01  0.000000e+00
     vertex  1.371125e+02 -8.161170e+01  0.000000e+00
     vertex  1.371125e+02 -8.161170e+01  1.510000e+00
   endloop
 endfacet
 facet normal  7.933533e-01 -6.087614e-01  0.000000e+00
   outer loop
     vertex  1.366983e+02 -8.192954e+01  0.000000e+00
     vertex  1.366983e+02 -8.192954e+01  1.510000e+00
     vertex  1.363804e+02 -8.234375e+01  1.510000e+00
   endloop
 endfacet
 facet normal  6.087614e-01 -7.933533e-01  0.000000e+00
   outer loop
     vertex  1.366983e+02 -8.192954e+01  0.000000e+00
     vertex  1.371125e+02 -8.161170e+01  1.510000e+00
     vertex  1.366983e+02 -8.192954e+01  1.510000e+00
   endloop
 endfacet
 facet normal  7.933533e-01 -6.087614e-01  0.000000e+00
   outer loop
     vertex  1.363804e+02 -8.234375e+01  0.000000e+00
     vertex  1.366983e+02 -8.192954e+01  0.000000e+00
     vertex  1.363804e+02 -8.234375e+01  1.510000e+00
   endloop
 endfacet
 facet normal  9.238795e-01 -3.826834e-01  7.072051e-18
   outer loop
     vertex  1.361806e+02 -8.282611e+01  0.000000e+00
     vertex  1.363804e+02 -8.234375e+01  0.000000e+00
     vertex  1.363804e+02 -8.234375e+01  1.510000e+00
   endloop
 endfacet
 facet normal  9.238795e-01 -3.826834e-01  0.000000e+00
   outer loop
     vertex  1.361806e+02 -8.282611e+01  0.000000e+00
     vertex  1.363804e+02 -8.234375e+01  1.510000e+00
     vertex  1.361806e+02 -8.282611e+01  1.510000e+00
   endloop
 endfacet
 facet normal  9.914449e-01 -1.305262e-01  3.022819e-18
   outer loop
     vertex  1.361125e+02 -8.334375e+01  0.000000e+00
     vertex  1.361806e+02 -8.282611e+01  0.000000e+00
     vertex  1.361806e+02 -8.282611e+01  1.510000e+00
   endloop
 endfacet
 facet normal  9.914449e-01 -1.305262e-01  0.000000e+00
   outer loop
     vertex  1.361125e+02 -8.334375e+01  0.000000e+00
     vertex  1.361806e+02 -8.282611e+01  1.510000e+00
     vertex  1.361125e+02 -8.334375e+01  1.510000e+00
   endloop
 endfacet
 facet normal  9.914449e-01  1.305262e-01 -0.000000e+00
   outer loop
     vertex  1.361806e+02 -8.386139e+01  0.000000e+00
     vertex  1.361125e+02 -8.334375e+01  1.510000e+00
     vertex  1.361806e+02 -8.386139e+01  1.510000e+00
   endloop
 endfacet
 facet normal  9.914449e-01  1.305262e-01 -3.022819e-18
   outer loop
     vertex  1.361806e+02 -8.386139e+01  0.000000e+00
     vertex  1.361125e+02 -8.334375e+01  0.000000e+00
     vertex  1.361125e+02 -8.334375e+01  1.510000e+00
   endloop
 endfacet
 facet normal  9.238795e-01  3.826834e-01 -0.000000e+00
   outer loop
     vertex  1.363804e+02 -8.434375e+01  0.000000e+00
     vertex  1.361806e+02 -8.386139e+01  1.510000e+00
     vertex  1.363804e+02 -8.434375e+01  1.510000e+00
   endloop
 endfacet
 facet normal  9.238795e-01  3.826834e-01 -7.072051e-18
   outer loop
     vertex  1.363804e+02 -8.434375e+01  0.000000e+00
     vertex  1.361806e+02 -8.386139e+01  0.000000e+00
     vertex  1.361806e+02 -8.386139e+01  1.510000e+00
   endloop
 endfacet
 facet normal  7.933533e-01  6.087614e-01  1.226948e-17
   outer loop
     vertex  1.366983e+02 -8.475796e+01  0.000000e+00
     vertex  1.363804e+02 -8.434375e+01  0.000000e+00
     vertex  1.363804e+02 -8.434375e+01  1.510000e+00
   endloop
 endfacet
 facet normal  6.087614e-01  7.933533e-01 -0.000000e+00
   outer loop
     vertex  1.366983e+02 -8.475796e+01  0.000000e+00
     vertex  1.366983e+02 -8.475796e+01  1.510000e+00
     vertex  1.371125e+02 -8.507580e+01  1.510000e+00
   endloop
 endfacet
 facet normal  7.933533e-01  6.087614e-01 -0.000000e+00
   outer loop
     vertex  1.366983e+02 -8.475796e+01  0.000000e+00
     vertex  1.363804e+02 -8.434375e+01  1.510000e+00
     vertex  1.366983e+02 -8.475796e+01  1.510000e+00
   endloop
 endfacet
 facet normal  6.087614e-01  7.933533e-01 -0.000000e+00
   outer loop
     vertex  1.371125e+02 -8.507580e+01  0.000000e+00
     vertex  1.366983e+02 -8.475796e+01  0.000000e+00
     vertex  1.371125e+02 -8.507580e+01  1.510000e+00
   endloop
 endfacet
 facet normal  1.305262e-01  9.914449e-01 -0.000000e+00
   outer loop
     vertex  1.375949e+02 -8.527560e+01  0.000000e+00
     vertex  1.375949e+02 -8.527560e+01  1.510000e+00
     vertex  1.381125e+02 -8.534375e+01  1.510000e+00
   endloop
 endfacet
 facet normal  3.826834e-01  9.238795e-01 -0.000000e+00
   outer loop
     vertex  1.375949e+02 -8.527560e+01  0.000000e+00
     vertex  1.371125e+02 -8.507580e+01  1.510000e+00
     vertex  1.375949e+02 -8.527560e+01  1.510000e+00
   endloop
 endfacet
 facet normal  3.826834e-01  9.238795e-01  2.339562e-18
   outer loop
     vertex  1.375949e+02 -8.527560e+01  0.000000e+00
     vertex  1.371125e+02 -8.507580e+01  0.000000e+00
     vertex  1.371125e+02 -8.507580e+01  1.510000e+00
   endloop
 endfacet
 facet normal  1.305262e-01  9.914449e-01 -0.000000e+00
   outer loop
     vertex  1.381125e+02 -8.534375e+01  0.000000e+00
     vertex  1.375949e+02 -8.527560e+01  0.000000e+00
     vertex  1.381125e+02 -8.534375e+01  1.510000e+00
   endloop
 endfacet
 facet normal -1.305262e-01  9.914449e-01 -1.119139e-18
   outer loop
     vertex  1.408466e+02 -8.025819e+01  0.000000e+00
     vertex  1.406525e+02 -8.028375e+01  0.000000e+00
     vertex  1.406525e+02 -8.028375e+01  1.510000e+00
   endloop
 endfacet
 facet normal -1.305262e-01  9.914449e-01  0.000000e+00
   outer loop
     vertex  1.408466e+02 -8.025819e+01  0.000000e+00
     vertex  1.406525e+02 -8.028375e+01  1.510000e+00
     vertex  1.408466e+02 -8.025819e+01  1.510000e+00
   endloop
 endfacet
 facet normal -3.826834e-01  9.238795e-01  0.000000e+00
   outer loop
     vertex  1.410275e+02 -8.018327e+01  0.000000e+00
     vertex  1.408466e+02 -8.025819e+01  1.510000e+00
     vertex  1.410275e+02 -8.018327e+01  1.510000e+00
   endloop
 endfacet
 facet normal -3.826834e-01  9.238795e-01 -6.208025e-19
   outer loop
     vertex  1.410275e+02 -8.018327e+01  0.000000e+00
     vertex  1.408466e+02 -8.025819e+01  0.000000e+00
     vertex  1.408466e+02 -8.025819e+01  1.510000e+00
   endloop
 endfacet
 facet normal -6.087614e-01  7.933533e-01  0.000000e+00
   outer loop
     vertex  1.411828e+02 -8.006408e+01  0.000000e+00
     vertex  1.410275e+02 -8.018327e+01  1.510000e+00
     vertex  1.411828e+02 -8.006408e+01  1.510000e+00
   endloop
 endfacet
 facet normal -6.087614e-01  7.933533e-01 -1.151030e-19
   outer loop
     vertex  1.411828e+02 -8.006408e+01  0.000000e+00
     vertex  1.410275e+02 -8.018327e+01  0.000000e+00
     vertex  1.410275e+02 -8.018327e+01  1.510000e+00
   endloop
 endfacet
 facet normal -7.933533e-01  6.087614e-01  0.000000e+00
   outer loop
     vertex  1.413020e+02 -7.990875e+01  0.000000e+00
     vertex  1.411828e+02 -8.006408e+01  1.510000e+00
     vertex  1.413020e+02 -7.990875e+01  1.510000e+00
   endloop
 endfacet
 facet normal -7.933533e-01  6.087614e-01  2.607861e-18
   outer loop
     vertex  1.413020e+02 -7.990875e+01  0.000000e+00
     vertex  1.411828e+02 -8.006408e+01  0.000000e+00
     vertex  1.411828e+02 -8.006408e+01  1.510000e+00
   endloop
 endfacet
 facet normal -9.238795e-01  3.826834e-01  0.000000e+00
   outer loop
     vertex  1.413769e+02 -7.972786e+01  0.000000e+00
     vertex  1.413020e+02 -7.990875e+01  1.510000e+00
     vertex  1.413769e+02 -7.972786e+01  1.510000e+00
   endloop
 endfacet
 facet normal -9.238795e-01  3.826834e-01  2.982014e-19
   outer loop
     vertex  1.413769e+02 -7.972786e+01  0.000000e+00
     vertex  1.413020e+02 -7.990875e+01  0.000000e+00
     vertex  1.413020e+02 -7.990875e+01  1.510000e+00
   endloop
 endfacet
 facet normal -9.914449e-01  1.305262e-01  0.000000e+00
   outer loop
     vertex  1.414025e+02 -7.953375e+01  0.000000e+00
     vertex  1.413769e+02 -7.972786e+01  1.510000e+00
     vertex  1.414025e+02 -7.953375e+01  1.510000e+00
   endloop
 endfacet
 facet normal -9.914449e-01  1.305262e-01  8.317954e-19
   outer loop
     vertex  1.414025e+02 -7.953375e+01  0.000000e+00
     vertex  1.413769e+02 -7.972786e+01  0.000000e+00
     vertex  1.413769e+02 -7.972786e+01  1.510000e+00
   endloop
 endfacet
 facet normal -9.914449e-01 -1.305262e-01  0.000000e+00
   outer loop
     vertex  1.413769e+02 -7.933964e+01  0.000000e+00
     vertex  1.414025e+02 -7.953375e+01  1.510000e+00
     vertex  1.413769e+02 -7.933964e+01  1.510000e+00
   endloop
 endfacet
 facet normal -9.914449e-01 -1.305262e-01 -8.317954e-19
   outer loop
     vertex  1.413769e+02 -7.933964e+01  0.000000e+00
     vertex  1.414025e+02 -7.953375e+01  0.000000e+00
     vertex  1.414025e+02 -7.953375e+01  1.510000e+00
   endloop
 endfacet
 facet normal -9.238795e-01 -3.826834e-01  0.000000e+00
   outer loop
     vertex  1.413020e+02 -7.915875e+01  0.000000e+00
     vertex  1.413769e+02 -7.933964e+01  1.510000e+00
     vertex  1.413020e+02 -7.915875e+01  1.510000e+00
   endloop
 endfacet
 facet normal -9.238795e-01 -3.826834e-01 -2.982014e-19
   outer loop
     vertex  1.413020e+02 -7.915875e+01  0.000000e+00
     vertex  1.413769e+02 -7.933964e+01  0.000000e+00
     vertex  1.413769e+02 -7.933964e+01  1.510000e+00
   endloop
 endfacet
 facet normal -7.933533e-01 -6.087614e-01  0.000000e+00
   outer loop
     vertex  1.411828e+02 -7.900342e+01  0.000000e+00
     vertex  1.413020e+02 -7.915875e+01  1.510000e+00
     vertex  1.411828e+02 -7.900342e+01  1.510000e+00
   endloop
 endfacet
 facet normal -7.933533e-01 -6.087614e-01 -2.607861e-18
   outer loop
     vertex  1.411828e+02 -7.900342e+01  0.000000e+00
     vertex  1.413020e+02 -7.915875e+01  0.000000e+00
     vertex  1.413020e+02 -7.915875e+01  1.510000e+00
   endloop
 endfacet
 facet normal -6.087614e-01 -7.933533e-01  0.000000e+00
   outer loop
     vertex  1.410275e+02 -7.888423e+01  0.000000e+00
     vertex  1.411828e+02 -7.900342e+01  1.510000e+00
     vertex  1.410275e+02 -7.888423e+01  1.510000e+00
   endloop
 endfacet
 facet normal -6.087614e-01 -7.933533e-01  1.151030e-19
   outer loop
     vertex  1.410275e+02 -7.888423e+01  0.000000e+00
     vertex  1.411828e+02 -7.900342e+01  0.000000e+00
     vertex  1.411828e+02 -7.900342e+01  1.510000e+00
   endloop
 endfacet
 facet normal -1.305262e-01 -9.914449e-01  0.000000e+00
   outer loop
     vertex  1.408466e+02 -7.880931e+01  0.000000e+00
     vertex  1.408466e+02 -7.880931e+01  1.510000e+00
     vertex  1.406525e+02 -7.878375e+01  1.510000e+00
   endloop
 endfacet
 facet normal -3.826834e-01 -9.238795e-01  0.000000e+00
   outer loop
     vertex  1.408466e+02 -7.880931e+01  0.000000e+00
     vertex  1.410275e+02 -7.888423e+01  1.510000e+00
     vertex  1.408466e+02 -7.880931e+01  1.510000e+00
   endloop
 endfacet
 facet normal -3.826834e-01 -9.238795e-01 -2.761264e-18
   outer loop
     vertex  1.408466e+02 -7.880931e+01  0.000000e+00
     vertex  1.410275e+02 -7.888423e+01  0.000000e+00
     vertex  1.410275e+02 -7.888423e+01  1.510000e+00
   endloop
 endfacet
 facet normal -1.305262e-01 -9.914449e-01  0.000000e+00
   outer loop
     vertex  1.406525e+02 -7.878375e+01  0.000000e+00
     vertex  1.408466e+02 -7.880931e+01  0.000000e+00
     vertex  1.406525e+02 -7.878375e+01  1.510000e+00
   endloop
 endfacet
 facet normal  1.305262e-01 -9.914449e-01  6.209331e-19
   outer loop
     vertex  1.404584e+02 -7.880931e+01  0.000000e+00
     vertex  1.406525e+02 -7.878375e+01  0.000000e+00
     vertex  1.406525e+02 -7.878375e+01  1.510000e+00
   endloop
 endfacet
 facet normal  1.305262e-01 -9.914449e-01  0.000000e+00
   outer loop
     vertex  1.404584e+02 -7.880931e+01  0.000000e+00
     vertex  1.406525e+02 -7.878375e+01  1.510000e+00
     vertex  1.404584e+02 -7.880931e+01  1.510000e+00
   endloop
 endfacet
 facet normal  3.826834e-01 -9.238795e-01  2.761264e-18
   outer loop
     vertex  1.402775e+02 -7.888423e+01  0.000000e+00
     vertex  1.404584e+02 -7.880931e+01  0.000000e+00
     vertex  1.404584e+02 -7.880931e+01  1.510000e+00
   endloop
 endfacet
 facet normal  3.826834e-01 -9.238795e-01  0.000000e+00
   outer loop
     vertex  1.402775e+02 -7.888423e+01  0.000000e+00
     vertex  1.404584e+02 -7.880931e+01  1.510000e+00
     vertex  1.402775e+02 -7.888423e+01  1.510000e+00
   endloop
 endfacet
 facet normal  6.087614e-01 -7.933533e-01 -1.151030e-19
   outer loop
     vertex  1.401222e+02 -7.900342e+01  0.000000e+00
     vertex  1.402775e+02 -7.888423e+01  0.000000e+00
     vertex  1.402775e+02 -7.888423e+01  1.510000e+00
   endloop
 endfacet
 facet normal  7.933533e-01 -6.087614e-01  0.000000e+00
   outer loop
     vertex  1.401222e+02 -7.900342e+01  0.000000e+00
     vertex  1.401222e+02 -7.900342e+01  1.510000e+00
     vertex  1.400030e+02 -7.915875e+01  1.510000e+00
   endloop
 endfacet
 facet normal  6.087614e-01 -7.933533e-01  0.000000e+00
   outer loop
     vertex  1.401222e+02 -7.900342e+01  0.000000e+00
     vertex  1.402775e+02 -7.888423e+01  1.510000e+00
     vertex  1.401222e+02 -7.900342e+01  1.510000e+00
   endloop
 endfacet
 facet normal  7.933533e-01 -6.087614e-01  0.000000e+00
   outer loop
     vertex  1.400030e+02 -7.915875e+01  0.000000e+00
     vertex  1.401222e+02 -7.900342e+01  0.000000e+00
     vertex  1.400030e+02 -7.915875e+01  1.510000e+00
   endloop
 endfacet
 facet normal  9.238795e-01 -3.826834e-01 -1.863596e-18
   outer loop
     vertex  1.399281e+02 -7.933964e+01  0.000000e+00
     vertex  1.400030e+02 -7.915875e+01  0.000000e+00
     vertex  1.400030e+02 -7.915875e+01  1.510000e+00
   endloop
 endfacet
 facet normal  9.238795e-01 -3.826834e-01  0.000000e+00
   outer loop
     vertex  1.399281e+02 -7.933964e+01  0.000000e+00
     vertex  1.400030e+02 -7.915875e+01  1.510000e+00
     vertex  1.399281e+02 -7.933964e+01  1.510000e+00
   endloop
 endfacet
 facet normal  9.914449e-01 -1.305262e-01  8.317954e-19
   outer loop
     vertex  1.399025e+02 -7.953375e+01  0.000000e+00
     vertex  1.399281e+02 -7.933964e+01  0.000000e+00
     vertex  1.399281e+02 -7.933964e+01  1.510000e+00
   endloop
 endfacet
 facet normal  9.914449e-01 -1.305262e-01  0.000000e+00
   outer loop
     vertex  1.399025e+02 -7.953375e+01  0.000000e+00
     vertex  1.399281e+02 -7.933964e+01  1.510000e+00
     vertex  1.399025e+02 -7.953375e+01  1.510000e+00
   endloop
 endfacet
 facet normal  9.914449e-01  1.305262e-01 -0.000000e+00
   outer loop
     vertex  1.399281e+02 -7.972786e+01  0.000000e+00
     vertex  1.399025e+02 -7.953375e+01  1.510000e+00
     vertex  1.399281e+02 -7.972786e+01  1.510000e+00
   endloop
 endfacet
 facet normal  9.914449e-01  1.305262e-01 -8.317954e-19
   outer loop
     vertex  1.399281e+02 -7.972786e+01  0.000000e+00
     vertex  1.399025e+02 -7.953375e+01  0.000000e+00
     vertex  1.399025e+02 -7.953375e+01  1.510000e+00
   endloop
 endfacet
 facet normal  9.238795e-01  3.826834e-01 -0.000000e+00
   outer loop
     vertex  1.400030e+02 -7.990875e+01  0.000000e+00
     vertex  1.399281e+02 -7.972786e+01  1.510000e+00
     vertex  1.400030e+02 -7.990875e+01  1.510000e+00
   endloop
 endfacet
 facet normal  9.238795e-01  3.826834e-01  1.863596e-18
   outer loop
     vertex  1.400030e+02 -7.990875e+01  0.000000e+00
     vertex  1.399281e+02 -7.972786e+01  0.000000e+00
     vertex  1.399281e+02 -7.972786e+01  1.510000e+00
   endloop
 endfacet
 facet normal  7.933533e-01  6.087614e-01  2.838067e-18
   outer loop
     vertex  1.401222e+02 -8.006408e+01  0.000000e+00
     vertex  1.400030e+02 -7.990875e+01  0.000000e+00
     vertex  1.400030e+02 -7.990875e+01  1.510000e+00
   endloop
 endfacet
 facet normal  6.087614e-01  7.933533e-01 -0.000000e+00
   outer loop
     vertex  1.401222e+02 -8.006408e+01  0.000000e+00
     vertex  1.401222e+02 -8.006408e+01  1.510000e+00
     vertex  1.402775e+02 -8.018327e+01  1.510000e+00
   endloop
 endfacet
 facet normal  7.933533e-01  6.087614e-01 -0.000000e+00
   outer loop
     vertex  1.401222e+02 -8.006408e+01  0.000000e+00
     vertex  1.400030e+02 -7.990875e+01  1.510000e+00
     vertex  1.401222e+02 -8.006408e+01  1.510000e+00
   endloop
 endfacet
 facet normal  6.087614e-01  7.933533e-01 -0.000000e+00
   outer loop
     vertex  1.402775e+02 -8.018327e+01  0.000000e+00
     vertex  1.401222e+02 -8.006408e+01  0.000000e+00
     vertex  1.402775e+02 -8.018327e+01  1.510000e+00
   endloop
 endfacet
 facet normal  1.305262e-01  9.914449e-01 -0.000000e+00
   outer loop
     vertex  1.404584e+02 -8.025819e+01  0.000000e+00
     vertex  1.404584e+02 -8.025819e+01  1.510000e+00
     vertex  1.406525e+02 -8.028375e+01  1.510000e+00
   endloop
 endfacet
 facet normal  3.826834e-01  9.238795e-01 -0.000000e+00
   outer loop
     vertex  1.404584e+02 -8.025819e+01  0.000000e+00
     vertex  1.402775e+02 -8.018327e+01  1.510000e+00
     vertex  1.404584e+02 -8.025819e+01  1.510000e+00
   endloop
 endfacet
 facet normal  3.826834e-01  9.238795e-01 -2.761264e-18
   outer loop
     vertex  1.404584e+02 -8.025819e+01  0.000000e+00
     vertex  1.402775e+02 -8.018327e+01  0.000000e+00
     vertex  1.402775e+02 -8.018327e+01  1.510000e+00
   endloop
 endfacet
 facet normal  1.305262e-01  9.914449e-01 -0.000000e+00
   outer loop
     vertex  1.406525e+02 -8.028375e+01  0.000000e+00
     vertex  1.404584e+02 -8.025819e+01  0.000000e+00
     vertex  1.406525e+02 -8.028375e+01  1.510000e+00
   endloop
 endfacet
 facet normal -1.305262e-01  9.914449e-01 -1.282623e-18
   outer loop
     vertex  1.383325e+02 -7.908479e+01  0.000000e+00
     vertex  1.381125e+02 -7.911375e+01  0.000000e+00
     vertex  1.381125e+02 -7.911375e+01  1.510000e+00
   endloop
 endfacet
 facet normal -1.305262e-01  9.914449e-01  0.000000e+00
   outer loop
     vertex  1.383325e+02 -7.908479e+01  0.000000e+00
     vertex  1.381125e+02 -7.911375e+01  1.510000e+00
     vertex  1.383325e+02 -7.908479e+01  1.510000e+00
   endloop
 endfacet
 facet normal -3.826834e-01  9.238795e-01  0.000000e+00
   outer loop
     vertex  1.385375e+02 -7.899987e+01  0.000000e+00
     vertex  1.383325e+02 -7.908479e+01  1.510000e+00
     vertex  1.385375e+02 -7.899987e+01  1.510000e+00
   endloop
 endfacet
 facet normal -3.826834e-01  9.238795e-01 -2.349918e-18
   outer loop
     vertex  1.385375e+02 -7.899987e+01  0.000000e+00
     vertex  1.383325e+02 -7.908479e+01  0.000000e+00
     vertex  1.383325e+02 -7.908479e+01  1.510000e+00
   endloop
 endfacet
 facet normal -6.087614e-01  7.933533e-01  0.000000e+00
   outer loop
     vertex  1.387135e+02 -7.886479e+01  0.000000e+00
     vertex  1.385375e+02 -7.899987e+01  1.510000e+00
     vertex  1.387135e+02 -7.886479e+01  1.510000e+00
   endloop
 endfacet
 facet normal -6.087614e-01  7.933533e-01 -2.754066e-18
   outer loop
     vertex  1.387135e+02 -7.886479e+01  0.000000e+00
     vertex  1.385375e+02 -7.899987e+01  0.000000e+00
     vertex  1.385375e+02 -7.899987e+01  1.510000e+00
   endloop
 endfacet
 facet normal -7.933533e-01  6.087614e-01  0.000000e+00
   outer loop
     vertex  1.388486e+02 -7.868875e+01  0.000000e+00
     vertex  1.387135e+02 -7.886479e+01  1.510000e+00
     vertex  1.388486e+02 -7.868875e+01  1.510000e+00
   endloop
 endfacet
 facet normal -7.933533e-01  6.087614e-01  3.925969e-18
   outer loop
     vertex  1.388486e+02 -7.868875e+01  0.000000e+00
     vertex  1.387135e+02 -7.886479e+01  0.000000e+00
     vertex  1.387135e+02 -7.886479e+01  1.510000e+00
   endloop
 endfacet
 facet normal -9.238795e-01  3.826834e-01  0.000000e+00
   outer loop
     vertex  1.389335e+02 -7.848375e+01  0.000000e+00
     vertex  1.388486e+02 -7.868875e+01  1.510000e+00
     vertex  1.389335e+02 -7.848375e+01  1.510000e+00
   endloop
 endfacet
 facet normal -9.238795e-01  3.826834e-01  2.735022e-18
   outer loop
     vertex  1.389335e+02 -7.848375e+01  0.000000e+00
     vertex  1.388486e+02 -7.868875e+01  0.000000e+00
     vertex  1.388486e+02 -7.868875e+01  1.510000e+00
   endloop
 endfacet
 facet normal -9.914449e-01  1.305262e-01  0.000000e+00
   outer loop
     vertex  1.389625e+02 -7.826375e+01  0.000000e+00
     vertex  1.389335e+02 -7.848375e+01  1.510000e+00
     vertex  1.389625e+02 -7.826375e+01  1.510000e+00
   endloop
 endfacet
 facet normal -9.914449e-01  1.305262e-01  8.791743e-19
   outer loop
     vertex  1.389625e+02 -7.826375e+01  0.000000e+00
     vertex  1.389335e+02 -7.848375e+01  0.000000e+00
     vertex  1.389335e+02 -7.848375e+01  1.510000e+00
   endloop
 endfacet
 facet normal -9.914449e-01 -1.305262e-01  0.000000e+00
   outer loop
     vertex  1.389335e+02 -7.804375e+01  0.000000e+00
     vertex  1.389625e+02 -7.826375e+01  1.510000e+00
     vertex  1.389335e+02 -7.804375e+01  1.510000e+00
   endloop
 endfacet
 facet normal -9.914449e-01 -1.305262e-01 -8.791743e-19
   outer loop
     vertex  1.389335e+02 -7.804375e+01  0.000000e+00
     vertex  1.389625e+02 -7.826375e+01  0.000000e+00
     vertex  1.389625e+02 -7.826375e+01  1.510000e+00
   endloop
 endfacet
 facet normal -9.238795e-01 -3.826834e-01  0.000000e+00
   outer loop
     vertex  1.388486e+02 -7.783875e+01  0.000000e+00
     vertex  1.389335e+02 -7.804375e+01  1.510000e+00
     vertex  1.388486e+02 -7.783875e+01  1.510000e+00
   endloop
 endfacet
 facet normal -9.238795e-01 -3.826834e-01 -2.735022e-18
   outer loop
     vertex  1.388486e+02 -7.783875e+01  0.000000e+00
     vertex  1.389335e+02 -7.804375e+01  0.000000e+00
     vertex  1.389335e+02 -7.804375e+01  1.510000e+00
   endloop
 endfacet
 facet normal -7.933533e-01 -6.087614e-01  0.000000e+00
   outer loop
     vertex  1.387135e+02 -7.766271e+01  0.000000e+00
     vertex  1.388486e+02 -7.783875e+01  1.510000e+00
     vertex  1.387135e+02 -7.766271e+01  1.510000e+00
   endloop
 endfacet
 facet normal -7.933533e-01 -6.087614e-01 -3.925969e-18
   outer loop
     vertex  1.387135e+02 -7.766271e+01  0.000000e+00
     vertex  1.388486e+02 -7.783875e+01  0.000000e+00
     vertex  1.388486e+02 -7.783875e+01  1.510000e+00
   endloop
 endfacet
 facet normal -6.087614e-01 -7.933533e-01  0.000000e+00
   outer loop
     vertex  1.385375e+02 -7.752763e+01  0.000000e+00
     vertex  1.387135e+02 -7.766271e+01  1.510000e+00
     vertex  1.385375e+02 -7.752763e+01  1.510000e+00
   endloop
 endfacet
 facet normal -6.087614e-01 -7.933533e-01  2.754066e-18
   outer loop
     vertex  1.385375e+02 -7.752763e+01  0.000000e+00
     vertex  1.387135e+02 -7.766271e+01  0.000000e+00
     vertex  1.387135e+02 -7.766271e+01  1.510000e+00
   endloop
 endfacet
 facet normal -1.305262e-01 -9.914449e-01  0.000000e+00
   outer loop
     vertex  1.383325e+02 -7.744271e+01  0.000000e+00
     vertex  1.383325e+02 -7.744271e+01  1.510000e+00
     vertex  1.381125e+02 -7.741375e+01  1.510000e+00
   endloop
 endfacet
 facet normal -3.826834e-01 -9.238795e-01  0.000000e+00
   outer loop
     vertex  1.383325e+02 -7.744271e+01  0.000000e+00
     vertex  1.385375e+02 -7.752763e+01  1.510000e+00
     vertex  1.383325e+02 -7.744271e+01  1.510000e+00
   endloop
 endfacet
 facet normal -3.826834e-01 -9.238795e-01  2.349918e-18
   outer loop
     vertex  1.383325e+02 -7.744271e+01  0.000000e+00
     vertex  1.385375e+02 -7.752763e+01  0.000000e+00
     vertex  1.385375e+02 -7.752763e+01  1.510000e+00
   endloop
 endfacet
 facet normal -1.305262e-01 -9.914449e-01  0.000000e+00
   outer loop
     vertex  1.381125e+02 -7.741375e+01  0.000000e+00
     vertex  1.383325e+02 -7.744271e+01  0.000000e+00
     vertex  1.381125e+02 -7.741375e+01  1.510000e+00
   endloop
 endfacet
 facet normal  1.305262e-01 -9.914449e-01 -1.282623e-18
   outer loop
     vertex  1.378925e+02 -7.744271e+01  0.000000e+00
     vertex  1.381125e+02 -7.741375e+01  0.000000e+00
     vertex  1.381125e+02 -7.741375e+01  1.510000e+00
   endloop
 endfacet
 facet normal  1.305262e-01 -9.914449e-01  0.000000e+00
   outer loop
     vertex  1.378925e+02 -7.744271e+01  0.000000e+00
     vertex  1.381125e+02 -7.741375e+01  1.510000e+00
     vertex  1.378925e+02 -7.744271e+01  1.510000e+00
   endloop
 endfacet
 facet normal  3.826834e-01 -9.238795e-01 -2.349918e-18
   outer loop
     vertex  1.376875e+02 -7.752763e+01  0.000000e+00
     vertex  1.378925e+02 -7.744271e+01  0.000000e+00
     vertex  1.378925e+02 -7.744271e+01  1.510000e+00
   endloop
 endfacet
 facet normal  3.826834e-01 -9.238795e-01  0.000000e+00
   outer loop
     vertex  1.376875e+02 -7.752763e+01  0.000000e+00
     vertex  1.378925e+02 -7.744271e+01  1.510000e+00
     vertex  1.376875e+02 -7.752763e+01  1.510000e+00
   endloop
 endfacet
 facet normal  6.087614e-01 -7.933533e-01 -2.754066e-18
   outer loop
     vertex  1.375115e+02 -7.766271e+01  0.000000e+00
     vertex  1.376875e+02 -7.752763e+01  0.000000e+00
     vertex  1.376875e+02 -7.752763e+01  1.510000e+00
   endloop
 endfacet
 facet normal  7.933533e-01 -6.087614e-01  0.000000e+00
   outer loop
     vertex  1.375115e+02 -7.766271e+01  0.000000e+00
     vertex  1.375115e+02 -7.766271e+01  1.510000e+00
     vertex  1.373764e+02 -7.783875e+01  1.510000e+00
   endloop
 endfacet
 facet normal  6.087614e-01 -7.933533e-01  0.000000e+00
   outer loop
     vertex  1.375115e+02 -7.766271e+01  0.000000e+00
     vertex  1.376875e+02 -7.752763e+01  1.510000e+00
     vertex  1.375115e+02 -7.766271e+01  1.510000e+00
   endloop
 endfacet
 facet normal  7.933533e-01 -6.087614e-01  0.000000e+00
   outer loop
     vertex  1.373764e+02 -7.783875e+01  0.000000e+00
     vertex  1.375115e+02 -7.766271e+01  0.000000e+00
     vertex  1.373764e+02 -7.783875e+01  1.510000e+00
   endloop
 endfacet
 facet normal  9.238795e-01 -3.826834e-01  2.735022e-18
   outer loop
     vertex  1.372915e+02 -7.804375e+01  0.000000e+00
     vertex  1.373764e+02 -7.783875e+01  0.000000e+00
     vertex  1.373764e+02 -7.783875e+01  1.510000e+00
   endloop
 endfacet
 facet normal  9.238795e-01 -3.826834e-01  0.000000e+00
   outer loop
     vertex  1.372915e+02 -7.804375e+01  0.000000e+00
     vertex  1.373764e+02 -7.783875e+01  1.510000e+00
     vertex  1.372915e+02 -7.804375e+01  1.510000e+00
   endloop
 endfacet
 facet normal  9.914449e-01 -1.305262e-01  8.791743e-19
   outer loop
     vertex  1.372625e+02 -7.826375e+01  0.000000e+00
     vertex  1.372915e+02 -7.804375e+01  0.000000e+00
     vertex  1.372915e+02 -7.804375e+01  1.510000e+00
   endloop
 endfacet
 facet normal  9.914449e-01 -1.305262e-01  0.000000e+00
   outer loop
     vertex  1.372625e+02 -7.826375e+01  0.000000e+00
     vertex  1.372915e+02 -7.804375e+01  1.510000e+00
     vertex  1.372625e+02 -7.826375e+01  1.510000e+00
   endloop
 endfacet
 facet normal  9.914449e-01  1.305262e-01 -0.000000e+00
   outer loop
     vertex  1.372915e+02 -7.848375e+01  0.000000e+00
     vertex  1.372625e+02 -7.826375e+01  1.510000e+00
     vertex  1.372915e+02 -7.848375e+01  1.510000e+00
   endloop
 endfacet
 facet normal  9.914449e-01  1.305262e-01 -8.791743e-19
   outer loop
     vertex  1.372915e+02 -7.848375e+01  0.000000e+00
     vertex  1.372625e+02 -7.826375e+01  0.000000e+00
     vertex  1.372625e+02 -7.826375e+01  1.510000e+00
   endloop
 endfacet
 facet normal  9.238795e-01  3.826834e-01 -0.000000e+00
   outer loop
     vertex  1.373764e+02 -7.868875e+01  0.000000e+00
     vertex  1.372915e+02 -7.848375e+01  1.510000e+00
     vertex  1.373764e+02 -7.868875e+01  1.510000e+00
   endloop
 endfacet
 facet normal  9.238795e-01  3.826834e-01 -8.019169e-19
   outer loop
     vertex  1.373764e+02 -7.868875e+01  0.000000e+00
     vertex  1.372915e+02 -7.848375e+01  0.000000e+00
     vertex  1.372915e+02 -7.848375e+01  1.510000e+00
   endloop
 endfacet
 facet normal  7.933533e-01  6.087614e-01 -9.119650e-19
   outer loop
     vertex  1.375115e+02 -7.886479e+01  0.000000e+00
     vertex  1.373764e+02 -7.868875e+01  0.000000e+00
     vertex  1.373764e+02 -7.868875e+01  1.510000e+00
   endloop
 endfacet
 facet normal  6.087614e-01  7.933533e-01 -0.000000e+00
   outer loop
     vertex  1.375115e+02 -7.886479e+01  0.000000e+00
     vertex  1.375115e+02 -7.886479e+01  1.510000e+00
     vertex  1.376875e+02 -7.899987e+01  1.510000e+00
   endloop
 endfacet
 facet normal  7.933533e-01  6.087614e-01 -0.000000e+00
   outer loop
     vertex  1.375115e+02 -7.886479e+01  0.000000e+00
     vertex  1.373764e+02 -7.868875e+01  1.510000e+00
     vertex  1.375115e+02 -7.886479e+01  1.510000e+00
   endloop
 endfacet
 facet normal  6.087614e-01  7.933533e-01 -0.000000e+00
   outer loop
     vertex  1.376875e+02 -7.899987e+01  0.000000e+00
     vertex  1.375115e+02 -7.886479e+01  0.000000e+00
     vertex  1.376875e+02 -7.899987e+01  1.510000e+00
   endloop
 endfacet
 facet normal  1.305262e-01  9.914449e-01 -0.000000e+00
   outer loop
     vertex  1.378925e+02 -7.908479e+01  0.000000e+00
     vertex  1.378925e+02 -7.908479e+01  1.510000e+00
     vertex  1.381125e+02 -7.911375e+01  1.510000e+00
   endloop
 endfacet
 facet normal  3.826834e-01  9.238795e-01 -0.000000e+00
   outer loop
     vertex  1.378925e+02 -7.908479e+01  0.000000e+00
     vertex  1.376875e+02 -7.899987e+01  1.510000e+00
     vertex  1.378925e+02 -7.908479e+01  1.510000e+00
   endloop
 endfacet
 facet normal  3.826834e-01  9.238795e-01  2.349918e-18
   outer loop
     vertex  1.378925e+02 -7.908479e+01  0.000000e+00
     vertex  1.376875e+02 -7.899987e+01  0.000000e+00
     vertex  1.376875e+02 -7.899987e+01  1.510000e+00
   endloop
 endfacet
 facet normal  1.305262e-01  9.914449e-01 -0.000000e+00
   outer loop
     vertex  1.381125e+02 -7.911375e+01  0.000000e+00
     vertex  1.378925e+02 -7.908479e+01  0.000000e+00
     vertex  1.381125e+02 -7.911375e+01  1.510000e+00
   endloop
 endfacet
 facet normal -1.305262e-01  9.914449e-01 -7.810433e-19
   outer loop
     vertex  1.576801e+02 -8.527560e+01  0.000000e+00
     vertex  1.571625e+02 -8.534375e+01  0.000000e+00
     vertex  1.571625e+02 -8.534375e+01  1.510000e+00
   endloop
 endfacet
 facet normal -1.305262e-01  9.914449e-01  0.000000e+00
   outer loop
     vertex  1.576801e+02 -8.527560e+01  0.000000e+00
     vertex  1.571625e+02 -8.534375e+01  1.510000e+00
     vertex  1.576801e+02 -8.527560e+01  1.510000e+00
   endloop
 endfacet
 facet normal -3.826834e-01  9.238795e-01  0.000000e+00
   outer loop
     vertex  1.581625e+02 -8.507580e+01  0.000000e+00
     vertex  1.576801e+02 -8.527560e+01  1.510000e+00
     vertex  1.581625e+02 -8.507580e+01  1.510000e+00
   endloop
 endfacet
 facet normal -3.826834e-01  9.238795e-01 -2.339562e-18
   outer loop
     vertex  1.581625e+02 -8.507580e+01  0.000000e+00
     vertex  1.576801e+02 -8.527560e+01  0.000000e+00
     vertex  1.576801e+02 -8.527560e+01  1.510000e+00
   endloop
 endfacet
 facet normal -6.087614e-01  7.933533e-01  0.000000e+00
   outer loop
     vertex  1.585767e+02 -8.475796e+01  0.000000e+00
     vertex  1.581625e+02 -8.507580e+01  1.510000e+00
     vertex  1.585767e+02 -8.475796e+01  1.510000e+00
   endloop
 endfacet
 facet normal -6.087614e-01  7.933533e-01 -1.623516e-17
   outer loop
     vertex  1.585767e+02 -8.475796e+01  0.000000e+00
     vertex  1.581625e+02 -8.507580e+01  0.000000e+00
     vertex  1.581625e+02 -8.507580e+01  1.510000e+00
   endloop
 endfacet
 facet normal -7.933533e-01  6.087614e-01  0.000000e+00
   outer loop
     vertex  1.588946e+02 -8.434375e+01  0.000000e+00
     vertex  1.585767e+02 -8.475796e+01  1.510000e+00
     vertex  1.588946e+02 -8.434375e+01  1.510000e+00
   endloop
 endfacet
 facet normal -7.933533e-01  6.087614e-01 -1.226948e-17
   outer loop
     vertex  1.588946e+02 -8.434375e+01  0.000000e+00
     vertex  1.585767e+02 -8.475796e+01  0.000000e+00
     vertex  1.585767e+02 -8.475796e+01  1.510000e+00
   endloop
 endfacet
 facet normal -9.238795e-01  3.826834e-01  0.000000e+00
   outer loop
     vertex  1.590944e+02 -8.386139e+01  0.000000e+00
     vertex  1.588946e+02 -8.434375e+01  1.510000e+00
     vertex  1.590944e+02 -8.386139e+01  1.510000e+00
   endloop
 endfacet
 facet normal -9.238795e-01  3.826834e-01  7.072051e-18
   outer loop
     vertex  1.590944e+02 -8.386139e+01  0.000000e+00
     vertex  1.588946e+02 -8.434375e+01  0.000000e+00
     vertex  1.588946e+02 -8.434375e+01  1.510000e+00
   endloop
 endfacet
 facet normal -9.914449e-01  1.305262e-01  0.000000e+00
   outer loop
     vertex  1.591625e+02 -8.334375e+01  0.000000e+00
     vertex  1.590944e+02 -8.386139e+01  1.510000e+00
     vertex  1.591625e+02 -8.334375e+01  1.510000e+00
   endloop
 endfacet
 facet normal -9.914449e-01  1.305262e-01  3.022819e-18
   outer loop
     vertex  1.591625e+02 -8.334375e+01  0.000000e+00
     vertex  1.590944e+02 -8.386139e+01  0.000000e+00
     vertex  1.590944e+02 -8.386139e+01  1.510000e+00
   endloop
 endfacet
 facet normal -9.914449e-01 -1.305262e-01  0.000000e+00
   outer loop
     vertex  1.590944e+02 -8.282611e+01  0.000000e+00
     vertex  1.591625e+02 -8.334375e+01  1.510000e+00
     vertex  1.590944e+02 -8.282611e+01  1.510000e+00
   endloop
 endfacet
 facet normal -9.914449e-01 -1.305262e-01 -3.022819e-18
   outer loop
     vertex  1.590944e+02 -8.282611e+01  0.000000e+00
     vertex  1.591625e+02 -8.334375e+01  0.000000e+00
     vertex  1.591625e+02 -8.334375e+01  1.510000e+00
   endloop
 endfacet
 facet normal -9.238795e-01 -3.826834e-01  0.000000e+00
   outer loop
     vertex  1.588946e+02 -8.234375e+01  0.000000e+00
     vertex  1.590944e+02 -8.282611e+01  1.510000e+00
     vertex  1.588946e+02 -8.234375e+01  1.510000e+00
   endloop
 endfacet
 facet normal -9.238795e-01 -3.826834e-01 -7.072051e-18
   outer loop
     vertex  1.588946e+02 -8.234375e+01  0.000000e+00
     vertex  1.590944e+02 -8.282611e+01  0.000000e+00
     vertex  1.590944e+02 -8.282611e+01  1.510000e+00
   endloop
 endfacet
 facet normal -7.933533e-01 -6.087614e-01  0.000000e+00
   outer loop
     vertex  1.585767e+02 -8.192954e+01  0.000000e+00
     vertex  1.588946e+02 -8.234375e+01  1.510000e+00
     vertex  1.585767e+02 -8.192954e+01  1.510000e+00
   endloop
 endfacet
 facet normal -7.933533e-01 -6.087614e-01  1.226948e-17
   outer loop
     vertex  1.585767e+02 -8.192954e+01  0.000000e+00
     vertex  1.588946e+02 -8.234375e+01  0.000000e+00
     vertex  1.588946e+02 -8.234375e+01  1.510000e+00
   endloop
 endfacet
 facet normal -6.087614e-01 -7.933533e-01  0.000000e+00
   outer loop
     vertex  1.581625e+02 -8.161170e+01  0.000000e+00
     vertex  1.585767e+02 -8.192954e+01  1.510000e+00
     vertex  1.581625e+02 -8.161170e+01  1.510000e+00
   endloop
 endfacet
 facet normal -6.087614e-01 -7.933533e-01  1.623516e-17
   outer loop
     vertex  1.581625e+02 -8.161170e+01  0.000000e+00
     vertex  1.585767e+02 -8.192954e+01  0.000000e+00
     vertex  1.585767e+02 -8.192954e+01  1.510000e+00
   endloop
 endfacet
 facet normal -1.305262e-01 -9.914449e-01  0.000000e+00
   outer loop
     vertex  1.576801e+02 -8.141190e+01  0.000000e+00
     vertex  1.576801e+02 -8.141190e+01  1.510000e+00
     vertex  1.571625e+02 -8.134375e+01  1.510000e+00
   endloop
 endfacet
 facet normal -3.826834e-01 -9.238795e-01  0.000000e+00
   outer loop
     vertex  1.576801e+02 -8.141190e+01  0.000000e+00
     vertex  1.581625e+02 -8.161170e+01  1.510000e+00
     vertex  1.576801e+02 -8.141190e+01  1.510000e+00
   endloop
 endfacet
 facet normal -3.826834e-01 -9.238795e-01  2.339562e-18
   outer loop
     vertex  1.576801e+02 -8.141190e+01  0.000000e+00
     vertex  1.581625e+02 -8.161170e+01  0.000000e+00
     vertex  1.581625e+02 -8.161170e+01  1.510000e+00
   endloop
 endfacet
 facet normal -1.305262e-01 -9.914449e-01  0.000000e+00
   outer loop
     vertex  1.571625e+02 -8.134375e+01  0.000000e+00
     vertex  1.576801e+02 -8.141190e+01  0.000000e+00
     vertex  1.571625e+02 -8.134375e+01  1.510000e+00
   endloop
 endfacet
 facet normal  1.305262e-01 -9.914449e-01 -7.810433e-19
   outer loop
     vertex  1.566449e+02 -8.141190e+01  0.000000e+00
     vertex  1.571625e+02 -8.134375e+01  0.000000e+00
     vertex  1.571625e+02 -8.134375e+01  1.510000e+00
   endloop
 endfacet
 facet normal  1.305262e-01 -9.914449e-01  0.000000e+00
   outer loop
     vertex  1.566449e+02 -8.141190e+01  0.000000e+00
     vertex  1.571625e+02 -8.134375e+01  1.510000e+00
     vertex  1.566449e+02 -8.141190e+01  1.510000e+00
   endloop
 endfacet
 facet normal  3.826834e-01 -9.238795e-01 -2.339562e-18
   outer loop
     vertex  1.561625e+02 -8.161170e+01  0.000000e+00
     vertex  1.566449e+02 -8.141190e+01  0.000000e+00
     vertex  1.566449e+02 -8.141190e+01  1.510000e+00
   endloop
 endfacet
 facet normal  3.826834e-01 -9.238795e-01  0.000000e+00
   outer loop
     vertex  1.561625e+02 -8.161170e+01  0.000000e+00
     vertex  1.566449e+02 -8.141190e+01  1.510000e+00
     vertex  1.561625e+02 -8.161170e+01  1.510000e+00
   endloop
 endfacet
 facet normal  6.087614e-01 -7.933533e-01 -1.623516e-17
   outer loop
     vertex  1.557483e+02 -8.192954e+01  0.000000e+00
     vertex  1.561625e+02 -8.161170e+01  0.000000e+00
     vertex  1.561625e+02 -8.161170e+01  1.510000e+00
   endloop
 endfacet
 facet normal  7.933533e-01 -6.087614e-01  0.000000e+00
   outer loop
     vertex  1.557483e+02 -8.192954e+01  0.000000e+00
     vertex  1.557483e+02 -8.192954e+01  1.510000e+00
     vertex  1.554304e+02 -8.234375e+01  1.510000e+00
   endloop
 endfacet
 facet normal  6.087614e-01 -7.933533e-01  0.000000e+00
   outer loop
     vertex  1.557483e+02 -8.192954e+01  0.000000e+00
     vertex  1.561625e+02 -8.161170e+01  1.510000e+00
     vertex  1.557483e+02 -8.192954e+01  1.510000e+00
   endloop
 endfacet
 facet normal  7.933533e-01 -6.087614e-01  0.000000e+00
   outer loop
     vertex  1.554304e+02 -8.234375e+01  0.000000e+00
     vertex  1.557483e+02 -8.192954e+01  0.000000e+00
     vertex  1.554304e+02 -8.234375e+01  1.510000e+00
   endloop
 endfacet
 facet normal  9.238795e-01 -3.826834e-01  7.072051e-18
   outer loop
     vertex  1.552306e+02 -8.282611e+01  0.000000e+00
     vertex  1.554304e+02 -8.234375e+01  0.000000e+00
     vertex  1.554304e+02 -8.234375e+01  1.510000e+00
   endloop
 endfacet
 facet normal  9.238795e-01 -3.826834e-01  0.000000e+00
   outer loop
     vertex  1.552306e+02 -8.282611e+01  0.000000e+00
     vertex  1.554304e+02 -8.234375e+01  1.510000e+00
     vertex  1.552306e+02 -8.282611e+01  1.510000e+00
   endloop
 endfacet
 facet normal  9.914449e-01 -1.305262e-01  3.022819e-18
   outer loop
     vertex  1.551625e+02 -8.334375e+01  0.000000e+00
     vertex  1.552306e+02 -8.282611e+01  0.000000e+00
     vertex  1.552306e+02 -8.282611e+01  1.510000e+00
   endloop
 endfacet
 facet normal  9.914449e-01 -1.305262e-01  0.000000e+00
   outer loop
     vertex  1.551625e+02 -8.334375e+01  0.000000e+00
     vertex  1.552306e+02 -8.282611e+01  1.510000e+00
     vertex  1.551625e+02 -8.334375e+01  1.510000e+00
   endloop
 endfacet
 facet normal  9.914449e-01  1.305262e-01 -0.000000e+00
   outer loop
     vertex  1.552306e+02 -8.386139e+01  0.000000e+00
     vertex  1.551625e+02 -8.334375e+01  1.510000e+00
     vertex  1.552306e+02 -8.386139e+01  1.510000e+00
   endloop
 endfacet
 facet normal  9.914449e-01  1.305262e-01 -3.022819e-18
   outer loop
     vertex  1.552306e+02 -8.386139e+01  0.000000e+00
     vertex  1.551625e+02 -8.334375e+01  0.000000e+00
     vertex  1.551625e+02 -8.334375e+01  1.510000e+00
   endloop
 endfacet
 facet normal  9.238795e-01  3.826834e-01 -0.000000e+00
   outer loop
     vertex  1.554304e+02 -8.434375e+01  0.000000e+00
     vertex  1.552306e+02 -8.386139e+01  1.510000e+00
     vertex  1.554304e+02 -8.434375e+01  1.510000e+00
   endloop
 endfacet
 facet normal  9.238795e-01  3.826834e-01 -7.072051e-18
   outer loop
     vertex  1.554304e+02 -8.434375e+01  0.000000e+00
     vertex  1.552306e+02 -8.386139e+01  0.000000e+00
     vertex  1.552306e+02 -8.386139e+01  1.510000e+00
   endloop
 endfacet
 facet normal  7.933533e-01  6.087614e-01  1.226948e-17
   outer loop
     vertex  1.557483e+02 -8.475796e+01  0.000000e+00
     vertex  1.554304e+02 -8.434375e+01  0.000000e+00
     vertex  1.554304e+02 -8.434375e+01  1.510000e+00
   endloop
 endfacet
 facet normal  6.087614e-01  7.933533e-01 -0.000000e+00
   outer loop
     vertex  1.557483e+02 -8.475796e+01  0.000000e+00
     vertex  1.557483e+02 -8.475796e+01  1.510000e+00
     vertex  1.561625e+02 -8.507580e+01  1.510000e+00
   endloop
 endfacet
 facet normal  7.933533e-01  6.087614e-01 -0.000000e+00
   outer loop
     vertex  1.557483e+02 -8.475796e+01  0.000000e+00
     vertex  1.554304e+02 -8.434375e+01  1.510000e+00
     vertex  1.557483e+02 -8.475796e+01  1.510000e+00
   endloop
 endfacet
 facet normal  6.087614e-01  7.933533e-01 -0.000000e+00
   outer loop
     vertex  1.561625e+02 -8.507580e+01  0.000000e+00
     vertex  1.557483e+02 -8.475796e+01  0.000000e+00
     vertex  1.561625e+02 -8.507580e+01  1.510000e+00
   endloop
 endfacet
 facet normal  1.305262e-01  9.914449e-01 -0.000000e+00
   outer loop
     vertex  1.566449e+02 -8.527560e+01  0.000000e+00
     vertex  1.566449e+02 -8.527560e+01  1.510000e+00
     vertex  1.571625e+02 -8.534375e+01  1.510000e+00
   endloop
 endfacet
 facet normal  3.826834e-01  9.238795e-01 -0.000000e+00
   outer loop
     vertex  1.566449e+02 -8.527560e+01  0.000000e+00
     vertex  1.561625e+02 -8.507580e+01  1.510000e+00
     vertex  1.566449e+02 -8.527560e+01  1.510000e+00
   endloop
 endfacet
 facet normal  3.826834e-01  9.238795e-01  2.339562e-18
   outer loop
     vertex  1.566449e+02 -8.527560e+01  0.000000e+00
     vertex  1.561625e+02 -8.507580e+01  0.000000e+00
     vertex  1.561625e+02 -8.507580e+01  1.510000e+00
   endloop
 endfacet
 facet normal  1.305262e-01  9.914449e-01 -0.000000e+00
   outer loop
     vertex  1.571625e+02 -8.534375e+01  0.000000e+00
     vertex  1.566449e+02 -8.527560e+01  0.000000e+00
     vertex  1.571625e+02 -8.534375e+01  1.510000e+00
   endloop
 endfacet
 facet normal -1.305262e-01  9.914449e-01 -1.119139e-18
   outer loop
     vertex  1.598966e+02 -8.025819e+01  0.000000e+00
     vertex  1.597025e+02 -8.028375e+01  0.000000e+00
     vertex  1.597025e+02 -8.028375e+01  1.510000e+00
   endloop
 endfacet
 facet normal -1.305262e-01  9.914449e-01  0.000000e+00
   outer loop
     vertex  1.598966e+02 -8.025819e+01  0.000000e+00
     vertex  1.597025e+02 -8.028375e+01  1.510000e+00
     vertex  1.598966e+02 -8.025819e+01  1.510000e+00
   endloop
 endfacet
 facet normal -3.826834e-01  9.238795e-01  0.000000e+00
   outer loop
     vertex  1.600775e+02 -8.018327e+01  0.000000e+00
     vertex  1.598966e+02 -8.025819e+01  1.510000e+00
     vertex  1.600775e+02 -8.018327e+01  1.510000e+00
   endloop
 endfacet
 facet normal -3.826834e-01  9.238795e-01 -6.208025e-19
   outer loop
     vertex  1.600775e+02 -8.018327e+01  0.000000e+00
     vertex  1.598966e+02 -8.025819e+01  0.000000e+00
     vertex  1.598966e+02 -8.025819e+01  1.510000e+00
   endloop
 endfacet
 facet normal -6.087614e-01  7.933533e-01  0.000000e+00
   outer loop
     vertex  1.602328e+02 -8.006408e+01  0.000000e+00
     vertex  1.600775e+02 -8.018327e+01  1.510000e+00
     vertex  1.602328e+02 -8.006408e+01  1.510000e+00
   endloop
 endfacet
 facet normal -6.087614e-01  7.933533e-01 -1.151030e-19
   outer loop
     vertex  1.602328e+02 -8.006408e+01  0.000000e+00
     vertex  1.600775e+02 -8.018327e+01  0.000000e+00
     vertex  1.600775e+02 -8.018327e+01  1.510000e+00
   endloop
 endfacet
 facet normal -7.933533e-01  6.087614e-01  0.000000e+00
   outer loop
     vertex  1.603520e+02 -7.990875e+01  0.000000e+00
     vertex  1.602328e+02 -8.006408e+01  1.510000e+00
     vertex  1.603520e+02 -7.990875e+01  1.510000e+00
   endloop
 endfacet
 facet normal -7.933533e-01  6.087614e-01  2.607861e-18
   outer loop
     vertex  1.603520e+02 -7.990875e+01  0.000000e+00
     vertex  1.602328e+02 -8.006408e+01  0.000000e+00
     vertex  1.602328e+02 -8.006408e+01  1.510000e+00
   endloop
 endfacet
 facet normal -9.238795e-01  3.826834e-01  0.000000e+00
   outer loop
     vertex  1.604269e+02 -7.972786e+01  0.000000e+00
     vertex  1.603520e+02 -7.990875e+01  1.510000e+00
     vertex  1.604269e+02 -7.972786e+01  1.510000e+00
   endloop
 endfacet
 facet normal -9.238795e-01  3.826834e-01  2.982014e-19
   outer loop
     vertex  1.604269e+02 -7.972786e+01  0.000000e+00
     vertex  1.603520e+02 -7.990875e+01  0.000000e+00
     vertex  1.603520e+02 -7.990875e+01  1.510000e+00
   endloop
 endfacet
 facet normal -9.914449e-01  1.305262e-01  0.000000e+00
   outer loop
     vertex  1.604525e+02 -7.953375e+01  0.000000e+00
     vertex  1.604269e+02 -7.972786e+01  1.510000e+00
     vertex  1.604525e+02 -7.953375e+01  1.510000e+00
   endloop
 endfacet
 facet normal -9.914449e-01  1.305262e-01  8.317954e-19
   outer loop
     vertex  1.604525e+02 -7.953375e+01  0.000000e+00
     vertex  1.604269e+02 -7.972786e+01  0.000000e+00
     vertex  1.604269e+02 -7.972786e+01  1.510000e+00
   endloop
 endfacet
 facet normal -9.914449e-01 -1.305262e-01  0.000000e+00
   outer loop
     vertex  1.604269e+02 -7.933964e+01  0.000000e+00
     vertex  1.604525e+02 -7.953375e+01  1.510000e+00
     vertex  1.604269e+02 -7.933964e+01  1.510000e+00
   endloop
 endfacet
 facet normal -9.914449e-01 -1.305262e-01 -8.317954e-19
   outer loop
     vertex  1.604269e+02 -7.933964e+01  0.000000e+00
     vertex  1.604525e+02 -7.953375e+01  0.000000e+00
     vertex  1.604525e+02 -7.953375e+01  1.510000e+00
   endloop
 endfacet
 facet normal -9.238795e-01 -3.826834e-01  0.000000e+00
   outer loop
     vertex  1.603520e+02 -7.915875e+01  0.000000e+00
     vertex  1.604269e+02 -7.933964e+01  1.510000e+00
     vertex  1.603520e+02 -7.915875e+01  1.510000e+00
   endloop
 endfacet
 facet normal -9.238795e-01 -3.826834e-01 -2.982014e-19
   outer loop
     vertex  1.603520e+02 -7.915875e+01  0.000000e+00
     vertex  1.604269e+02 -7.933964e+01  0.000000e+00
     vertex  1.604269e+02 -7.933964e+01  1.510000e+00
   endloop
 endfacet
 facet normal -7.933533e-01 -6.087614e-01  0.000000e+00
   outer loop
     vertex  1.602328e+02 -7.900342e+01  0.000000e+00
     vertex  1.603520e+02 -7.915875e+01  1.510000e+00
     vertex  1.602328e+02 -7.900342e+01  1.510000e+00
   endloop
 endfacet
 facet normal -7.933533e-01 -6.087614e-01 -2.607861e-18
   outer loop
     vertex  1.602328e+02 -7.900342e+01  0.000000e+00
     vertex  1.603520e+02 -7.915875e+01  0.000000e+00
     vertex  1.603520e+02 -7.915875e+01  1.510000e+00
   endloop
 endfacet
 facet normal -6.087614e-01 -7.933533e-01  0.000000e+00
   outer loop
     vertex  1.600775e+02 -7.888423e+01  0.000000e+00
     vertex  1.602328e+02 -7.900342e+01  1.510000e+00
     vertex  1.600775e+02 -7.888423e+01  1.510000e+00
   endloop
 endfacet
 facet normal -6.087614e-01 -7.933533e-01  1.151030e-19
   outer loop
     vertex  1.600775e+02 -7.888423e+01  0.000000e+00
     vertex  1.602328e+02 -7.900342e+01  0.000000e+00
     vertex  1.602328e+02 -7.900342e+01  1.510000e+00
   endloop
 endfacet
 facet normal -1.305262e-01 -9.914449e-01  0.000000e+00
   outer loop
     vertex  1.598966e+02 -7.880931e+01  0.000000e+00
     vertex  1.598966e+02 -7.880931e+01  1.510000e+00
     vertex  1.597025e+02 -7.878375e+01  1.510000e+00
   endloop
 endfacet
 facet normal -3.826834e-01 -9.238795e-01  0.000000e+00
   outer loop
     vertex  1.598966e+02 -7.880931e+01  0.000000e+00
     vertex  1.600775e+02 -7.888423e+01  1.510000e+00
     vertex  1.598966e+02 -7.880931e+01  1.510000e+00
   endloop
 endfacet
 facet normal -3.826834e-01 -9.238795e-01 -2.761264e-18
   outer loop
     vertex  1.598966e+02 -7.880931e+01  0.000000e+00
     vertex  1.600775e+02 -7.888423e+01  0.000000e+00
     vertex  1.600775e+02 -7.888423e+01  1.510000e+00
   endloop
 endfacet
 facet normal -1.305262e-01 -9.914449e-01  0.000000e+00
   outer loop
     vertex  1.597025e+02 -7.878375e+01  0.000000e+00
     vertex  1.598966e+02 -7.880931e+01  0.000000e+00
     vertex  1.597025e+02 -7.878375e+01  1.510000e+00
   endloop
 endfacet
 facet normal  1.305262e-01 -9.914449e-01  6.209331e-19
   outer loop
     vertex  1.595084e+02 -7.880931e+01  0.000000e+00
     vertex  1.597025e+02 -7.878375e+01  0.000000e+00
     vertex  1.597025e+02 -7.878375e+01  1.510000e+00
   endloop
 endfacet
 facet normal  1.305262e-01 -9.914449e-01  0.000000e+00
   outer loop
     vertex  1.595084e+02 -7.880931e+01  0.000000e+00
     vertex  1.597025e+02 -7.878375e+01  1.510000e+00
     vertex  1.595084e+02 -7.880931e+01  1.510000e+00
   endloop
 endfacet
 facet normal  3.826834e-01 -9.238795e-01  2.761264e-18
   outer loop
     vertex  1.593275e+02 -7.888423e+01  0.000000e+00
     vertex  1.595084e+02 -7.880931e+01  0.000000e+00
     vertex  1.595084e+02 -7.880931e+01  1.510000e+00
   endloop
 endfacet
 facet normal  3.826834e-01 -9.238795e-01  0.000000e+00
   outer loop
     vertex  1.593275e+02 -7.888423e+01  0.000000e+00
     vertex  1.595084e+02 -7.880931e+01  1.510000e+00
     vertex  1.593275e+02 -7.888423e+01  1.510000e+00
   endloop
 endfacet
 facet normal  6.087614e-01 -7.933533e-01 -1.151030e-19
   outer loop
     vertex  1.591722e+02 -7.900342e+01  0.000000e+00
     vertex  1.593275e+02 -7.888423e+01  0.000000e+00
     vertex  1.593275e+02 -7.888423e+01  1.510000e+00
   endloop
 endfacet
 facet normal  7.933533e-01 -6.087614e-01  0.000000e+00
   outer loop
     vertex  1.591722e+02 -7.900342e+01  0.000000e+00
     vertex  1.591722e+02 -7.900342e+01  1.510000e+00
     vertex  1.590530e+02 -7.915875e+01  1.510000e+00
   endloop
 endfacet
 facet normal  6.087614e-01 -7.933533e-01  0.000000e+00
   outer loop
     vertex  1.591722e+02 -7.900342e+01  0.000000e+00
     vertex  1.593275e+02 -7.888423e+01  1.510000e+00
     vertex  1.591722e+02 -7.900342e+01  1.510000e+00
   endloop
 endfacet
 facet normal  7.933533e-01 -6.087614e-01  0.000000e+00
   outer loop
     vertex  1.590530e+02 -7.915875e+01  0.000000e+00
     vertex  1.591722e+02 -7.900342e+01  0.000000e+00
     vertex  1.590530e+02 -7.915875e+01  1.510000e+00
   endloop
 endfacet
 facet normal  9.238795e-01 -3.826834e-01  2.982014e-19
   outer loop
     vertex  1.589781e+02 -7.933964e+01  0.000000e+00
     vertex  1.590530e+02 -7.915875e+01  0.000000e+00
     vertex  1.590530e+02 -7.915875e+01  1.510000e+00
   endloop
 endfacet
 facet normal  9.238795e-01 -3.826834e-01  0.000000e+00
   outer loop
     vertex  1.589781e+02 -7.933964e+01  0.000000e+00
     vertex  1.590530e+02 -7.915875e+01  1.510000e+00
     vertex  1.589781e+02 -7.933964e+01  1.510000e+00
   endloop
 endfacet
 facet normal  9.914449e-01 -1.305262e-01  8.317954e-19
   outer loop
     vertex  1.589525e+02 -7.953375e+01  0.000000e+00
     vertex  1.589781e+02 -7.933964e+01  0.000000e+00
     vertex  1.589781e+02 -7.933964e+01  1.510000e+00
   endloop
 endfacet
 facet normal  9.914449e-01 -1.305262e-01  0.000000e+00
   outer loop
     vertex  1.589525e+02 -7.953375e+01  0.000000e+00
     vertex  1.589781e+02 -7.933964e+01  1.510000e+00
     vertex  1.589525e+02 -7.953375e+01  1.510000e+00
   endloop
 endfacet
 facet normal  9.914449e-01  1.305262e-01 -0.000000e+00
   outer loop
     vertex  1.589781e+02 -7.972786e+01  0.000000e+00
     vertex  1.589525e+02 -7.953375e+01  1.510000e+00
     vertex  1.589781e+02 -7.972786e+01  1.510000e+00
   endloop
 endfacet
 facet normal  9.914449e-01  1.305262e-01 -8.317954e-19
   outer loop
     vertex  1.589781e+02 -7.972786e+01  0.000000e+00
     vertex  1.589525e+02 -7.953375e+01  0.000000e+00
     vertex  1.589525e+02 -7.953375e+01  1.510000e+00
   endloop
 endfacet
 facet normal  9.238795e-01  3.826834e-01 -0.000000e+00
   outer loop
     vertex  1.590530e+02 -7.990875e+01  0.000000e+00
     vertex  1.589781e+02 -7.972786e+01  1.510000e+00
     vertex  1.590530e+02 -7.990875e+01  1.510000e+00
   endloop
 endfacet
 facet normal  9.238795e-01  3.826834e-01 -2.982014e-19
   outer loop
     vertex  1.590530e+02 -7.990875e+01  0.000000e+00
     vertex  1.589781e+02 -7.972786e+01  0.000000e+00
     vertex  1.589781e+02 -7.972786e+01  1.510000e+00
   endloop
 endfacet
 facet normal  7.933533e-01  6.087614e-01 -2.607861e-18
   outer loop
     vertex  1.591722e+02 -8.006408e+01  0.000000e+00
     vertex  1.590530e+02 -7.990875e+01  0.000000e+00
     vertex  1.590530e+02 -7.990875e+01  1.510000e+00
   endloop
 endfacet
 facet normal  6.087614e-01  7.933533e-01 -0.000000e+00
   outer loop
     vertex  1.591722e+02 -8.006408e+01  0.000000e+00
     vertex  1.591722e+02 -8.006408e+01  1.510000e+00
     vertex  1.593275e+02 -8.018327e+01  1.510000e+00
   endloop
 endfacet
 facet normal  7.933533e-01  6.087614e-01 -0.000000e+00
   outer loop
     vertex  1.591722e+02 -8.006408e+01  0.000000e+00
     vertex  1.590530e+02 -7.990875e+01  1.510000e+00
     vertex  1.591722e+02 -8.006408e+01  1.510000e+00
   endloop
 endfacet
 facet normal  6.087614e-01  7.933533e-01 -0.000000e+00
   outer loop
     vertex  1.593275e+02 -8.018327e+01  0.000000e+00
     vertex  1.591722e+02 -8.006408e+01  0.000000e+00
     vertex  1.593275e+02 -8.018327e+01  1.510000e+00
   endloop
 endfacet
 facet normal  1.305262e-01  9.914449e-01 -0.000000e+00
   outer loop
     vertex  1.595084e+02 -8.025819e+01  0.000000e+00
     vertex  1.595084e+02 -8.025819e+01  1.510000e+00
     vertex  1.597025e+02 -8.028375e+01  1.510000e+00
   endloop
 endfacet
 facet normal  3.826834e-01  9.238795e-01 -0.000000e+00
   outer loop
     vertex  1.595084e+02 -8.025819e+01  0.000000e+00
     vertex  1.593275e+02 -8.018327e+01  1.510000e+00
     vertex  1.595084e+02 -8.025819e+01  1.510000e+00
   endloop
 endfacet
 facet normal  3.826834e-01  9.238795e-01 -2.761264e-18
   outer loop
     vertex  1.595084e+02 -8.025819e+01  0.000000e+00
     vertex  1.593275e+02 -8.018327e+01  0.000000e+00
     vertex  1.593275e+02 -8.018327e+01  1.510000e+00
   endloop
 endfacet
 facet normal  1.305262e-01  9.914449e-01 -0.000000e+00
   outer loop
     vertex  1.597025e+02 -8.028375e+01  0.000000e+00
     vertex  1.595084e+02 -8.025819e+01  0.000000e+00
     vertex  1.597025e+02 -8.028375e+01  1.510000e+00
   endloop
 endfacet
 facet normal -1.305262e-01  9.914449e-01 -2.017242e-19
   outer loop
     vertex  1.573825e+02 -7.908479e+01  0.000000e+00
     vertex  1.571625e+02 -7.911375e+01  0.000000e+00
     vertex  1.571625e+02 -7.911375e+01  1.510000e+00
   endloop
 endfacet
 facet normal -1.305262e-01  9.914449e-01  0.000000e+00
   outer loop
     vertex  1.573825e+02 -7.908479e+01  0.000000e+00
     vertex  1.571625e+02 -7.911375e+01  1.510000e+00
     vertex  1.573825e+02 -7.908479e+01  1.510000e+00
   endloop
 endfacet
 facet normal -3.826834e-01  9.238795e-01  0.000000e+00
   outer loop
     vertex  1.575875e+02 -7.899987e+01  0.000000e+00
     vertex  1.573825e+02 -7.908479e+01  1.510000e+00
     vertex  1.575875e+02 -7.899987e+01  1.510000e+00
   endloop
 endfacet
 facet normal -3.826834e-01  9.238795e-01  4.668127e-18
   outer loop
     vertex  1.575875e+02 -7.899987e+01  0.000000e+00
     vertex  1.573825e+02 -7.908479e+01  0.000000e+00
     vertex  1.573825e+02 -7.908479e+01  1.510000e+00
   endloop
 endfacet
 facet normal -6.087614e-01  7.933533e-01  0.000000e+00
   outer loop
     vertex  1.577635e+02 -7.886479e+01  0.000000e+00
     vertex  1.575875e+02 -7.899987e+01  1.510000e+00
     vertex  1.577635e+02 -7.886479e+01  1.510000e+00
   endloop
 endfacet
 facet normal -6.087614e-01  7.933533e-01  3.273941e-18
   outer loop
     vertex  1.577635e+02 -7.886479e+01  0.000000e+00
     vertex  1.575875e+02 -7.899987e+01  0.000000e+00
     vertex  1.575875e+02 -7.899987e+01  1.510000e+00
   endloop
 endfacet
 facet normal -7.933533e-01  6.087614e-01  0.000000e+00
   outer loop
     vertex  1.578986e+02 -7.868875e+01  0.000000e+00
     vertex  1.577635e+02 -7.886479e+01  1.510000e+00
     vertex  1.578986e+02 -7.868875e+01  1.510000e+00
   endloop
 endfacet
 facet normal -7.933533e-01  6.087614e-01 -3.920906e-19
   outer loop
     vertex  1.578986e+02 -7.868875e+01  0.000000e+00
     vertex  1.577635e+02 -7.886479e+01  0.000000e+00
     vertex  1.577635e+02 -7.886479e+01  1.510000e+00
   endloop
 endfacet
 facet normal -9.238795e-01  3.826834e-01  0.000000e+00
   outer loop
     vertex  1.579835e+02 -7.848375e+01  0.000000e+00
     vertex  1.578986e+02 -7.868875e+01  1.510000e+00
     vertex  1.579835e+02 -7.848375e+01  1.510000e+00
   endloop
 endfacet
 facet normal -9.238795e-01  3.826834e-01  4.852928e-18
   outer loop
     vertex  1.579835e+02 -7.848375e+01  0.000000e+00
     vertex  1.578986e+02 -7.868875e+01  0.000000e+00
     vertex  1.578986e+02 -7.868875e+01  1.510000e+00
   endloop
 endfacet
 facet normal -9.914449e-01  1.305262e-01  0.000000e+00
   outer loop
     vertex  1.580125e+02 -7.826375e+01  0.000000e+00
     vertex  1.579835e+02 -7.848375e+01  1.510000e+00
     vertex  1.580125e+02 -7.826375e+01  1.510000e+00
   endloop
 endfacet
 facet normal -9.914449e-01  1.305262e-01 -6.743044e-20
   outer loop
     vertex  1.580125e+02 -7.826375e+01  0.000000e+00
     vertex  1.579835e+02 -7.848375e+01  0.000000e+00
     vertex  1.579835e+02 -7.848375e+01  1.510000e+00
   endloop
 endfacet
 facet normal -9.914449e-01 -1.305262e-01  0.000000e+00
   outer loop
     vertex  1.579835e+02 -7.804375e+01  0.000000e+00
     vertex  1.580125e+02 -7.826375e+01  1.510000e+00
     vertex  1.579835e+02 -7.804375e+01  1.510000e+00
   endloop
 endfacet
 facet normal -9.914449e-01 -1.305262e-01  6.743044e-20
   outer loop
     vertex  1.579835e+02 -7.804375e+01  0.000000e+00
     vertex  1.580125e+02 -7.826375e+01  0.000000e+00
     vertex  1.580125e+02 -7.826375e+01  1.510000e+00
   endloop
 endfacet
 facet normal -9.238795e-01 -3.826834e-01  0.000000e+00
   outer loop
     vertex  1.578986e+02 -7.783875e+01  0.000000e+00
     vertex  1.579835e+02 -7.804375e+01  1.510000e+00
     vertex  1.578986e+02 -7.783875e+01  1.510000e+00
   endloop
 endfacet
 facet normal -9.238795e-01 -3.826834e-01 -4.852928e-18
   outer loop
     vertex  1.578986e+02 -7.783875e+01  0.000000e+00
     vertex  1.579835e+02 -7.804375e+01  0.000000e+00
     vertex  1.579835e+02 -7.804375e+01  1.510000e+00
   endloop
 endfacet
 facet normal -7.933533e-01 -6.087614e-01  0.000000e+00
   outer loop
     vertex  1.577635e+02 -7.766271e+01  0.000000e+00
     vertex  1.578986e+02 -7.783875e+01  1.510000e+00
     vertex  1.577635e+02 -7.766271e+01  1.510000e+00
   endloop
 endfacet
 facet normal -7.933533e-01 -6.087614e-01  3.920906e-19
   outer loop
     vertex  1.577635e+02 -7.766271e+01  0.000000e+00
     vertex  1.578986e+02 -7.783875e+01  0.000000e+00
     vertex  1.578986e+02 -7.783875e+01  1.510000e+00
   endloop
 endfacet
 facet normal -6.087614e-01 -7.933533e-01  0.000000e+00
   outer loop
     vertex  1.575875e+02 -7.752763e+01  0.000000e+00
     vertex  1.577635e+02 -7.766271e+01  1.510000e+00
     vertex  1.575875e+02 -7.752763e+01  1.510000e+00
   endloop
 endfacet
 facet normal -6.087614e-01 -7.933533e-01 -3.273941e-18
   outer loop
     vertex  1.575875e+02 -7.752763e+01  0.000000e+00
     vertex  1.577635e+02 -7.766271e+01  0.000000e+00
     vertex  1.577635e+02 -7.766271e+01  1.510000e+00
   endloop
 endfacet
 facet normal -1.305262e-01 -9.914449e-01  0.000000e+00
   outer loop
     vertex  1.573825e+02 -7.744271e+01  0.000000e+00
     vertex  1.573825e+02 -7.744271e+01  1.510000e+00
     vertex  1.571625e+02 -7.741375e+01  1.510000e+00
   endloop
 endfacet
 facet normal -3.826834e-01 -9.238795e-01  0.000000e+00
   outer loop
     vertex  1.573825e+02 -7.744271e+01  0.000000e+00
     vertex  1.575875e+02 -7.752763e+01  1.510000e+00
     vertex  1.573825e+02 -7.744271e+01  1.510000e+00
   endloop
 endfacet
 facet normal -3.826834e-01 -9.238795e-01 -4.668127e-18
   outer loop
     vertex  1.573825e+02 -7.744271e+01  0.000000e+00
     vertex  1.575875e+02 -7.752763e+01  0.000000e+00
     vertex  1.575875e+02 -7.752763e+01  1.510000e+00
   endloop
 endfacet
 facet normal -1.305262e-01 -9.914449e-01  0.000000e+00
   outer loop
     vertex  1.571625e+02 -7.741375e+01  0.000000e+00
     vertex  1.573825e+02 -7.744271e+01  0.000000e+00
     vertex  1.571625e+02 -7.741375e+01  1.510000e+00
   endloop
 endfacet
 facet normal  1.305262e-01 -9.914449e-01 -2.017242e-19
   outer loop
     vertex  1.569425e+02 -7.744271e+01  0.000000e+00
     vertex  1.571625e+02 -7.741375e+01  0.000000e+00
     vertex  1.571625e+02 -7.741375e+01  1.510000e+00
   endloop
 endfacet
 facet normal  1.305262e-01 -9.914449e-01  0.000000e+00
   outer loop
     vertex  1.569425e+02 -7.744271e+01  0.000000e+00
     vertex  1.571625e+02 -7.741375e+01  1.510000e+00
     vertex  1.569425e+02 -7.744271e+01  1.510000e+00
   endloop
 endfacet
 facet normal  3.826834e-01 -9.238795e-01  4.668127e-18
   outer loop
     vertex  1.567375e+02 -7.752763e+01  0.000000e+00
     vertex  1.569425e+02 -7.744271e+01  0.000000e+00
     vertex  1.569425e+02 -7.744271e+01  1.510000e+00
   endloop
 endfacet
 facet normal  3.826834e-01 -9.238795e-01  0.000000e+00
   outer loop
     vertex  1.567375e+02 -7.752763e+01  0.000000e+00
     vertex  1.569425e+02 -7.744271e+01  1.510000e+00
     vertex  1.567375e+02 -7.752763e+01  1.510000e+00
   endloop
 endfacet
 facet normal  6.087614e-01 -7.933533e-01  3.273941e-18
   outer loop
     vertex  1.565615e+02 -7.766271e+01  0.000000e+00
     vertex  1.567375e+02 -7.752763e+01  0.000000e+00
     vertex  1.567375e+02 -7.752763e+01  1.510000e+00
   endloop
 endfacet
 facet normal  7.933533e-01 -6.087614e-01  0.000000e+00
   outer loop
     vertex  1.565615e+02 -7.766271e+01  0.000000e+00
     vertex  1.565615e+02 -7.766271e+01  1.510000e+00
     vertex  1.564264e+02 -7.783875e+01  1.510000e+00
   endloop
 endfacet
 facet normal  6.087614e-01 -7.933533e-01  0.000000e+00
   outer loop
     vertex  1.565615e+02 -7.766271e+01  0.000000e+00
     vertex  1.567375e+02 -7.752763e+01  1.510000e+00
     vertex  1.565615e+02 -7.766271e+01  1.510000e+00
   endloop
 endfacet
 facet normal  7.933533e-01 -6.087614e-01  0.000000e+00
   outer loop
     vertex  1.564264e+02 -7.783875e+01  0.000000e+00
     vertex  1.565615e+02 -7.766271e+01  0.000000e+00
     vertex  1.564264e+02 -7.783875e+01  1.510000e+00
   endloop
 endfacet
 facet normal  9.238795e-01 -3.826834e-01  4.852928e-18
   outer loop
     vertex  1.563415e+02 -7.804375e+01  0.000000e+00
     vertex  1.564264e+02 -7.783875e+01  0.000000e+00
     vertex  1.564264e+02 -7.783875e+01  1.510000e+00
   endloop
 endfacet
 facet normal  9.238795e-01 -3.826834e-01  0.000000e+00
   outer loop
     vertex  1.563415e+02 -7.804375e+01  0.000000e+00
     vertex  1.564264e+02 -7.783875e+01  1.510000e+00
     vertex  1.563415e+02 -7.804375e+01  1.510000e+00
   endloop
 endfacet
 facet normal  9.914449e-01 -1.305262e-01 -6.743044e-20
   outer loop
     vertex  1.563125e+02 -7.826375e+01  0.000000e+00
     vertex  1.563415e+02 -7.804375e+01  0.000000e+00
     vertex  1.563415e+02 -7.804375e+01  1.510000e+00
   endloop
 endfacet
 facet normal  9.914449e-01 -1.305262e-01  0.000000e+00
   outer loop
     vertex  1.563125e+02 -7.826375e+01  0.000000e+00
     vertex  1.563415e+02 -7.804375e+01  1.510000e+00
     vertex  1.563125e+02 -7.826375e+01  1.510000e+00
   endloop
 endfacet
 facet normal  9.914449e-01  1.305262e-01 -0.000000e+00
   outer loop
     vertex  1.563415e+02 -7.848375e+01  0.000000e+00
     vertex  1.563125e+02 -7.826375e+01  1.510000e+00
     vertex  1.563415e+02 -7.848375e+01  1.510000e+00
   endloop
 endfacet
 facet normal  9.914449e-01  1.305262e-01  6.743044e-20
   outer loop
     vertex  1.563415e+02 -7.848375e+01  0.000000e+00
     vertex  1.563125e+02 -7.826375e+01  0.000000e+00
     vertex  1.563125e+02 -7.826375e+01  1.510000e+00
   endloop
 endfacet
 facet normal  9.238795e-01  3.826834e-01 -0.000000e+00
   outer loop
     vertex  1.564264e+02 -7.868875e+01  0.000000e+00
     vertex  1.563415e+02 -7.848375e+01  1.510000e+00
     vertex  1.564264e+02 -7.868875e+01  1.510000e+00
   endloop
 endfacet
 facet normal  9.238795e-01  3.826834e-01 -4.852928e-18
   outer loop
     vertex  1.564264e+02 -7.868875e+01  0.000000e+00
     vertex  1.563415e+02 -7.848375e+01  0.000000e+00
     vertex  1.563415e+02 -7.848375e+01  1.510000e+00
   endloop
 endfacet
 facet normal  7.933533e-01  6.087614e-01  3.920906e-19
   outer loop
     vertex  1.565615e+02 -7.886479e+01  0.000000e+00
     vertex  1.564264e+02 -7.868875e+01  0.000000e+00
     vertex  1.564264e+02 -7.868875e+01  1.510000e+00
   endloop
 endfacet
 facet normal  6.087614e-01  7.933533e-01 -0.000000e+00
   outer loop
     vertex  1.565615e+02 -7.886479e+01  0.000000e+00
     vertex  1.565615e+02 -7.886479e+01  1.510000e+00
     vertex  1.567375e+02 -7.899987e+01  1.510000e+00
   endloop
 endfacet
 facet normal  7.933533e-01  6.087614e-01 -0.000000e+00
   outer loop
     vertex  1.565615e+02 -7.886479e+01  0.000000e+00
     vertex  1.564264e+02 -7.868875e+01  1.510000e+00
     vertex  1.565615e+02 -7.886479e+01  1.510000e+00
   endloop
 endfacet
 facet normal  6.087614e-01  7.933533e-01 -0.000000e+00
   outer loop
     vertex  1.567375e+02 -7.899987e+01  0.000000e+00
     vertex  1.565615e+02 -7.886479e+01  0.000000e+00
     vertex  1.567375e+02 -7.899987e+01  1.510000e+00
   endloop
 endfacet
 facet normal  1.305262e-01  9.914449e-01 -0.000000e+00
   outer loop
     vertex  1.569425e+02 -7.908479e+01  0.000000e+00
     vertex  1.569425e+02 -7.908479e+01  1.510000e+00
     vertex  1.571625e+02 -7.911375e+01  1.510000e+00
   endloop
 endfacet
 facet normal  3.826834e-01  9.238795e-01 -0.000000e+00
   outer loop
     vertex  1.569425e+02 -7.908479e+01  0.000000e+00
     vertex  1.567375e+02 -7.899987e+01  1.510000e+00
     vertex  1.569425e+02 -7.908479e+01  1.510000e+00
   endloop
 endfacet
 facet normal  3.826834e-01  9.238795e-01 -4.668127e-18
   outer loop
     vertex  1.569425e+02 -7.908479e+01  0.000000e+00
     vertex  1.567375e+02 -7.899987e+01  0.000000e+00
     vertex  1.567375e+02 -7.899987e+01  1.510000e+00
   endloop
 endfacet
 facet normal  1.305262e-01  9.914449e-01 -0.000000e+00
   outer loop
     vertex  1.571625e+02 -7.911375e+01  0.000000e+00
     vertex  1.569425e+02 -7.908479e+01  0.000000e+00
     vertex  1.571625e+02 -7.911375e+01  1.510000e+00
   endloop
 endfacet
 facet normal -1.305262e-01  9.914449e-01 -1.119139e-18
   outer loop
     vertex  1.624366e+02 -8.660819e+01  0.000000e+00
     vertex  1.622425e+02 -8.663375e+01  0.000000e+00
     vertex  1.622425e+02 -8.663375e+01  1.510000e+00
   endloop
 endfacet
 facet normal -1.305262e-01  9.914449e-01  0.000000e+00
   outer loop
     vertex  1.624366e+02 -8.660819e+01  0.000000e+00
     vertex  1.622425e+02 -8.663375e+01  1.510000e+00
     vertex  1.624366e+02 -8.660819e+01  1.510000e+00
   endloop
 endfacet
 facet normal -3.826834e-01  9.238795e-01  0.000000e+00
   outer loop
     vertex  1.626175e+02 -8.653327e+01  0.000000e+00
     vertex  1.624366e+02 -8.660819e+01  1.510000e+00
     vertex  1.626175e+02 -8.653327e+01  1.510000e+00
   endloop
 endfacet
 facet normal -3.826834e-01  9.238795e-01 -6.208025e-19
   outer loop
     vertex  1.626175e+02 -8.653327e+01  0.000000e+00
     vertex  1.624366e+02 -8.660819e+01  0.000000e+00
     vertex  1.624366e+02 -8.660819e+01  1.510000e+00
   endloop
 endfacet
 facet normal -6.087614e-01  7.933533e-01  0.000000e+00
   outer loop
     vertex  1.627728e+02 -8.641408e+01  0.000000e+00
     vertex  1.626175e+02 -8.653327e+01  1.510000e+00
     vertex  1.627728e+02 -8.641408e+01  1.510000e+00
   endloop
 endfacet
 facet normal -6.087614e-01  7.933533e-01 -1.151030e-19
   outer loop
     vertex  1.627728e+02 -8.641408e+01  0.000000e+00
     vertex  1.626175e+02 -8.653327e+01  0.000000e+00
     vertex  1.626175e+02 -8.653327e+01  1.510000e+00
   endloop
 endfacet
 facet normal -7.933533e-01  6.087614e-01  0.000000e+00
   outer loop
     vertex  1.628920e+02 -8.625875e+01  0.000000e+00
     vertex  1.627728e+02 -8.641408e+01  1.510000e+00
     vertex  1.628920e+02 -8.625875e+01  1.510000e+00
   endloop
 endfacet
 facet normal -7.933533e-01  6.087614e-01  2.607861e-18
   outer loop
     vertex  1.628920e+02 -8.625875e+01  0.000000e+00
     vertex  1.627728e+02 -8.641408e+01  0.000000e+00
     vertex  1.627728e+02 -8.641408e+01  1.510000e+00
   endloop
 endfacet
 facet normal -9.238795e-01  3.826834e-01  0.000000e+00
   outer loop
     vertex  1.629669e+02 -8.607786e+01  0.000000e+00
     vertex  1.628920e+02 -8.625875e+01  1.510000e+00
     vertex  1.629669e+02 -8.607786e+01  1.510000e+00
   endloop
 endfacet
 facet normal -9.238795e-01  3.826834e-01  2.982014e-19
   outer loop
     vertex  1.629669e+02 -8.607786e+01  0.000000e+00
     vertex  1.628920e+02 -8.625875e+01  0.000000e+00
     vertex  1.628920e+02 -8.625875e+01  1.510000e+00
   endloop
 endfacet
 facet normal -9.914449e-01  1.305262e-01  0.000000e+00
   outer loop
     vertex  1.629925e+02 -8.588375e+01  0.000000e+00
     vertex  1.629669e+02 -8.607786e+01  1.510000e+00
     vertex  1.629925e+02 -8.588375e+01  1.510000e+00
   endloop
 endfacet
 facet normal -9.914449e-01  1.305262e-01  8.317954e-19
   outer loop
     vertex  1.629925e+02 -8.588375e+01  0.000000e+00
     vertex  1.629669e+02 -8.607786e+01  0.000000e+00
     vertex  1.629669e+02 -8.607786e+01  1.510000e+00
   endloop
 endfacet
 facet normal -9.914449e-01 -1.305262e-01  0.000000e+00
   outer loop
     vertex  1.629669e+02 -8.568964e+01  0.000000e+00
     vertex  1.629925e+02 -8.588375e+01  1.510000e+00
     vertex  1.629669e+02 -8.568964e+01  1.510000e+00
   endloop
 endfacet
 facet normal -9.914449e-01 -1.305262e-01 -8.317954e-19
   outer loop
     vertex  1.629669e+02 -8.568964e+01  0.000000e+00
     vertex  1.629925e+02 -8.588375e+01  0.000000e+00
     vertex  1.629925e+02 -8.588375e+01  1.510000e+00
   endloop
 endfacet
 facet normal -9.238795e-01 -3.826834e-01  0.000000e+00
   outer loop
     vertex  1.628920e+02 -8.550875e+01  0.000000e+00
     vertex  1.629669e+02 -8.568964e+01  1.510000e+00
     vertex  1.628920e+02 -8.550875e+01  1.510000e+00
   endloop
 endfacet
 facet normal -9.238795e-01 -3.826834e-01 -2.982014e-19
   outer loop
     vertex  1.628920e+02 -8.550875e+01  0.000000e+00
     vertex  1.629669e+02 -8.568964e+01  0.000000e+00
     vertex  1.629669e+02 -8.568964e+01  1.510000e+00
   endloop
 endfacet
 facet normal -7.933533e-01 -6.087614e-01  0.000000e+00
   outer loop
     vertex  1.627728e+02 -8.535342e+01  0.000000e+00
     vertex  1.628920e+02 -8.550875e+01  1.510000e+00
     vertex  1.627728e+02 -8.535342e+01  1.510000e+00
   endloop
 endfacet
 facet normal -7.933533e-01 -6.087614e-01 -2.607861e-18
   outer loop
     vertex  1.627728e+02 -8.535342e+01  0.000000e+00
     vertex  1.628920e+02 -8.550875e+01  0.000000e+00
     vertex  1.628920e+02 -8.550875e+01  1.510000e+00
   endloop
 endfacet
 facet normal -6.087614e-01 -7.933533e-01  0.000000e+00
   outer loop
     vertex  1.626175e+02 -8.523423e+01  0.000000e+00
     vertex  1.627728e+02 -8.535342e+01  1.510000e+00
     vertex  1.626175e+02 -8.523423e+01  1.510000e+00
   endloop
 endfacet
 facet normal -6.087614e-01 -7.933533e-01  1.151030e-19
   outer loop
     vertex  1.626175e+02 -8.523423e+01  0.000000e+00
     vertex  1.627728e+02 -8.535342e+01  0.000000e+00
     vertex  1.627728e+02 -8.535342e+01  1.510000e+00
   endloop
 endfacet
 facet normal -1.305262e-01 -9.914449e-01  0.000000e+00
   outer loop
     vertex  1.624366e+02 -8.515931e+01  0.000000e+00
     vertex  1.624366e+02 -8.515931e+01  1.510000e+00
     vertex  1.622425e+02 -8.513375e+01  1.510000e+00
   endloop
 endfacet
 facet normal -3.826834e-01 -9.238795e-01  0.000000e+00
   outer loop
     vertex  1.624366e+02 -8.515931e+01  0.000000e+00
     vertex  1.626175e+02 -8.523423e+01  1.510000e+00
     vertex  1.624366e+02 -8.515931e+01  1.510000e+00
   endloop
 endfacet
 facet normal -3.826834e-01 -9.238795e-01 -2.761264e-18
   outer loop
     vertex  1.624366e+02 -8.515931e+01  0.000000e+00
     vertex  1.626175e+02 -8.523423e+01  0.000000e+00
     vertex  1.626175e+02 -8.523423e+01  1.510000e+00
   endloop
 endfacet
 facet normal -1.305262e-01 -9.914449e-01  0.000000e+00
   outer loop
     vertex  1.622425e+02 -8.513375e+01  0.000000e+00
     vertex  1.624366e+02 -8.515931e+01  0.000000e+00
     vertex  1.622425e+02 -8.513375e+01  1.510000e+00
   endloop
 endfacet
 facet normal  1.305262e-01 -9.914449e-01  6.209331e-19
   outer loop
     vertex  1.620484e+02 -8.515931e+01  0.000000e+00
     vertex  1.622425e+02 -8.513375e+01  0.000000e+00
     vertex  1.622425e+02 -8.513375e+01  1.510000e+00
   endloop
 endfacet
 facet normal  1.305262e-01 -9.914449e-01  0.000000e+00
   outer loop
     vertex  1.620484e+02 -8.515931e+01  0.000000e+00
     vertex  1.622425e+02 -8.513375e+01  1.510000e+00
     vertex  1.620484e+02 -8.515931e+01  1.510000e+00
   endloop
 endfacet
 facet normal  3.826834e-01 -9.238795e-01  2.761264e-18
   outer loop
     vertex  1.618675e+02 -8.523423e+01  0.000000e+00
     vertex  1.620484e+02 -8.515931e+01  0.000000e+00
     vertex  1.620484e+02 -8.515931e+01  1.510000e+00
   endloop
 endfacet
 facet normal  3.826834e-01 -9.238795e-01  0.000000e+00
   outer loop
     vertex  1.618675e+02 -8.523423e+01  0.000000e+00
     vertex  1.620484e+02 -8.515931e+01  1.510000e+00
     vertex  1.618675e+02 -8.523423e+01  1.510000e+00
   endloop
 endfacet
 facet normal  6.087614e-01 -7.933533e-01 -1.151030e-19
   outer loop
     vertex  1.617122e+02 -8.535342e+01  0.000000e+00
     vertex  1.618675e+02 -8.523423e+01  0.000000e+00
     vertex  1.618675e+02 -8.523423e+01  1.510000e+00
   endloop
 endfacet
 facet normal  7.933533e-01 -6.087614e-01  0.000000e+00
   outer loop
     vertex  1.617122e+02 -8.535342e+01  0.000000e+00
     vertex  1.617122e+02 -8.535342e+01  1.510000e+00
     vertex  1.615930e+02 -8.550875e+01  1.510000e+00
   endloop
 endfacet
 facet normal  6.087614e-01 -7.933533e-01  0.000000e+00
   outer loop
     vertex  1.617122e+02 -8.535342e+01  0.000000e+00
     vertex  1.618675e+02 -8.523423e+01  1.510000e+00
     vertex  1.617122e+02 -8.535342e+01  1.510000e+00
   endloop
 endfacet
 facet normal  7.933533e-01 -6.087614e-01  0.000000e+00
   outer loop
     vertex  1.615930e+02 -8.550875e+01  0.000000e+00
     vertex  1.617122e+02 -8.535342e+01  0.000000e+00
     vertex  1.615930e+02 -8.550875e+01  1.510000e+00
   endloop
 endfacet
 facet normal  9.238795e-01 -3.826834e-01  2.982014e-19
   outer loop
     vertex  1.615181e+02 -8.568964e+01  0.000000e+00
     vertex  1.615930e+02 -8.550875e+01  0.000000e+00
     vertex  1.615930e+02 -8.550875e+01  1.510000e+00
   endloop
 endfacet
 facet normal  9.238795e-01 -3.826834e-01  0.000000e+00
   outer loop
     vertex  1.615181e+02 -8.568964e+01  0.000000e+00
     vertex  1.615930e+02 -8.550875e+01  1.510000e+00
     vertex  1.615181e+02 -8.568964e+01  1.510000e+00
   endloop
 endfacet
 facet normal  9.914449e-01 -1.305262e-01  8.317954e-19
   outer loop
     vertex  1.614925e+02 -8.588375e+01  0.000000e+00
     vertex  1.615181e+02 -8.568964e+01  0.000000e+00
     vertex  1.615181e+02 -8.568964e+01  1.510000e+00
   endloop
 endfacet
 facet normal  9.914449e-01 -1.305262e-01  0.000000e+00
   outer loop
     vertex  1.614925e+02 -8.588375e+01  0.000000e+00
     vertex  1.615181e+02 -8.568964e+01  1.510000e+00
     vertex  1.614925e+02 -8.588375e+01  1.510000e+00
   endloop
 endfacet
 facet normal  9.914449e-01  1.305262e-01 -0.000000e+00
   outer loop
     vertex  1.615181e+02 -8.607786e+01  0.000000e+00
     vertex  1.614925e+02 -8.588375e+01  1.510000e+00
     vertex  1.615181e+02 -8.607786e+01  1.510000e+00
   endloop
 endfacet
 facet normal  9.914449e-01  1.305262e-01 -8.317954e-19
   outer loop
     vertex  1.615181e+02 -8.607786e+01  0.000000e+00
     vertex  1.614925e+02 -8.588375e+01  0.000000e+00
     vertex  1.614925e+02 -8.588375e+01  1.510000e+00
   endloop
 endfacet
 facet normal  9.238795e-01  3.826834e-01 -0.000000e+00
   outer loop
     vertex  1.615930e+02 -8.625875e+01  0.000000e+00
     vertex  1.615181e+02 -8.607786e+01  1.510000e+00
     vertex  1.615930e+02 -8.625875e+01  1.510000e+00
   endloop
 endfacet
 facet normal  9.238795e-01  3.826834e-01 -2.982014e-19
   outer loop
     vertex  1.615930e+02 -8.625875e+01  0.000000e+00
     vertex  1.615181e+02 -8.607786e+01  0.000000e+00
     vertex  1.615181e+02 -8.607786e+01  1.510000e+00
   endloop
 endfacet
 facet normal  7.933533e-01  6.087614e-01 -2.607861e-18
   outer loop
     vertex  1.617122e+02 -8.641408e+01  0.000000e+00
     vertex  1.615930e+02 -8.625875e+01  0.000000e+00
     vertex  1.615930e+02 -8.625875e+01  1.510000e+00
   endloop
 endfacet
 facet normal  6.087614e-01  7.933533e-01 -0.000000e+00
   outer loop
     vertex  1.617122e+02 -8.641408e+01  0.000000e+00
     vertex  1.617122e+02 -8.641408e+01  1.510000e+00
     vertex  1.618675e+02 -8.653327e+01  1.510000e+00
   endloop
 endfacet
 facet normal  7.933533e-01  6.087614e-01 -0.000000e+00
   outer loop
     vertex  1.617122e+02 -8.641408e+01  0.000000e+00
     vertex  1.615930e+02 -8.625875e+01  1.510000e+00
     vertex  1.617122e+02 -8.641408e+01  1.510000e+00
   endloop
 endfacet
 facet normal  6.087614e-01  7.933533e-01 -0.000000e+00
   outer loop
     vertex  1.618675e+02 -8.653327e+01  0.000000e+00
     vertex  1.617122e+02 -8.641408e+01  0.000000e+00
     vertex  1.618675e+02 -8.653327e+01  1.510000e+00
   endloop
 endfacet
 facet normal  1.305262e-01  9.914449e-01 -0.000000e+00
   outer loop
     vertex  1.620484e+02 -8.660819e+01  0.000000e+00
     vertex  1.620484e+02 -8.660819e+01  1.510000e+00
     vertex  1.622425e+02 -8.663375e+01  1.510000e+00
   endloop
 endfacet
 facet normal  3.826834e-01  9.238795e-01 -0.000000e+00
   outer loop
     vertex  1.620484e+02 -8.660819e+01  0.000000e+00
     vertex  1.618675e+02 -8.653327e+01  1.510000e+00
     vertex  1.620484e+02 -8.660819e+01  1.510000e+00
   endloop
 endfacet
 facet normal  3.826834e-01  9.238795e-01 -2.761264e-18
   outer loop
     vertex  1.620484e+02 -8.660819e+01  0.000000e+00
     vertex  1.618675e+02 -8.653327e+01  0.000000e+00
     vertex  1.618675e+02 -8.653327e+01  1.510000e+00
   endloop
 endfacet
 facet normal  1.305262e-01  9.914449e-01 -0.000000e+00
   outer loop
     vertex  1.622425e+02 -8.663375e+01  0.000000e+00
     vertex  1.620484e+02 -8.660819e+01  0.000000e+00
     vertex  1.622425e+02 -8.663375e+01  1.510000e+00
   endloop
 endfacet
 facet normal -1.305262e-01  9.914449e-01 -1.897608e-19
   outer loop
     vertex  1.710888e+02 -8.567810e+01  0.000000e+00
     vertex  1.709737e+02 -8.569325e+01  0.000000e+00
     vertex  1.709737e+02 -8.569325e+01  1.510000e+00
   endloop
 endfacet
 facet normal -1.305262e-01  9.914449e-01  0.000000e+00
   outer loop
     vertex  1.710888e+02 -8.567810e+01  0.000000e+00
     vertex  1.709737e+02 -8.569325e+01  1.510000e+00
     vertex  1.710888e+02 -8.567810e+01  1.510000e+00
   endloop
 endfacet
 facet normal -3.826834e-01  9.238795e-01  0.000000e+00
   outer loop
     vertex  1.711960e+02 -8.563370e+01  0.000000e+00
     vertex  1.710888e+02 -8.567810e+01  1.510000e+00
     vertex  1.711960e+02 -8.563370e+01  1.510000e+00
   endloop
 endfacet
 facet normal -3.826834e-01  9.238795e-01 -2.796119e-19
   outer loop
     vertex  1.711960e+02 -8.563370e+01  0.000000e+00
     vertex  1.710888e+02 -8.567810e+01  0.000000e+00
     vertex  1.710888e+02 -8.567810e+01  1.510000e+00
   endloop
 endfacet
 facet normal -6.087614e-01  7.933533e-01  0.000000e+00
   outer loop
     vertex  1.712881e+02 -8.556306e+01  0.000000e+00
     vertex  1.711960e+02 -8.563370e+01  1.510000e+00
     vertex  1.712881e+02 -8.556306e+01  1.510000e+00
   endloop
 endfacet
 facet normal -6.087614e-01  7.933533e-01  2.003994e-18
   outer loop
     vertex  1.712881e+02 -8.556306e+01  0.000000e+00
     vertex  1.711960e+02 -8.563370e+01  0.000000e+00
     vertex  1.711960e+02 -8.563370e+01  1.510000e+00
   endloop
 endfacet
 facet normal -7.933533e-01  6.087614e-01  0.000000e+00
   outer loop
     vertex  1.713587e+02 -8.547100e+01  0.000000e+00
     vertex  1.712881e+02 -8.556306e+01  1.510000e+00
     vertex  1.713587e+02 -8.547100e+01  1.510000e+00
   endloop
 endfacet
 facet normal -7.933533e-01  6.087614e-01 -1.490509e-18
   outer loop
     vertex  1.713587e+02 -8.547100e+01  0.000000e+00
     vertex  1.712881e+02 -8.556306e+01  0.000000e+00
     vertex  1.712881e+02 -8.556306e+01  1.510000e+00
   endloop
 endfacet
 facet normal -9.238795e-01  3.826834e-01  0.000000e+00
   outer loop
     vertex  1.714031e+02 -8.536380e+01  0.000000e+00
     vertex  1.713587e+02 -8.547100e+01  1.510000e+00
     vertex  1.714031e+02 -8.536380e+01  1.510000e+00
   endloop
 endfacet
 facet normal -9.238795e-01  3.826834e-01 -2.432461e-18
   outer loop
     vertex  1.714031e+02 -8.536380e+01  0.000000e+00
     vertex  1.713587e+02 -8.547100e+01  0.000000e+00
     vertex  1.713587e+02 -8.547100e+01  1.510000e+00
   endloop
 endfacet
 facet normal -9.914449e-01  1.305262e-01  0.000000e+00
   outer loop
     vertex  1.714183e+02 -8.524875e+01  0.000000e+00
     vertex  1.714031e+02 -8.536380e+01  1.510000e+00
     vertex  1.714183e+02 -8.524875e+01  1.510000e+00
   endloop
 endfacet
 facet normal -9.914449e-01  1.305262e-01  5.740299e-20
   outer loop
     vertex  1.714183e+02 -8.524875e+01  0.000000e+00
     vertex  1.714031e+02 -8.536380e+01  0.000000e+00
     vertex  1.714031e+02 -8.536380e+01  1.510000e+00
   endloop
 endfacet
 facet normal -9.914449e-01 -1.305262e-01  0.000000e+00
   outer loop
     vertex  1.714031e+02 -8.513370e+01  0.000000e+00
     vertex  1.714183e+02 -8.524875e+01  1.510000e+00
     vertex  1.714031e+02 -8.513370e+01  1.510000e+00
   endloop
 endfacet
 facet normal -9.914449e-01 -1.305262e-01 -5.740299e-20
   outer loop
     vertex  1.714031e+02 -8.513370e+01  0.000000e+00
     vertex  1.714183e+02 -8.524875e+01  0.000000e+00
     vertex  1.714183e+02 -8.524875e+01  1.510000e+00
   endloop
 endfacet
 facet normal -9.238795e-01 -3.826834e-01  0.000000e+00
   outer loop
     vertex  1.713587e+02 -8.502650e+01  0.000000e+00
     vertex  1.714031e+02 -8.513370e+01  1.510000e+00
     vertex  1.713587e+02 -8.502650e+01  1.510000e+00
   endloop
 endfacet
 facet normal -9.238795e-01 -3.826834e-01  2.432461e-18
   outer loop
     vertex  1.713587e+02 -8.502650e+01  0.000000e+00
     vertex  1.714031e+02 -8.513370e+01  0.000000e+00
     vertex  1.714031e+02 -8.513370e+01  1.510000e+00
   endloop
 endfacet
 facet normal -7.933533e-01 -6.087614e-01  0.000000e+00
   outer loop
     vertex  1.712881e+02 -8.493444e+01  0.000000e+00
     vertex  1.713587e+02 -8.502650e+01  1.510000e+00
     vertex  1.712881e+02 -8.493444e+01  1.510000e+00
   endloop
 endfacet
 facet normal -7.933533e-01 -6.087614e-01  1.490509e-18
   outer loop
     vertex  1.712881e+02 -8.493444e+01  0.000000e+00
     vertex  1.713587e+02 -8.502650e+01  0.000000e+00
     vertex  1.713587e+02 -8.502650e+01  1.510000e+00
   endloop
 endfacet
 facet normal -6.087614e-01 -7.933533e-01  0.000000e+00
   outer loop
     vertex  1.711960e+02 -8.486380e+01  0.000000e+00
     vertex  1.712881e+02 -8.493444e+01  1.510000e+00
     vertex  1.711960e+02 -8.486380e+01  1.510000e+00
   endloop
 endfacet
 facet normal -6.087614e-01 -7.933533e-01 -2.003994e-18
   outer loop
     vertex  1.711960e+02 -8.486380e+01  0.000000e+00
     vertex  1.712881e+02 -8.493444e+01  0.000000e+00
     vertex  1.712881e+02 -8.493444e+01  1.510000e+00
   endloop
 endfacet
 facet normal -1.305262e-01 -9.914449e-01  0.000000e+00
   outer loop
     vertex  1.710888e+02 -8.481940e+01  0.000000e+00
     vertex  1.710888e+02 -8.481940e+01  1.510000e+00
     vertex  1.709737e+02 -8.480425e+01  1.510000e+00
   endloop
 endfacet
 facet normal -3.826834e-01 -9.238795e-01  0.000000e+00
   outer loop
     vertex  1.710888e+02 -8.481940e+01  0.000000e+00
     vertex  1.711960e+02 -8.486380e+01  1.510000e+00
     vertex  1.710888e+02 -8.481940e+01  1.510000e+00
   endloop
 endfacet
 facet normal -3.826834e-01 -9.238795e-01  2.796119e-19
   outer loop
     vertex  1.710888e+02 -8.481940e+01  0.000000e+00
     vertex  1.711960e+02 -8.486380e+01  0.000000e+00
     vertex  1.711960e+02 -8.486380e+01  1.510000e+00
   endloop
 endfacet
 facet normal -1.305262e-01 -9.914449e-01  0.000000e+00
   outer loop
     vertex  1.709737e+02 -8.480425e+01  0.000000e+00
     vertex  1.710888e+02 -8.481940e+01  0.000000e+00
     vertex  1.709737e+02 -8.480425e+01  1.510000e+00
   endloop
 endfacet
 facet normal  1.305262e-01 -9.914449e-01 -1.897608e-19
   outer loop
     vertex  1.708587e+02 -8.481940e+01  0.000000e+00
     vertex  1.709737e+02 -8.480425e+01  0.000000e+00
     vertex  1.709737e+02 -8.480425e+01  1.510000e+00
   endloop
 endfacet
 facet normal  1.305262e-01 -9.914449e-01  0.000000e+00
   outer loop
     vertex  1.708587e+02 -8.481940e+01  0.000000e+00
     vertex  1.709737e+02 -8.480425e+01  1.510000e+00
     vertex  1.708587e+02 -8.481940e+01  1.510000e+00
   endloop
 endfacet
 facet normal  3.826834e-01 -9.238795e-01 -2.796119e-19
   outer loop
     vertex  1.707515e+02 -8.486380e+01  0.000000e+00
     vertex  1.708587e+02 -8.481940e+01  0.000000e+00
     vertex  1.708587e+02 -8.481940e+01  1.510000e+00
   endloop
 endfacet
 facet normal  3.826834e-01 -9.238795e-01  0.000000e+00
   outer loop
     vertex  1.707515e+02 -8.486380e+01  0.000000e+00
     vertex  1.708587e+02 -8.481940e+01  1.510000e+00
     vertex  1.707515e+02 -8.486380e+01  1.510000e+00
   endloop
 endfacet
 facet normal  6.087614e-01 -7.933533e-01  2.003994e-18
   outer loop
     vertex  1.706594e+02 -8.493444e+01  0.000000e+00
     vertex  1.707515e+02 -8.486380e+01  0.000000e+00
     vertex  1.707515e+02 -8.486380e+01  1.510000e+00
   endloop
 endfacet
 facet normal  7.933533e-01 -6.087614e-01  0.000000e+00
   outer loop
     vertex  1.706594e+02 -8.493444e+01  0.000000e+00
     vertex  1.706594e+02 -8.493444e+01  1.510000e+00
     vertex  1.705888e+02 -8.502650e+01  1.510000e+00
   endloop
 endfacet
 facet normal  6.087614e-01 -7.933533e-01  0.000000e+00
   outer loop
     vertex  1.706594e+02 -8.493444e+01  0.000000e+00
     vertex  1.707515e+02 -8.486380e+01  1.510000e+00
     vertex  1.706594e+02 -8.493444e+01  1.510000e+00
   endloop
 endfacet
 facet normal  7.933533e-01 -6.087614e-01  0.000000e+00
   outer loop
     vertex  1.705888e+02 -8.502650e+01  0.000000e+00
     vertex  1.706594e+02 -8.493444e+01  0.000000e+00
     vertex  1.705888e+02 -8.502650e+01  1.510000e+00
   endloop
 endfacet
 facet normal  9.238795e-01 -3.826834e-01 -2.432461e-18
   outer loop
     vertex  1.705444e+02 -8.513370e+01  0.000000e+00
     vertex  1.705888e+02 -8.502650e+01  0.000000e+00
     vertex  1.705888e+02 -8.502650e+01  1.510000e+00
   endloop
 endfacet
 facet normal  9.238795e-01 -3.826834e-01  0.000000e+00
   outer loop
     vertex  1.705444e+02 -8.513370e+01  0.000000e+00
     vertex  1.705888e+02 -8.502650e+01  1.510000e+00
     vertex  1.705444e+02 -8.513370e+01  1.510000e+00
   endloop
 endfacet
 facet normal  9.914449e-01 -1.305262e-01  5.740299e-20
   outer loop
     vertex  1.705292e+02 -8.524875e+01  0.000000e+00
     vertex  1.705444e+02 -8.513370e+01  0.000000e+00
     vertex  1.705444e+02 -8.513370e+01  1.510000e+00
   endloop
 endfacet
 facet normal  9.914449e-01 -1.305262e-01  0.000000e+00
   outer loop
     vertex  1.705292e+02 -8.524875e+01  0.000000e+00
     vertex  1.705444e+02 -8.513370e+01  1.510000e+00
     vertex  1.705292e+02 -8.524875e+01  1.510000e+00
   endloop
 endfacet
 facet normal  9.914449e-01  1.305262e-01 -0.000000e+00
   outer loop
     vertex  1.705444e+02 -8.536380e+01  0.000000e+00
     vertex  1.705292e+02 -8.524875e+01  1.510000e+00
     vertex  1.705444e+02 -8.536380e+01  1.510000e+00
   endloop
 endfacet
 facet normal  9.914449e-01  1.305262e-01 -5.740299e-20
   outer loop
     vertex  1.705444e+02 -8.536380e+01  0.000000e+00
     vertex  1.705292e+02 -8.524875e+01  0.000000e+00
     vertex  1.705292e+02 -8.524875e+01  1.510000e+00
   endloop
 endfacet
 facet normal  9.238795e-01  3.826834e-01 -0.000000e+00
   outer loop
     vertex  1.705888e+02 -8.547100e+01  0.000000e+00
     vertex  1.705444e+02 -8.536380e+01  1.510000e+00
     vertex  1.705888e+02 -8.547100e+01  1.510000e+00
   endloop
 endfacet
 facet normal  9.238795e-01  3.826834e-01  2.432461e-18
   outer loop
     vertex  1.705888e+02 -8.547100e+01  0.000000e+00
     vertex  1.705444e+02 -8.536380e+01  0.000000e+00
     vertex  1.705444e+02 -8.536380e+01  1.510000e+00
   endloop
 endfacet
 facet normal  7.933533e-01  6.087614e-01  1.490509e-18
   outer loop
     vertex  1.706594e+02 -8.556306e+01  0.000000e+00
     vertex  1.705888e+02 -8.547100e+01  0.000000e+00
     vertex  1.705888e+02 -8.547100e+01  1.510000e+00
   endloop
 endfacet
 facet normal  6.087614e-01  7.933533e-01 -0.000000e+00
   outer loop
     vertex  1.706594e+02 -8.556306e+01  0.000000e+00
     vertex  1.706594e+02 -8.556306e+01  1.510000e+00
     vertex  1.707515e+02 -8.563370e+01  1.510000e+00
   endloop
 endfacet
 facet normal  7.933533e-01  6.087614e-01 -0.000000e+00
   outer loop
     vertex  1.706594e+02 -8.556306e+01  0.000000e+00
     vertex  1.705888e+02 -8.547100e+01  1.510000e+00
     vertex  1.706594e+02 -8.556306e+01  1.510000e+00
   endloop
 endfacet
 facet normal  6.087614e-01  7.933533e-01 -0.000000e+00
   outer loop
     vertex  1.707515e+02 -8.563370e+01  0.000000e+00
     vertex  1.706594e+02 -8.556306e+01  0.000000e+00
     vertex  1.707515e+02 -8.563370e+01  1.510000e+00
   endloop
 endfacet
 facet normal  1.305262e-01  9.914449e-01 -0.000000e+00
   outer loop
     vertex  1.708587e+02 -8.567810e+01  0.000000e+00
     vertex  1.708587e+02 -8.567810e+01  1.510000e+00
     vertex  1.709737e+02 -8.569325e+01  1.510000e+00
   endloop
 endfacet
 facet normal  3.826834e-01  9.238795e-01 -0.000000e+00
   outer loop
     vertex  1.708587e+02 -8.567810e+01  0.000000e+00
     vertex  1.707515e+02 -8.563370e+01  1.510000e+00
     vertex  1.708587e+02 -8.567810e+01  1.510000e+00
   endloop
 endfacet
 facet normal  3.826834e-01  9.238795e-01  2.796119e-19
   outer loop
     vertex  1.708587e+02 -8.567810e+01  0.000000e+00
     vertex  1.707515e+02 -8.563370e+01  0.000000e+00
     vertex  1.707515e+02 -8.563370e+01  1.510000e+00
   endloop
 endfacet
 facet normal  1.305262e-01  9.914449e-01 -0.000000e+00
   outer loop
     vertex  1.709737e+02 -8.569325e+01  0.000000e+00
     vertex  1.708587e+02 -8.567810e+01  0.000000e+00
     vertex  1.709737e+02 -8.569325e+01  1.510000e+00
   endloop
 endfacet
 facet normal -1.305262e-01  9.914449e-01 -1.897608e-19
   outer loop
     vertex  1.736288e+02 -8.567810e+01  0.000000e+00
     vertex  1.735137e+02 -8.569325e+01  0.000000e+00
     vertex  1.735137e+02 -8.569325e+01  1.510000e+00
   endloop
 endfacet
 facet normal -1.305262e-01  9.914449e-01  0.000000e+00
   outer loop
     vertex  1.736288e+02 -8.567810e+01  0.000000e+00
     vertex  1.735137e+02 -8.569325e+01  1.510000e+00
     vertex  1.736288e+02 -8.567810e+01  1.510000e+00
   endloop
 endfacet
 facet normal -3.826834e-01  9.238795e-01  0.000000e+00
   outer loop
     vertex  1.737360e+02 -8.563370e+01  0.000000e+00
     vertex  1.736288e+02 -8.567810e+01  1.510000e+00
     vertex  1.737360e+02 -8.563370e+01  1.510000e+00
   endloop
 endfacet
 facet normal -3.826834e-01  9.238795e-01  2.464558e-18
   outer loop
     vertex  1.737360e+02 -8.563370e+01  0.000000e+00
     vertex  1.736288e+02 -8.567810e+01  0.000000e+00
     vertex  1.736288e+02 -8.567810e+01  1.510000e+00
   endloop
 endfacet
 facet normal -6.087614e-01  7.933533e-01  0.000000e+00
   outer loop
     vertex  1.738281e+02 -8.556306e+01  0.000000e+00
     vertex  1.737360e+02 -8.563370e+01  1.510000e+00
     vertex  1.738281e+02 -8.556306e+01  1.510000e+00
   endloop
 endfacet
 facet normal -6.087614e-01  7.933533e-01  2.003994e-18
   outer loop
     vertex  1.738281e+02 -8.556306e+01  0.000000e+00
     vertex  1.737360e+02 -8.563370e+01  0.000000e+00
     vertex  1.737360e+02 -8.563370e+01  1.510000e+00
   endloop
 endfacet
 facet normal -7.933533e-01  6.087614e-01  0.000000e+00
   outer loop
     vertex  1.738987e+02 -8.547100e+01  0.000000e+00
     vertex  1.738281e+02 -8.556306e+01  1.510000e+00
     vertex  1.738987e+02 -8.547100e+01  1.510000e+00
   endloop
 endfacet
 facet normal -7.933533e-01  6.087614e-01  1.703637e-18
   outer loop
     vertex  1.738987e+02 -8.547100e+01  0.000000e+00
     vertex  1.738281e+02 -8.556306e+01  0.000000e+00
     vertex  1.738281e+02 -8.556306e+01  1.510000e+00
   endloop
 endfacet
 facet normal -9.238795e-01  3.826834e-01  0.000000e+00
   outer loop
     vertex  1.739431e+02 -8.536380e+01  0.000000e+00
     vertex  1.738987e+02 -8.547100e+01  1.510000e+00
     vertex  1.739431e+02 -8.536380e+01  1.510000e+00
   endloop
 endfacet
 facet normal -9.238795e-01  3.826834e-01 -2.432461e-18
   outer loop
     vertex  1.739431e+02 -8.536380e+01  0.000000e+00
     vertex  1.738987e+02 -8.547100e+01  0.000000e+00
     vertex  1.738987e+02 -8.547100e+01  1.510000e+00
   endloop
 endfacet
 facet normal -9.914449e-01  1.305262e-01  0.000000e+00
   outer loop
     vertex  1.739582e+02 -8.524875e+01  0.000000e+00
     vertex  1.739431e+02 -8.536380e+01  1.510000e+00
     vertex  1.739582e+02 -8.524875e+01  1.510000e+00
   endloop
 endfacet
 facet normal -9.914449e-01  1.305262e-01  5.446228e-19
   outer loop
     vertex  1.739582e+02 -8.524875e+01  0.000000e+00
     vertex  1.739431e+02 -8.536380e+01  0.000000e+00
     vertex  1.739431e+02 -8.536380e+01  1.510000e+00
   endloop
 endfacet
 facet normal -9.914449e-01 -1.305262e-01  0.000000e+00
   outer loop
     vertex  1.739431e+02 -8.513370e+01  0.000000e+00
     vertex  1.739582e+02 -8.524875e+01  1.510000e+00
     vertex  1.739431e+02 -8.513370e+01  1.510000e+00
   endloop
 endfacet
 facet normal -9.914449e-01 -1.305262e-01  1.738110e-19
   outer loop
     vertex  1.739431e+02 -8.513370e+01  0.000000e+00
     vertex  1.739582e+02 -8.524875e+01  0.000000e+00
     vertex  1.739582e+02 -8.524875e+01  1.510000e+00
   endloop
 endfacet
 facet normal -9.238795e-01 -3.826834e-01  0.000000e+00
   outer loop
     vertex  1.738987e+02 -8.502650e+01  0.000000e+00
     vertex  1.739431e+02 -8.513370e+01  1.510000e+00
     vertex  1.738987e+02 -8.502650e+01  1.510000e+00
   endloop
 endfacet
 facet normal -9.238795e-01 -3.826834e-01  2.432461e-18
   outer loop
     vertex  1.738987e+02 -8.502650e+01  0.000000e+00
     vertex  1.739431e+02 -8.513370e+01  0.000000e+00
     vertex  1.739431e+02 -8.513370e+01  1.510000e+00
   endloop
 endfacet
 facet normal -7.933533e-01 -6.087614e-01  0.000000e+00
   outer loop
     vertex  1.738281e+02 -8.493444e+01  0.000000e+00
     vertex  1.738987e+02 -8.502650e+01  1.510000e+00
     vertex  1.738281e+02 -8.493444e+01  1.510000e+00
   endloop
 endfacet
 facet normal -7.933533e-01 -6.087614e-01 -1.703637e-18
   outer loop
     vertex  1.738281e+02 -8.493444e+01  0.000000e+00
     vertex  1.738987e+02 -8.502650e+01  0.000000e+00
     vertex  1.738987e+02 -8.502650e+01  1.510000e+00
   endloop
 endfacet
 facet normal -6.087614e-01 -7.933533e-01  0.000000e+00
   outer loop
     vertex  1.737360e+02 -8.486380e+01  0.000000e+00
     vertex  1.738281e+02 -8.493444e+01  1.510000e+00
     vertex  1.737360e+02 -8.486380e+01  1.510000e+00
   endloop
 endfacet
 facet normal -6.087614e-01 -7.933533e-01  5.243056e-20
   outer loop
     vertex  1.737360e+02 -8.486380e+01  0.000000e+00
     vertex  1.738281e+02 -8.493444e+01  0.000000e+00
     vertex  1.738281e+02 -8.493444e+01  1.510000e+00
   endloop
 endfacet
 facet normal -1.305262e-01 -9.914449e-01  0.000000e+00
   outer loop
     vertex  1.736288e+02 -8.481940e+01  0.000000e+00
     vertex  1.736288e+02 -8.481940e+01  1.510000e+00
     vertex  1.735138e+02 -8.480425e+01  1.510000e+00
   endloop
 endfacet
 facet normal -3.826834e-01 -9.238795e-01  0.000000e+00
   outer loop
     vertex  1.736288e+02 -8.481940e+01  0.000000e+00
     vertex  1.737360e+02 -8.486380e+01  1.510000e+00
     vertex  1.736288e+02 -8.481940e+01  1.510000e+00
   endloop
 endfacet
 facet normal -3.826834e-01 -9.238795e-01  2.796119e-19
   outer loop
     vertex  1.736288e+02 -8.481940e+01  0.000000e+00
     vertex  1.737360e+02 -8.486380e+01  0.000000e+00
     vertex  1.737360e+02 -8.486380e+01  1.510000e+00
   endloop
 endfacet
 facet normal -1.305262e-01 -9.914449e-01  0.000000e+00
   outer loop
     vertex  1.735138e+02 -8.480425e+01  0.000000e+00
     vertex  1.736288e+02 -8.481940e+01  0.000000e+00
     vertex  1.735138e+02 -8.480425e+01  1.510000e+00
   endloop
 endfacet
 facet normal  1.305262e-01 -9.914449e-01 -1.897608e-19
   outer loop
     vertex  1.733987e+02 -8.481940e+01  0.000000e+00
     vertex  1.735138e+02 -8.480425e+01  0.000000e+00
     vertex  1.735138e+02 -8.480425e+01  1.510000e+00
   endloop
 endfacet
 facet normal  1.305262e-01 -9.914449e-01  0.000000e+00
   outer loop
     vertex  1.733987e+02 -8.481940e+01  0.000000e+00
     vertex  1.735138e+02 -8.480425e+01  1.510000e+00
     vertex  1.733987e+02 -8.481940e+01  1.510000e+00
   endloop
 endfacet
 facet normal  3.826834e-01 -9.238795e-01  2.464558e-18
   outer loop
     vertex  1.732915e+02 -8.486380e+01  0.000000e+00
     vertex  1.733987e+02 -8.481940e+01  0.000000e+00
     vertex  1.733987e+02 -8.481940e+01  1.510000e+00
   endloop
 endfacet
 facet normal  3.826834e-01 -9.238795e-01  0.000000e+00
   outer loop
     vertex  1.732915e+02 -8.486380e+01  0.000000e+00
     vertex  1.733987e+02 -8.481940e+01  1.510000e+00
     vertex  1.732915e+02 -8.486380e+01  1.510000e+00
   endloop
 endfacet
 facet normal  6.087614e-01 -7.933533e-01  2.003994e-18
   outer loop
     vertex  1.731994e+02 -8.493444e+01  0.000000e+00
     vertex  1.732915e+02 -8.486380e+01  0.000000e+00
     vertex  1.732915e+02 -8.486380e+01  1.510000e+00
   endloop
 endfacet
 facet normal  7.933533e-01 -6.087614e-01  0.000000e+00
   outer loop
     vertex  1.731994e+02 -8.493444e+01  0.000000e+00
     vertex  1.731994e+02 -8.493444e+01  1.510000e+00
     vertex  1.731288e+02 -8.502650e+01  1.510000e+00
   endloop
 endfacet
 facet normal  6.087614e-01 -7.933533e-01  0.000000e+00
   outer loop
     vertex  1.731994e+02 -8.493444e+01  0.000000e+00
     vertex  1.732915e+02 -8.486380e+01  1.510000e+00
     vertex  1.731994e+02 -8.493444e+01  1.510000e+00
   endloop
 endfacet
 facet normal  7.933533e-01 -6.087614e-01  0.000000e+00
   outer loop
     vertex  1.731288e+02 -8.502650e+01  0.000000e+00
     vertex  1.731994e+02 -8.493444e+01  0.000000e+00
     vertex  1.731288e+02 -8.502650e+01  1.510000e+00
   endloop
 endfacet
 facet normal  9.238795e-01 -3.826834e-01 -2.432461e-18
   outer loop
     vertex  1.730844e+02 -8.513370e+01  0.000000e+00
     vertex  1.731288e+02 -8.502650e+01  0.000000e+00
     vertex  1.731288e+02 -8.502650e+01  1.510000e+00
   endloop
 endfacet
 facet normal  9.238795e-01 -3.826834e-01  0.000000e+00
   outer loop
     vertex  1.730844e+02 -8.513370e+01  0.000000e+00
     vertex  1.731288e+02 -8.502650e+01  1.510000e+00
     vertex  1.730844e+02 -8.513370e+01  1.510000e+00
   endloop
 endfacet
 facet normal  9.914449e-01 -1.305262e-01  5.446228e-19
   outer loop
     vertex  1.730693e+02 -8.524875e+01  0.000000e+00
     vertex  1.730844e+02 -8.513370e+01  0.000000e+00
     vertex  1.730844e+02 -8.513370e+01  1.510000e+00
   endloop
 endfacet
 facet normal  9.914449e-01 -1.305262e-01  0.000000e+00
   outer loop
     vertex  1.730693e+02 -8.524875e+01  0.000000e+00
     vertex  1.730844e+02 -8.513370e+01  1.510000e+00
     vertex  1.730693e+02 -8.524875e+01  1.510000e+00
   endloop
 endfacet
 facet normal  9.914449e-01  1.305262e-01 -0.000000e+00
   outer loop
     vertex  1.730844e+02 -8.536380e+01  0.000000e+00
     vertex  1.730693e+02 -8.524875e+01  1.510000e+00
     vertex  1.730844e+02 -8.536380e+01  1.510000e+00
   endloop
 endfacet
 facet normal  9.914449e-01  1.305262e-01  1.738110e-19
   outer loop
     vertex  1.730844e+02 -8.536380e+01  0.000000e+00
     vertex  1.730693e+02 -8.524875e+01  0.000000e+00
     vertex  1.730693e+02 -8.524875e+01  1.510000e+00
   endloop
 endfacet
 facet normal  9.238795e-01  3.826834e-01 -0.000000e+00
   outer loop
     vertex  1.731288e+02 -8.547100e+01  0.000000e+00
     vertex  1.730844e+02 -8.536380e+01  1.510000e+00
     vertex  1.731288e+02 -8.547100e+01  1.510000e+00
   endloop
 endfacet
 facet normal  9.238795e-01  3.826834e-01  2.432461e-18
   outer loop
     vertex  1.731288e+02 -8.547100e+01  0.000000e+00
     vertex  1.730844e+02 -8.536380e+01  0.000000e+00
     vertex  1.730844e+02 -8.536380e+01  1.510000e+00
   endloop
 endfacet
 facet normal  7.933533e-01  6.087614e-01 -1.703637e-18
   outer loop
     vertex  1.731994e+02 -8.556306e+01  0.000000e+00
     vertex  1.731288e+02 -8.547100e+01  0.000000e+00
     vertex  1.731288e+02 -8.547100e+01  1.510000e+00
   endloop
 endfacet
 facet normal  6.087614e-01  7.933533e-01 -0.000000e+00
   outer loop
     vertex  1.731994e+02 -8.556306e+01  0.000000e+00
     vertex  1.731994e+02 -8.556306e+01  1.510000e+00
     vertex  1.732915e+02 -8.563370e+01  1.510000e+00
   endloop
 endfacet
 facet normal  7.933533e-01  6.087614e-01 -0.000000e+00
   outer loop
     vertex  1.731994e+02 -8.556306e+01  0.000000e+00
     vertex  1.731288e+02 -8.547100e+01  1.510000e+00
     vertex  1.731994e+02 -8.556306e+01  1.510000e+00
   endloop
 endfacet
 facet normal  6.087614e-01  7.933533e-01 -0.000000e+00
   outer loop
     vertex  1.732915e+02 -8.563370e+01  0.000000e+00
     vertex  1.731994e+02 -8.556306e+01  0.000000e+00
     vertex  1.732915e+02 -8.563370e+01  1.510000e+00
   endloop
 endfacet
 facet normal  1.305262e-01  9.914449e-01 -0.000000e+00
   outer loop
     vertex  1.733987e+02 -8.567810e+01  0.000000e+00
     vertex  1.733987e+02 -8.567810e+01  1.510000e+00
     vertex  1.735137e+02 -8.569325e+01  1.510000e+00
   endloop
 endfacet
 facet normal  3.826834e-01  9.238795e-01 -0.000000e+00
   outer loop
     vertex  1.733987e+02 -8.567810e+01  0.000000e+00
     vertex  1.732915e+02 -8.563370e+01  1.510000e+00
     vertex  1.733987e+02 -8.567810e+01  1.510000e+00
   endloop
 endfacet
 facet normal  3.826834e-01  9.238795e-01  2.796119e-19
   outer loop
     vertex  1.733987e+02 -8.567810e+01  0.000000e+00
     vertex  1.732915e+02 -8.563370e+01  0.000000e+00
     vertex  1.732915e+02 -8.563370e+01  1.510000e+00
   endloop
 endfacet
 facet normal  1.305262e-01  9.914449e-01 -0.000000e+00
   outer loop
     vertex  1.735137e+02 -8.569325e+01  0.000000e+00
     vertex  1.733987e+02 -8.567810e+01  0.000000e+00
     vertex  1.735137e+02 -8.569325e+01  1.510000e+00
   endloop
 endfacet
 facet normal -1.305262e-01  9.914449e-01 -1.897608e-19
   outer loop
     vertex  1.761688e+02 -8.567810e+01  0.000000e+00
     vertex  1.760538e+02 -8.569325e+01  0.000000e+00
     vertex  1.760538e+02 -8.569325e+01  1.510000e+00
   endloop
 endfacet
 facet normal -1.305262e-01  9.914449e-01  0.000000e+00
   outer loop
     vertex  1.761688e+02 -8.567810e+01  0.000000e+00
     vertex  1.760538e+02 -8.569325e+01  1.510000e+00
     vertex  1.761688e+02 -8.567810e+01  1.510000e+00
   endloop
 endfacet
 facet normal -3.826834e-01  9.238795e-01  0.000000e+00
   outer loop
     vertex  1.762760e+02 -8.563370e+01  0.000000e+00
     vertex  1.761688e+02 -8.567810e+01  1.510000e+00
     vertex  1.762760e+02 -8.563370e+01  1.510000e+00
   endloop
 endfacet
 facet normal -3.826834e-01  9.238795e-01 -2.796119e-19
   outer loop
     vertex  1.762760e+02 -8.563370e+01  0.000000e+00
     vertex  1.761688e+02 -8.567810e+01  0.000000e+00
     vertex  1.761688e+02 -8.567810e+01  1.510000e+00
   endloop
 endfacet
 facet normal -6.087614e-01  7.933533e-01  0.000000e+00
   outer loop
     vertex  1.763681e+02 -8.556306e+01  0.000000e+00
     vertex  1.762760e+02 -8.563370e+01  1.510000e+00
     vertex  1.763681e+02 -8.556306e+01  1.510000e+00
   endloop
 endfacet
 facet normal -6.087614e-01  7.933533e-01  2.003994e-18
   outer loop
     vertex  1.763681e+02 -8.556306e+01  0.000000e+00
     vertex  1.762760e+02 -8.563370e+01  0.000000e+00
     vertex  1.762760e+02 -8.563370e+01  1.510000e+00
   endloop
 endfacet
 facet normal -7.933533e-01  6.087614e-01  0.000000e+00
   outer loop
     vertex  1.764387e+02 -8.547100e+01  0.000000e+00
     vertex  1.763681e+02 -8.556306e+01  1.510000e+00
     vertex  1.764387e+02 -8.547100e+01  1.510000e+00
   endloop
 endfacet
 facet normal -7.933533e-01  6.087614e-01 -1.490509e-18
   outer loop
     vertex  1.764387e+02 -8.547100e+01  0.000000e+00
     vertex  1.763681e+02 -8.556306e+01  0.000000e+00
     vertex  1.763681e+02 -8.556306e+01  1.510000e+00
   endloop
 endfacet
 facet normal -9.238795e-01  3.826834e-01  0.000000e+00
   outer loop
     vertex  1.764831e+02 -8.536380e+01  0.000000e+00
     vertex  1.764387e+02 -8.547100e+01  1.510000e+00
     vertex  1.764831e+02 -8.536380e+01  1.510000e+00
   endloop
 endfacet
 facet normal -9.238795e-01  3.826834e-01 -2.432461e-18
   outer loop
     vertex  1.764831e+02 -8.536380e+01  0.000000e+00
     vertex  1.764387e+02 -8.547100e+01  0.000000e+00
     vertex  1.764387e+02 -8.547100e+01  1.510000e+00
   endloop
 endfacet
 facet normal -9.914449e-01  1.305262e-01  0.000000e+00
   outer loop
     vertex  1.764983e+02 -8.524875e+01  0.000000e+00
     vertex  1.764831e+02 -8.536380e+01  1.510000e+00
     vertex  1.764983e+02 -8.524875e+01  1.510000e+00
   endloop
 endfacet
 facet normal -9.914449e-01  1.305262e-01  5.740299e-20
   outer loop
     vertex  1.764983e+02 -8.524875e+01  0.000000e+00
     vertex  1.764831e+02 -8.536380e+01  0.000000e+00
     vertex  1.764831e+02 -8.536380e+01  1.510000e+00
   endloop
 endfacet
 facet normal -9.914449e-01 -1.305262e-01  0.000000e+00
   outer loop
     vertex  1.764831e+02 -8.513370e+01  0.000000e+00
     vertex  1.764983e+02 -8.524875e+01  1.510000e+00
     vertex  1.764831e+02 -8.513370e+01  1.510000e+00
   endloop
 endfacet
 facet normal -9.914449e-01 -1.305262e-01 -5.740299e-20
   outer loop
     vertex  1.764831e+02 -8.513370e+01  0.000000e+00
     vertex  1.764983e+02 -8.524875e+01  0.000000e+00
     vertex  1.764983e+02 -8.524875e+01  1.510000e+00
   endloop
 endfacet
 facet normal -9.238795e-01 -3.826834e-01  0.000000e+00
   outer loop
     vertex  1.764387e+02 -8.502650e+01  0.000000e+00
     vertex  1.764831e+02 -8.513370e+01  1.510000e+00
     vertex  1.764387e+02 -8.502650e+01  1.510000e+00
   endloop
 endfacet
 facet normal -9.238795e-01 -3.826834e-01  2.432461e-18
   outer loop
     vertex  1.764387e+02 -8.502650e+01  0.000000e+00
     vertex  1.764831e+02 -8.513370e+01  0.000000e+00
     vertex  1.764831e+02 -8.513370e+01  1.510000e+00
   endloop
 endfacet
 facet normal -7.933533e-01 -6.087614e-01  0.000000e+00
   outer loop
     vertex  1.763681e+02 -8.493444e+01  0.000000e+00
     vertex  1.764387e+02 -8.502650e+01  1.510000e+00
     vertex  1.763681e+02 -8.493444e+01  1.510000e+00
   endloop
 endfacet
 facet normal -7.933533e-01 -6.087614e-01  1.490509e-18
   outer loop
     vertex  1.763681e+02 -8.493444e+01  0.000000e+00
     vertex  1.764387e+02 -8.502650e+01  0.000000e+00
     vertex  1.764387e+02 -8.502650e+01  1.510000e+00
   endloop
 endfacet
 facet normal -6.087614e-01 -7.933533e-01  0.000000e+00
   outer loop
     vertex  1.762760e+02 -8.486380e+01  0.000000e+00
     vertex  1.763681e+02 -8.493444e+01  1.510000e+00
     vertex  1.762760e+02 -8.486380e+01  1.510000e+00
   endloop
 endfacet
 facet normal -6.087614e-01 -7.933533e-01 -2.003994e-18
   outer loop
     vertex  1.762760e+02 -8.486380e+01  0.000000e+00
     vertex  1.763681e+02 -8.493444e+01  0.000000e+00
     vertex  1.763681e+02 -8.493444e+01  1.510000e+00
   endloop
 endfacet
 facet normal -1.305262e-01 -9.914449e-01  0.000000e+00
   outer loop
     vertex  1.761688e+02 -8.481940e+01  0.000000e+00
     vertex  1.761688e+02 -8.481940e+01  1.510000e+00
     vertex  1.760538e+02 -8.480425e+01  1.510000e+00
   endloop
 endfacet
 facet normal -3.826834e-01 -9.238795e-01  0.000000e+00
   outer loop
     vertex  1.761688e+02 -8.481940e+01  0.000000e+00
     vertex  1.762760e+02 -8.486380e+01  1.510000e+00
     vertex  1.761688e+02 -8.481940e+01  1.510000e+00
   endloop
 endfacet
 facet normal -3.826834e-01 -9.238795e-01  2.796119e-19
   outer loop
     vertex  1.761688e+02 -8.481940e+01  0.000000e+00
     vertex  1.762760e+02 -8.486380e+01  0.000000e+00
     vertex  1.762760e+02 -8.486380e+01  1.510000e+00
   endloop
 endfacet
 facet normal -1.305262e-01 -9.914449e-01  0.000000e+00
   outer loop
     vertex  1.760538e+02 -8.480425e+01  0.000000e+00
     vertex  1.761688e+02 -8.481940e+01  0.000000e+00
     vertex  1.760538e+02 -8.480425e+01  1.510000e+00
   endloop
 endfacet
 facet normal  1.305262e-01 -9.914449e-01 -1.897608e-19
   outer loop
     vertex  1.759387e+02 -8.481940e+01  0.000000e+00
     vertex  1.760538e+02 -8.480425e+01  0.000000e+00
     vertex  1.760538e+02 -8.480425e+01  1.510000e+00
   endloop
 endfacet
 facet normal  1.305262e-01 -9.914449e-01  0.000000e+00
   outer loop
     vertex  1.759387e+02 -8.481940e+01  0.000000e+00
     vertex  1.760538e+02 -8.480425e+01  1.510000e+00
     vertex  1.759387e+02 -8.481940e+01  1.510000e+00
   endloop
 endfacet
 facet normal  3.826834e-01 -9.238795e-01 -2.796119e-19
   outer loop
     vertex  1.758315e+02 -8.486380e+01  0.000000e+00
     vertex  1.759387e+02 -8.481940e+01  0.000000e+00
     vertex  1.759387e+02 -8.481940e+01  1.510000e+00
   endloop
 endfacet
 facet normal  3.826834e-01 -9.238795e-01  0.000000e+00
   outer loop
     vertex  1.758315e+02 -8.486380e+01  0.000000e+00
     vertex  1.759387e+02 -8.481940e+01  1.510000e+00
     vertex  1.758315e+02 -8.486380e+01  1.510000e+00
   endloop
 endfacet
 facet normal  6.087614e-01 -7.933533e-01  2.003994e-18
   outer loop
     vertex  1.757394e+02 -8.493444e+01  0.000000e+00
     vertex  1.758315e+02 -8.486380e+01  0.000000e+00
     vertex  1.758315e+02 -8.486380e+01  1.510000e+00
   endloop
 endfacet
 facet normal  7.933533e-01 -6.087614e-01  0.000000e+00
   outer loop
     vertex  1.757394e+02 -8.493444e+01  0.000000e+00
     vertex  1.757394e+02 -8.493444e+01  1.510000e+00
     vertex  1.756688e+02 -8.502650e+01  1.510000e+00
   endloop
 endfacet
 facet normal  6.087614e-01 -7.933533e-01  0.000000e+00
   outer loop
     vertex  1.757394e+02 -8.493444e+01  0.000000e+00
     vertex  1.758315e+02 -8.486380e+01  1.510000e+00
     vertex  1.757394e+02 -8.493444e+01  1.510000e+00
   endloop
 endfacet
 facet normal  7.933533e-01 -6.087614e-01  0.000000e+00
   outer loop
     vertex  1.756688e+02 -8.502650e+01  0.000000e+00
     vertex  1.757394e+02 -8.493444e+01  0.000000e+00
     vertex  1.756688e+02 -8.502650e+01  1.510000e+00
   endloop
 endfacet
 facet normal  9.238795e-01 -3.826834e-01 -2.432461e-18
   outer loop
     vertex  1.756244e+02 -8.513370e+01  0.000000e+00
     vertex  1.756688e+02 -8.502650e+01  0.000000e+00
     vertex  1.756688e+02 -8.502650e+01  1.510000e+00
   endloop
 endfacet
 facet normal  9.238795e-01 -3.826834e-01  0.000000e+00
   outer loop
     vertex  1.756244e+02 -8.513370e+01  0.000000e+00
     vertex  1.756688e+02 -8.502650e+01  1.510000e+00
     vertex  1.756244e+02 -8.513370e+01  1.510000e+00
   endloop
 endfacet
 facet normal  9.914449e-01 -1.305262e-01  5.740299e-20
   outer loop
     vertex  1.756093e+02 -8.524875e+01  0.000000e+00
     vertex  1.756244e+02 -8.513370e+01  0.000000e+00
     vertex  1.756244e+02 -8.513370e+01  1.510000e+00
   endloop
 endfacet
 facet normal  9.914449e-01 -1.305262e-01  0.000000e+00
   outer loop
     vertex  1.756093e+02 -8.524875e+01  0.000000e+00
     vertex  1.756244e+02 -8.513370e+01  1.510000e+00
     vertex  1.756093e+02 -8.524875e+01  1.510000e+00
   endloop
 endfacet
 facet normal  9.914449e-01  1.305262e-01 -0.000000e+00
   outer loop
     vertex  1.756244e+02 -8.536380e+01  0.000000e+00
     vertex  1.756093e+02 -8.524875e+01  1.510000e+00
     vertex  1.756244e+02 -8.536380e+01  1.510000e+00
   endloop
 endfacet
 facet normal  9.914449e-01  1.305262e-01 -5.740299e-20
   outer loop
     vertex  1.756244e+02 -8.536380e+01  0.000000e+00
     vertex  1.756093e+02 -8.524875e+01  0.000000e+00
     vertex  1.756093e+02 -8.524875e+01  1.510000e+00
   endloop
 endfacet
 facet normal  9.238795e-01  3.826834e-01 -0.000000e+00
   outer loop
     vertex  1.756688e+02 -8.547100e+01  0.000000e+00
     vertex  1.756244e+02 -8.536380e+01  1.510000e+00
     vertex  1.756688e+02 -8.547100e+01  1.510000e+00
   endloop
 endfacet
 facet normal  9.238795e-01  3.826834e-01  2.432461e-18
   outer loop
     vertex  1.756688e+02 -8.547100e+01  0.000000e+00
     vertex  1.756244e+02 -8.536380e+01  0.000000e+00
     vertex  1.756244e+02 -8.536380e+01  1.510000e+00
   endloop
 endfacet
 facet normal  7.933533e-01  6.087614e-01  1.490509e-18
   outer loop
     vertex  1.757394e+02 -8.556306e+01  0.000000e+00
     vertex  1.756688e+02 -8.547100e+01  0.000000e+00
     vertex  1.756688e+02 -8.547100e+01  1.510000e+00
   endloop
 endfacet
 facet normal  6.087614e-01  7.933533e-01 -0.000000e+00
   outer loop
     vertex  1.757394e+02 -8.556306e+01  0.000000e+00
     vertex  1.757394e+02 -8.556306e+01  1.510000e+00
     vertex  1.758315e+02 -8.563370e+01  1.510000e+00
   endloop
 endfacet
 facet normal  7.933533e-01  6.087614e-01 -0.000000e+00
   outer loop
     vertex  1.757394e+02 -8.556306e+01  0.000000e+00
     vertex  1.756688e+02 -8.547100e+01  1.510000e+00
     vertex  1.757394e+02 -8.556306e+01  1.510000e+00
   endloop
 endfacet
 facet normal  6.087614e-01  7.933533e-01 -0.000000e+00
   outer loop
     vertex  1.758315e+02 -8.563370e+01  0.000000e+00
     vertex  1.757394e+02 -8.556306e+01  0.000000e+00
     vertex  1.758315e+02 -8.563370e+01  1.510000e+00
   endloop
 endfacet
 facet normal  1.305262e-01  9.914449e-01 -0.000000e+00
   outer loop
     vertex  1.759387e+02 -8.567810e+01  0.000000e+00
     vertex  1.759387e+02 -8.567810e+01  1.510000e+00
     vertex  1.760538e+02 -8.569325e+01  1.510000e+00
   endloop
 endfacet
 facet normal  3.826834e-01  9.238795e-01 -0.000000e+00
   outer loop
     vertex  1.759387e+02 -8.567810e+01  0.000000e+00
     vertex  1.758315e+02 -8.563370e+01  1.510000e+00
     vertex  1.759387e+02 -8.567810e+01  1.510000e+00
   endloop
 endfacet
 facet normal  3.826834e-01  9.238795e-01  2.796119e-19
   outer loop
     vertex  1.759387e+02 -8.567810e+01  0.000000e+00
     vertex  1.758315e+02 -8.563370e+01  0.000000e+00
     vertex  1.758315e+02 -8.563370e+01  1.510000e+00
   endloop
 endfacet
 facet normal  1.305262e-01  9.914449e-01 -0.000000e+00
   outer loop
     vertex  1.760538e+02 -8.569325e+01  0.000000e+00
     vertex  1.759387e+02 -8.567810e+01  0.000000e+00
     vertex  1.760538e+02 -8.569325e+01  1.510000e+00
   endloop
 endfacet
 facet normal -1.305262e-01  9.914449e-01 -1.897608e-19
   outer loop
     vertex  1.787088e+02 -8.567810e+01  0.000000e+00
     vertex  1.785938e+02 -8.569325e+01  0.000000e+00
     vertex  1.785938e+02 -8.569325e+01  1.510000e+00
   endloop
 endfacet
 facet normal -1.305262e-01  9.914449e-01  0.000000e+00
   outer loop
     vertex  1.787088e+02 -8.567810e+01  0.000000e+00
     vertex  1.785938e+02 -8.569325e+01  1.510000e+00
     vertex  1.787088e+02 -8.567810e+01  1.510000e+00
   endloop
 endfacet
 facet normal -3.826834e-01  9.238795e-01  0.000000e+00
   outer loop
     vertex  1.788160e+02 -8.563370e+01  0.000000e+00
     vertex  1.787088e+02 -8.567810e+01  1.510000e+00
     vertex  1.788160e+02 -8.563370e+01  1.510000e+00
   endloop
 endfacet
 facet normal -3.826834e-01  9.238795e-01 -2.796119e-19
   outer loop
     vertex  1.788160e+02 -8.563370e+01  0.000000e+00
     vertex  1.787088e+02 -8.567810e+01  0.000000e+00
     vertex  1.787088e+02 -8.567810e+01  1.510000e+00
   endloop
 endfacet
 facet normal -6.087614e-01  7.933533e-01  0.000000e+00
   outer loop
     vertex  1.789081e+02 -8.556306e+01  0.000000e+00
     vertex  1.788160e+02 -8.563370e+01  1.510000e+00
     vertex  1.789081e+02 -8.556306e+01  1.510000e+00
   endloop
 endfacet
 facet normal -6.087614e-01  7.933533e-01  2.003994e-18
   outer loop
     vertex  1.789081e+02 -8.556306e+01  0.000000e+00
     vertex  1.788160e+02 -8.563370e+01  0.000000e+00
     vertex  1.788160e+02 -8.563370e+01  1.510000e+00
   endloop
 endfacet
 facet normal -7.933533e-01  6.087614e-01  0.000000e+00
   outer loop
     vertex  1.789787e+02 -8.547100e+01  0.000000e+00
     vertex  1.789081e+02 -8.556306e+01  1.510000e+00
     vertex  1.789787e+02 -8.547100e+01  1.510000e+00
   endloop
 endfacet
 facet normal -7.933533e-01  6.087614e-01 -1.490509e-18
   outer loop
     vertex  1.789787e+02 -8.547100e+01  0.000000e+00
     vertex  1.789081e+02 -8.556306e+01  0.000000e+00
     vertex  1.789081e+02 -8.556306e+01  1.510000e+00
   endloop
 endfacet
 facet normal -9.238795e-01  3.826834e-01  0.000000e+00
   outer loop
     vertex  1.790231e+02 -8.536380e+01  0.000000e+00
     vertex  1.789787e+02 -8.547100e+01  1.510000e+00
     vertex  1.790231e+02 -8.536380e+01  1.510000e+00
   endloop
 endfacet
 facet normal -9.238795e-01  3.826834e-01 -2.432461e-18
   outer loop
     vertex  1.790231e+02 -8.536380e+01  0.000000e+00
     vertex  1.789787e+02 -8.547100e+01  0.000000e+00
     vertex  1.789787e+02 -8.547100e+01  1.510000e+00
   endloop
 endfacet
 facet normal -9.914449e-01  1.305262e-01  0.000000e+00
   outer loop
     vertex  1.790383e+02 -8.524875e+01  0.000000e+00
     vertex  1.790231e+02 -8.536380e+01  1.510000e+00
     vertex  1.790383e+02 -8.524875e+01  1.510000e+00
   endloop
 endfacet
 facet normal -9.914449e-01  1.305262e-01  5.740299e-20
   outer loop
     vertex  1.790383e+02 -8.524875e+01  0.000000e+00
     vertex  1.790231e+02 -8.536380e+01  0.000000e+00
     vertex  1.790231e+02 -8.536380e+01  1.510000e+00
   endloop
 endfacet
 facet normal -9.914449e-01 -1.305262e-01  0.000000e+00
   outer loop
     vertex  1.790231e+02 -8.513370e+01  0.000000e+00
     vertex  1.790383e+02 -8.524875e+01  1.510000e+00
     vertex  1.790231e+02 -8.513370e+01  1.510000e+00
   endloop
 endfacet
 facet normal -9.914449e-01 -1.305262e-01 -5.740299e-20
   outer loop
     vertex  1.790231e+02 -8.513370e+01  0.000000e+00
     vertex  1.790383e+02 -8.524875e+01  0.000000e+00
     vertex  1.790383e+02 -8.524875e+01  1.510000e+00
   endloop
 endfacet
 facet normal -9.238795e-01 -3.826834e-01  0.000000e+00
   outer loop
     vertex  1.789787e+02 -8.502650e+01  0.000000e+00
     vertex  1.790231e+02 -8.513370e+01  1.510000e+00
     vertex  1.789787e+02 -8.502650e+01  1.510000e+00
   endloop
 endfacet
 facet normal -9.238795e-01 -3.826834e-01  2.432461e-18
   outer loop
     vertex  1.789787e+02 -8.502650e+01  0.000000e+00
     vertex  1.790231e+02 -8.513370e+01  0.000000e+00
     vertex  1.790231e+02 -8.513370e+01  1.510000e+00
   endloop
 endfacet
 facet normal -7.933533e-01 -6.087614e-01  0.000000e+00
   outer loop
     vertex  1.789081e+02 -8.493444e+01  0.000000e+00
     vertex  1.789787e+02 -8.502650e+01  1.510000e+00
     vertex  1.789081e+02 -8.493444e+01  1.510000e+00
   endloop
 endfacet
 facet normal -7.933533e-01 -6.087614e-01  1.490509e-18
   outer loop
     vertex  1.789081e+02 -8.493444e+01  0.000000e+00
     vertex  1.789787e+02 -8.502650e+01  0.000000e+00
     vertex  1.789787e+02 -8.502650e+01  1.510000e+00
   endloop
 endfacet
 facet normal -6.087614e-01 -7.933533e-01  0.000000e+00
   outer loop
     vertex  1.788160e+02 -8.486380e+01  0.000000e+00
     vertex  1.789081e+02 -8.493444e+01  1.510000e+00
     vertex  1.788160e+02 -8.486380e+01  1.510000e+00
   endloop
 endfacet
 facet normal -6.087614e-01 -7.933533e-01 -2.003994e-18
   outer loop
     vertex  1.788160e+02 -8.486380e+01  0.000000e+00
     vertex  1.789081e+02 -8.493444e+01  0.000000e+00
     vertex  1.789081e+02 -8.493444e+01  1.510000e+00
   endloop
 endfacet
 facet normal -1.305262e-01 -9.914449e-01  0.000000e+00
   outer loop
     vertex  1.787088e+02 -8.481940e+01  0.000000e+00
     vertex  1.787088e+02 -8.481940e+01  1.510000e+00
     vertex  1.785938e+02 -8.480425e+01  1.510000e+00
   endloop
 endfacet
 facet normal -3.826834e-01 -9.238795e-01  0.000000e+00
   outer loop
     vertex  1.787088e+02 -8.481940e+01  0.000000e+00
     vertex  1.788160e+02 -8.486380e+01  1.510000e+00
     vertex  1.787088e+02 -8.481940e+01  1.510000e+00
   endloop
 endfacet
 facet normal -3.826834e-01 -9.238795e-01  2.796119e-19
   outer loop
     vertex  1.787088e+02 -8.481940e+01  0.000000e+00
     vertex  1.788160e+02 -8.486380e+01  0.000000e+00
     vertex  1.788160e+02 -8.486380e+01  1.510000e+00
   endloop
 endfacet
 facet normal -1.305262e-01 -9.914449e-01  0.000000e+00
   outer loop
     vertex  1.785938e+02 -8.480425e+01  0.000000e+00
     vertex  1.787088e+02 -8.481940e+01  0.000000e+00
     vertex  1.785938e+02 -8.480425e+01  1.510000e+00
   endloop
 endfacet
 facet normal  1.305262e-01 -9.914449e-01 -1.897608e-19
   outer loop
     vertex  1.784787e+02 -8.481940e+01  0.000000e+00
     vertex  1.785938e+02 -8.480425e+01  0.000000e+00
     vertex  1.785938e+02 -8.480425e+01  1.510000e+00
   endloop
 endfacet
 facet normal  1.305262e-01 -9.914449e-01  0.000000e+00
   outer loop
     vertex  1.784787e+02 -8.481940e+01  0.000000e+00
     vertex  1.785938e+02 -8.480425e+01  1.510000e+00
     vertex  1.784787e+02 -8.481940e+01  1.510000e+00
   endloop
 endfacet
 facet normal  3.826834e-01 -9.238795e-01 -2.796119e-19
   outer loop
     vertex  1.783715e+02 -8.486380e+01  0.000000e+00
     vertex  1.784787e+02 -8.481940e+01  0.000000e+00
     vertex  1.784787e+02 -8.481940e+01  1.510000e+00
   endloop
 endfacet
 facet normal  3.826834e-01 -9.238795e-01  0.000000e+00
   outer loop
     vertex  1.783715e+02 -8.486380e+01  0.000000e+00
     vertex  1.784787e+02 -8.481940e+01  1.510000e+00
     vertex  1.783715e+02 -8.486380e+01  1.510000e+00
   endloop
 endfacet
 facet normal  6.087614e-01 -7.933533e-01  2.003994e-18
   outer loop
     vertex  1.782794e+02 -8.493444e+01  0.000000e+00
     vertex  1.783715e+02 -8.486380e+01  0.000000e+00
     vertex  1.783715e+02 -8.486380e+01  1.510000e+00
   endloop
 endfacet
 facet normal  7.933533e-01 -6.087614e-01  0.000000e+00
   outer loop
     vertex  1.782794e+02 -8.493444e+01  0.000000e+00
     vertex  1.782794e+02 -8.493444e+01  1.510000e+00
     vertex  1.782088e+02 -8.502650e+01  1.510000e+00
   endloop
 endfacet
 facet normal  6.087614e-01 -7.933533e-01  0.000000e+00
   outer loop
     vertex  1.782794e+02 -8.493444e+01  0.000000e+00
     vertex  1.783715e+02 -8.486380e+01  1.510000e+00
     vertex  1.782794e+02 -8.493444e+01  1.510000e+00
   endloop
 endfacet
 facet normal  7.933533e-01 -6.087614e-01  0.000000e+00
   outer loop
     vertex  1.782088e+02 -8.502650e+01  0.000000e+00
     vertex  1.782794e+02 -8.493444e+01  0.000000e+00
     vertex  1.782088e+02 -8.502650e+01  1.510000e+00
   endloop
 endfacet
 facet normal  9.238795e-01 -3.826834e-01 -2.432461e-18
   outer loop
     vertex  1.781644e+02 -8.513370e+01  0.000000e+00
     vertex  1.782088e+02 -8.502650e+01  0.000000e+00
     vertex  1.782088e+02 -8.502650e+01  1.510000e+00
   endloop
 endfacet
 facet normal  9.238795e-01 -3.826834e-01  0.000000e+00
   outer loop
     vertex  1.781644e+02 -8.513370e+01  0.000000e+00
     vertex  1.782088e+02 -8.502650e+01  1.510000e+00
     vertex  1.781644e+02 -8.513370e+01  1.510000e+00
   endloop
 endfacet
 facet normal  9.914449e-01 -1.305262e-01  5.740299e-20
   outer loop
     vertex  1.781492e+02 -8.524875e+01  0.000000e+00
     vertex  1.781644e+02 -8.513370e+01  0.000000e+00
     vertex  1.781644e+02 -8.513370e+01  1.510000e+00
   endloop
 endfacet
 facet normal  9.914449e-01 -1.305262e-01  0.000000e+00
   outer loop
     vertex  1.781492e+02 -8.524875e+01  0.000000e+00
     vertex  1.781644e+02 -8.513370e+01  1.510000e+00
     vertex  1.781492e+02 -8.524875e+01  1.510000e+00
   endloop
 endfacet
 facet normal  9.914449e-01  1.305262e-01 -0.000000e+00
   outer loop
     vertex  1.781644e+02 -8.536380e+01  0.000000e+00
     vertex  1.781492e+02 -8.524875e+01  1.510000e+00
     vertex  1.781644e+02 -8.536380e+01  1.510000e+00
   endloop
 endfacet
 facet normal  9.914449e-01  1.305262e-01 -5.740299e-20
   outer loop
     vertex  1.781644e+02 -8.536380e+01  0.000000e+00
     vertex  1.781492e+02 -8.524875e+01  0.000000e+00
     vertex  1.781492e+02 -8.524875e+01  1.510000e+00
   endloop
 endfacet
 facet normal  9.238795e-01  3.826834e-01 -0.000000e+00
   outer loop
     vertex  1.782088e+02 -8.547100e+01  0.000000e+00
     vertex  1.781644e+02 -8.536380e+01  1.510000e+00
     vertex  1.782088e+02 -8.547100e+01  1.510000e+00
   endloop
 endfacet
 facet normal  9.238795e-01  3.826834e-01  2.432461e-18
   outer loop
     vertex  1.782088e+02 -8.547100e+01  0.000000e+00
     vertex  1.781644e+02 -8.536380e+01  0.000000e+00
     vertex  1.781644e+02 -8.536380e+01  1.510000e+00
   endloop
 endfacet
 facet normal  7.933533e-01  6.087614e-01  1.490509e-18
   outer loop
     vertex  1.782794e+02 -8.556306e+01  0.000000e+00
     vertex  1.782088e+02 -8.547100e+01  0.000000e+00
     vertex  1.782088e+02 -8.547100e+01  1.510000e+00
   endloop
 endfacet
 facet normal  6.087614e-01  7.933533e-01 -0.000000e+00
   outer loop
     vertex  1.782794e+02 -8.556306e+01  0.000000e+00
     vertex  1.782794e+02 -8.556306e+01  1.510000e+00
     vertex  1.783715e+02 -8.563370e+01  1.510000e+00
   endloop
 endfacet
 facet normal  7.933533e-01  6.087614e-01 -0.000000e+00
   outer loop
     vertex  1.782794e+02 -8.556306e+01  0.000000e+00
     vertex  1.782088e+02 -8.547100e+01  1.510000e+00
     vertex  1.782794e+02 -8.556306e+01  1.510000e+00
   endloop
 endfacet
 facet normal  6.087614e-01  7.933533e-01 -0.000000e+00
   outer loop
     vertex  1.783715e+02 -8.563370e+01  0.000000e+00
     vertex  1.782794e+02 -8.556306e+01  0.000000e+00
     vertex  1.783715e+02 -8.563370e+01  1.510000e+00
   endloop
 endfacet
 facet normal  1.305262e-01  9.914449e-01 -0.000000e+00
   outer loop
     vertex  1.784787e+02 -8.567810e+01  0.000000e+00
     vertex  1.784787e+02 -8.567810e+01  1.510000e+00
     vertex  1.785938e+02 -8.569325e+01  1.510000e+00
   endloop
 endfacet
 facet normal  3.826834e-01  9.238795e-01 -0.000000e+00
   outer loop
     vertex  1.784787e+02 -8.567810e+01  0.000000e+00
     vertex  1.783715e+02 -8.563370e+01  1.510000e+00
     vertex  1.784787e+02 -8.567810e+01  1.510000e+00
   endloop
 endfacet
 facet normal  3.826834e-01  9.238795e-01  2.796119e-19
   outer loop
     vertex  1.784787e+02 -8.567810e+01  0.000000e+00
     vertex  1.783715e+02 -8.563370e+01  0.000000e+00
     vertex  1.783715e+02 -8.563370e+01  1.510000e+00
   endloop
 endfacet
 facet normal  1.305262e-01  9.914449e-01 -0.000000e+00
   outer loop
     vertex  1.785938e+02 -8.569325e+01  0.000000e+00
     vertex  1.784787e+02 -8.567810e+01  0.000000e+00
     vertex  1.785938e+02 -8.569325e+01  1.510000e+00
   endloop
 endfacet
 facet normal -1.305262e-01  9.914449e-01 -1.897608e-19
   outer loop
     vertex  1.812488e+02 -8.567810e+01  0.000000e+00
     vertex  1.811337e+02 -8.569325e+01  0.000000e+00
     vertex  1.811337e+02 -8.569325e+01  1.510000e+00
   endloop
 endfacet
 facet normal -1.305262e-01  9.914449e-01  0.000000e+00
   outer loop
     vertex  1.812488e+02 -8.567810e+01  0.000000e+00
     vertex  1.811337e+02 -8.569325e+01  1.510000e+00
     vertex  1.812488e+02 -8.567810e+01  1.510000e+00
   endloop
 endfacet
 facet normal -3.826834e-01  9.238795e-01  0.000000e+00
   outer loop
     vertex  1.813560e+02 -8.563370e+01  0.000000e+00
     vertex  1.812488e+02 -8.567810e+01  1.510000e+00
     vertex  1.813560e+02 -8.563370e+01  1.510000e+00
   endloop
 endfacet
 facet normal -3.826834e-01  9.238795e-01 -2.796119e-19
   outer loop
     vertex  1.813560e+02 -8.563370e+01  0.000000e+00
     vertex  1.812488e+02 -8.567810e+01  0.000000e+00
     vertex  1.812488e+02 -8.567810e+01  1.510000e+00
   endloop
 endfacet
 facet normal -6.087614e-01  7.933533e-01  0.000000e+00
   outer loop
     vertex  1.814481e+02 -8.556306e+01  0.000000e+00
     vertex  1.813560e+02 -8.563370e+01  1.510000e+00
     vertex  1.814481e+02 -8.556306e+01  1.510000e+00
   endloop
 endfacet
 facet normal -6.087614e-01  7.933533e-01  2.003994e-18
   outer loop
     vertex  1.814481e+02 -8.556306e+01  0.000000e+00
     vertex  1.813560e+02 -8.563370e+01  0.000000e+00
     vertex  1.813560e+02 -8.563370e+01  1.510000e+00
   endloop
 endfacet
 facet normal -7.933533e-01  6.087614e-01  0.000000e+00
   outer loop
     vertex  1.815187e+02 -8.547100e+01  0.000000e+00
     vertex  1.814481e+02 -8.556306e+01  1.510000e+00
     vertex  1.815187e+02 -8.547100e+01  1.510000e+00
   endloop
 endfacet
 facet normal -7.933533e-01  6.087614e-01 -1.490509e-18
   outer loop
     vertex  1.815187e+02 -8.547100e+01  0.000000e+00
     vertex  1.814481e+02 -8.556306e+01  0.000000e+00
     vertex  1.814481e+02 -8.556306e+01  1.510000e+00
   endloop
 endfacet
 facet normal -9.238795e-01  3.826834e-01  0.000000e+00
   outer loop
     vertex  1.815631e+02 -8.536380e+01  0.000000e+00
     vertex  1.815187e+02 -8.547100e+01  1.510000e+00
     vertex  1.815631e+02 -8.536380e+01  1.510000e+00
   endloop
 endfacet
 facet normal -9.238795e-01  3.826834e-01 -2.432461e-18
   outer loop
     vertex  1.815631e+02 -8.536380e+01  0.000000e+00
     vertex  1.815187e+02 -8.547100e+01  0.000000e+00
     vertex  1.815187e+02 -8.547100e+01  1.510000e+00
   endloop
 endfacet
 facet normal -9.914449e-01  1.305262e-01  0.000000e+00
   outer loop
     vertex  1.815782e+02 -8.524875e+01  0.000000e+00
     vertex  1.815631e+02 -8.536380e+01  1.510000e+00
     vertex  1.815782e+02 -8.524875e+01  1.510000e+00
   endloop
 endfacet
 facet normal -9.914449e-01  1.305262e-01  5.740299e-20
   outer loop
     vertex  1.815782e+02 -8.524875e+01  0.000000e+00
     vertex  1.815631e+02 -8.536380e+01  0.000000e+00
     vertex  1.815631e+02 -8.536380e+01  1.510000e+00
   endloop
 endfacet
 facet normal -9.914449e-01 -1.305262e-01  0.000000e+00
   outer loop
     vertex  1.815631e+02 -8.513370e+01  0.000000e+00
     vertex  1.815782e+02 -8.524875e+01  1.510000e+00
     vertex  1.815631e+02 -8.513370e+01  1.510000e+00
   endloop
 endfacet
 facet normal -9.914449e-01 -1.305262e-01 -5.740299e-20
   outer loop
     vertex  1.815631e+02 -8.513370e+01  0.000000e+00
     vertex  1.815782e+02 -8.524875e+01  0.000000e+00
     vertex  1.815782e+02 -8.524875e+01  1.510000e+00
   endloop
 endfacet
 facet normal -9.238795e-01 -3.826834e-01  0.000000e+00
   outer loop
     vertex  1.815187e+02 -8.502650e+01  0.000000e+00
     vertex  1.815631e+02 -8.513370e+01  1.510000e+00
     vertex  1.815187e+02 -8.502650e+01  1.510000e+00
   endloop
 endfacet
 facet normal -9.238795e-01 -3.826834e-01  2.432461e-18
   outer loop
     vertex  1.815187e+02 -8.502650e+01  0.000000e+00
     vertex  1.815631e+02 -8.513370e+01  0.000000e+00
     vertex  1.815631e+02 -8.513370e+01  1.510000e+00
   endloop
 endfacet
 facet normal -7.933533e-01 -6.087614e-01  0.000000e+00
   outer loop
     vertex  1.814481e+02 -8.493444e+01  0.000000e+00
     vertex  1.815187e+02 -8.502650e+01  1.510000e+00
     vertex  1.814481e+02 -8.493444e+01  1.510000e+00
   endloop
 endfacet
 facet normal -7.933533e-01 -6.087614e-01  1.490509e-18
   outer loop
     vertex  1.814481e+02 -8.493444e+01  0.000000e+00
     vertex  1.815187e+02 -8.502650e+01  0.000000e+00
     vertex  1.815187e+02 -8.502650e+01  1.510000e+00
   endloop
 endfacet
 facet normal -6.087614e-01 -7.933533e-01  0.000000e+00
   outer loop
     vertex  1.813560e+02 -8.486380e+01  0.000000e+00
     vertex  1.814481e+02 -8.493444e+01  1.510000e+00
     vertex  1.813560e+02 -8.486380e+01  1.510000e+00
   endloop
 endfacet
 facet normal -6.087614e-01 -7.933533e-01 -2.003994e-18
   outer loop
     vertex  1.813560e+02 -8.486380e+01  0.000000e+00
     vertex  1.814481e+02 -8.493444e+01  0.000000e+00
     vertex  1.814481e+02 -8.493444e+01  1.510000e+00
   endloop
 endfacet
 facet normal -1.305262e-01 -9.914449e-01  0.000000e+00
   outer loop
     vertex  1.812488e+02 -8.481940e+01  0.000000e+00
     vertex  1.812488e+02 -8.481940e+01  1.510000e+00
     vertex  1.811337e+02 -8.480425e+01  1.510000e+00
   endloop
 endfacet
 facet normal -3.826834e-01 -9.238795e-01  0.000000e+00
   outer loop
     vertex  1.812488e+02 -8.481940e+01  0.000000e+00
     vertex  1.813560e+02 -8.486380e+01  1.510000e+00
     vertex  1.812488e+02 -8.481940e+01  1.510000e+00
   endloop
 endfacet
 facet normal -3.826834e-01 -9.238795e-01  2.796119e-19
   outer loop
     vertex  1.812488e+02 -8.481940e+01  0.000000e+00
     vertex  1.813560e+02 -8.486380e+01  0.000000e+00
     vertex  1.813560e+02 -8.486380e+01  1.510000e+00
   endloop
 endfacet
 facet normal -1.305262e-01 -9.914449e-01  0.000000e+00
   outer loop
     vertex  1.811337e+02 -8.480425e+01  0.000000e+00
     vertex  1.812488e+02 -8.481940e+01  0.000000e+00
     vertex  1.811337e+02 -8.480425e+01  1.510000e+00
   endloop
 endfacet
 facet normal  1.305262e-01 -9.914449e-01 -1.897608e-19
   outer loop
     vertex  1.810187e+02 -8.481940e+01  0.000000e+00
     vertex  1.811337e+02 -8.480425e+01  0.000000e+00
     vertex  1.811337e+02 -8.480425e+01  1.510000e+00
   endloop
 endfacet
 facet normal  1.305262e-01 -9.914449e-01  0.000000e+00
   outer loop
     vertex  1.810187e+02 -8.481940e+01  0.000000e+00
     vertex  1.811337e+02 -8.480425e+01  1.510000e+00
     vertex  1.810187e+02 -8.481940e+01  1.510000e+00
   endloop
 endfacet
 facet normal  3.826834e-01 -9.238795e-01 -2.796119e-19
   outer loop
     vertex  1.809115e+02 -8.486380e+01  0.000000e+00
     vertex  1.810187e+02 -8.481940e+01  0.000000e+00
     vertex  1.810187e+02 -8.481940e+01  1.510000e+00
   endloop
 endfacet
 facet normal  3.826834e-01 -9.238795e-01  0.000000e+00
   outer loop
     vertex  1.809115e+02 -8.486380e+01  0.000000e+00
     vertex  1.810187e+02 -8.481940e+01  1.510000e+00
     vertex  1.809115e+02 -8.486380e+01  1.510000e+00
   endloop
 endfacet
 facet normal  6.087614e-01 -7.933533e-01  2.003994e-18
   outer loop
     vertex  1.808194e+02 -8.493444e+01  0.000000e+00
     vertex  1.809115e+02 -8.486380e+01  0.000000e+00
     vertex  1.809115e+02 -8.486380e+01  1.510000e+00
   endloop
 endfacet
 facet normal  7.933533e-01 -6.087614e-01  0.000000e+00
   outer loop
     vertex  1.808194e+02 -8.493444e+01  0.000000e+00
     vertex  1.808194e+02 -8.493444e+01  1.510000e+00
     vertex  1.807488e+02 -8.502650e+01  1.510000e+00
   endloop
 endfacet
 facet normal  6.087614e-01 -7.933533e-01  0.000000e+00
   outer loop
     vertex  1.808194e+02 -8.493444e+01  0.000000e+00
     vertex  1.809115e+02 -8.486380e+01  1.510000e+00
     vertex  1.808194e+02 -8.493444e+01  1.510000e+00
   endloop
 endfacet
 facet normal  7.933533e-01 -6.087614e-01  0.000000e+00
   outer loop
     vertex  1.807488e+02 -8.502650e+01  0.000000e+00
     vertex  1.808194e+02 -8.493444e+01  0.000000e+00
     vertex  1.807488e+02 -8.502650e+01  1.510000e+00
   endloop
 endfacet
 facet normal  9.238795e-01 -3.826834e-01 -2.432461e-18
   outer loop
     vertex  1.807044e+02 -8.513370e+01  0.000000e+00
     vertex  1.807488e+02 -8.502650e+01  0.000000e+00
     vertex  1.807488e+02 -8.502650e+01  1.510000e+00
   endloop
 endfacet
 facet normal  9.238795e-01 -3.826834e-01  0.000000e+00
   outer loop
     vertex  1.807044e+02 -8.513370e+01  0.000000e+00
     vertex  1.807488e+02 -8.502650e+01  1.510000e+00
     vertex  1.807044e+02 -8.513370e+01  1.510000e+00
   endloop
 endfacet
 facet normal  9.914449e-01 -1.305262e-01  5.740299e-20
   outer loop
     vertex  1.806892e+02 -8.524875e+01  0.000000e+00
     vertex  1.807044e+02 -8.513370e+01  0.000000e+00
     vertex  1.807044e+02 -8.513370e+01  1.510000e+00
   endloop
 endfacet
 facet normal  9.914449e-01 -1.305262e-01  0.000000e+00
   outer loop
     vertex  1.806892e+02 -8.524875e+01  0.000000e+00
     vertex  1.807044e+02 -8.513370e+01  1.510000e+00
     vertex  1.806892e+02 -8.524875e+01  1.510000e+00
   endloop
 endfacet
 facet normal  9.914449e-01  1.305262e-01 -0.000000e+00
   outer loop
     vertex  1.807044e+02 -8.536380e+01  0.000000e+00
     vertex  1.806892e+02 -8.524875e+01  1.510000e+00
     vertex  1.807044e+02 -8.536380e+01  1.510000e+00
   endloop
 endfacet
 facet normal  9.914449e-01  1.305262e-01 -5.740299e-20
   outer loop
     vertex  1.807044e+02 -8.536380e+01  0.000000e+00
     vertex  1.806892e+02 -8.524875e+01  0.000000e+00
     vertex  1.806892e+02 -8.524875e+01  1.510000e+00
   endloop
 endfacet
 facet normal  9.238795e-01  3.826834e-01 -0.000000e+00
   outer loop
     vertex  1.807488e+02 -8.547100e+01  0.000000e+00
     vertex  1.807044e+02 -8.536380e+01  1.510000e+00
     vertex  1.807488e+02 -8.547100e+01  1.510000e+00
   endloop
 endfacet
 facet normal  9.238795e-01  3.826834e-01  2.432461e-18
   outer loop
     vertex  1.807488e+02 -8.547100e+01  0.000000e+00
     vertex  1.807044e+02 -8.536380e+01  0.000000e+00
     vertex  1.807044e+02 -8.536380e+01  1.510000e+00
   endloop
 endfacet
 facet normal  7.933533e-01  6.087614e-01  1.490509e-18
   outer loop
     vertex  1.808194e+02 -8.556306e+01  0.000000e+00
     vertex  1.807488e+02 -8.547100e+01  0.000000e+00
     vertex  1.807488e+02 -8.547100e+01  1.510000e+00
   endloop
 endfacet
 facet normal  6.087614e-01  7.933533e-01 -0.000000e+00
   outer loop
     vertex  1.808194e+02 -8.556306e+01  0.000000e+00
     vertex  1.808194e+02 -8.556306e+01  1.510000e+00
     vertex  1.809115e+02 -8.563370e+01  1.510000e+00
   endloop
 endfacet
 facet normal  7.933533e-01  6.087614e-01 -0.000000e+00
   outer loop
     vertex  1.808194e+02 -8.556306e+01  0.000000e+00
     vertex  1.807488e+02 -8.547100e+01  1.510000e+00
     vertex  1.808194e+02 -8.556306e+01  1.510000e+00
   endloop
 endfacet
 facet normal  6.087614e-01  7.933533e-01 -0.000000e+00
   outer loop
     vertex  1.809115e+02 -8.563370e+01  0.000000e+00
     vertex  1.808194e+02 -8.556306e+01  0.000000e+00
     vertex  1.809115e+02 -8.563370e+01  1.510000e+00
   endloop
 endfacet
 facet normal  1.305262e-01  9.914449e-01 -0.000000e+00
   outer loop
     vertex  1.810187e+02 -8.567810e+01  0.000000e+00
     vertex  1.810187e+02 -8.567810e+01  1.510000e+00
     vertex  1.811337e+02 -8.569325e+01  1.510000e+00
   endloop
 endfacet
 facet normal  3.826834e-01  9.238795e-01 -0.000000e+00
   outer loop
     vertex  1.810187e+02 -8.567810e+01  0.000000e+00
     vertex  1.809115e+02 -8.563370e+01  1.510000e+00
     vertex  1.810187e+02 -8.567810e+01  1.510000e+00
   endloop
 endfacet
 facet normal  3.826834e-01  9.238795e-01  2.796119e-19
   outer loop
     vertex  1.810187e+02 -8.567810e+01  0.000000e+00
     vertex  1.809115e+02 -8.563370e+01  0.000000e+00
     vertex  1.809115e+02 -8.563370e+01  1.510000e+00
   endloop
 endfacet
 facet normal  1.305262e-01  9.914449e-01 -0.000000e+00
   outer loop
     vertex  1.811337e+02 -8.569325e+01  0.000000e+00
     vertex  1.810187e+02 -8.567810e+01  0.000000e+00
     vertex  1.811337e+02 -8.569325e+01  1.510000e+00
   endloop
 endfacet
 facet normal -1.305262e-01  9.914449e-01  5.446228e-19
   outer loop
     vertex  1.837888e+02 -8.567810e+01  0.000000e+00
     vertex  1.836738e+02 -8.569325e+01  0.000000e+00
     vertex  1.836738e+02 -8.569325e+01  1.510000e+00
   endloop
 endfacet
 facet normal -1.305262e-01  9.914449e-01  0.000000e+00
   outer loop
     vertex  1.837888e+02 -8.567810e+01  0.000000e+00
     vertex  1.836738e+02 -8.569325e+01  1.510000e+00
     vertex  1.837888e+02 -8.567810e+01  1.510000e+00
   endloop
 endfacet
 facet normal -3.826834e-01  9.238795e-01  0.000000e+00
   outer loop
     vertex  1.838960e+02 -8.563370e+01  0.000000e+00
     vertex  1.837888e+02 -8.567810e+01  1.510000e+00
     vertex  1.838960e+02 -8.563370e+01  1.510000e+00
   endloop
 endfacet
 facet normal -3.826834e-01  9.238795e-01 -2.796119e-19
   outer loop
     vertex  1.838960e+02 -8.563370e+01  0.000000e+00
     vertex  1.837888e+02 -8.567810e+01  0.000000e+00
     vertex  1.837888e+02 -8.567810e+01  1.510000e+00
   endloop
 endfacet
 facet normal -6.087614e-01  7.933533e-01  0.000000e+00
   outer loop
     vertex  1.839881e+02 -8.556306e+01  0.000000e+00
     vertex  1.838960e+02 -8.563370e+01  1.510000e+00
     vertex  1.839881e+02 -8.556306e+01  1.510000e+00
   endloop
 endfacet
 facet normal -6.087614e-01  7.933533e-01 -1.490509e-18
   outer loop
     vertex  1.839881e+02 -8.556306e+01  0.000000e+00
     vertex  1.838960e+02 -8.563370e+01  0.000000e+00
     vertex  1.838960e+02 -8.563370e+01  1.510000e+00
   endloop
 endfacet
 facet normal -7.933533e-01  6.087614e-01  0.000000e+00
   outer loop
     vertex  1.840587e+02 -8.547100e+01  0.000000e+00
     vertex  1.839881e+02 -8.556306e+01  1.510000e+00
     vertex  1.840587e+02 -8.547100e+01  1.510000e+00
   endloop
 endfacet
 facet normal -7.933533e-01  6.087614e-01  5.482848e-19
   outer loop
     vertex  1.840587e+02 -8.547100e+01  0.000000e+00
     vertex  1.839881e+02 -8.556306e+01  0.000000e+00
     vertex  1.839881e+02 -8.556306e+01  1.510000e+00
   endloop
 endfacet
 facet normal -9.238795e-01  3.826834e-01  0.000000e+00
   outer loop
     vertex  1.841031e+02 -8.536380e+01  0.000000e+00
     vertex  1.840587e+02 -8.547100e+01  1.510000e+00
     vertex  1.841031e+02 -8.536380e+01  1.510000e+00
   endloop
 endfacet
 facet normal -9.238795e-01  3.826834e-01 -2.432461e-18
   outer loop
     vertex  1.841031e+02 -8.536380e+01  0.000000e+00
     vertex  1.840587e+02 -8.547100e+01  0.000000e+00
     vertex  1.840587e+02 -8.547100e+01  1.510000e+00
   endloop
 endfacet
 facet normal -9.914449e-01  1.305262e-01  0.000000e+00
   outer loop
     vertex  1.841182e+02 -8.524875e+01  0.000000e+00
     vertex  1.841031e+02 -8.536380e+01  1.510000e+00
     vertex  1.841182e+02 -8.524875e+01  1.510000e+00
   endloop
 endfacet
 facet normal -9.914449e-01  1.305262e-01  5.740299e-20
   outer loop
     vertex  1.841182e+02 -8.524875e+01  0.000000e+00
     vertex  1.841031e+02 -8.536380e+01  0.000000e+00
     vertex  1.841031e+02 -8.536380e+01  1.510000e+00
   endloop
 endfacet
 facet normal -9.914449e-01 -1.305262e-01  0.000000e+00
   outer loop
     vertex  1.841031e+02 -8.513370e+01  0.000000e+00
     vertex  1.841182e+02 -8.524875e+01  1.510000e+00
     vertex  1.841031e+02 -8.513370e+01  1.510000e+00
   endloop
 endfacet
 facet normal -9.914449e-01 -1.305262e-01 -5.740299e-20
   outer loop
     vertex  1.841031e+02 -8.513370e+01  0.000000e+00
     vertex  1.841182e+02 -8.524875e+01  0.000000e+00
     vertex  1.841182e+02 -8.524875e+01  1.510000e+00
   endloop
 endfacet
 facet normal -9.238795e-01 -3.826834e-01  0.000000e+00
   outer loop
     vertex  1.840587e+02 -8.502650e+01  0.000000e+00
     vertex  1.841031e+02 -8.513370e+01  1.510000e+00
     vertex  1.840587e+02 -8.502650e+01  1.510000e+00
   endloop
 endfacet
 facet normal -9.238795e-01 -3.826834e-01 -1.979625e-18
   outer loop
     vertex  1.840587e+02 -8.502650e+01  0.000000e+00
     vertex  1.841031e+02 -8.513370e+01  0.000000e+00
     vertex  1.841031e+02 -8.513370e+01  1.510000e+00
   endloop
 endfacet
 facet normal -7.933533e-01 -6.087614e-01  0.000000e+00
   outer loop
     vertex  1.839881e+02 -8.493444e+01  0.000000e+00
     vertex  1.840587e+02 -8.502650e+01  1.510000e+00
     vertex  1.839881e+02 -8.493444e+01  1.510000e+00
   endloop
 endfacet
 facet normal -7.933533e-01 -6.087614e-01 -1.703637e-18
   outer loop
     vertex  1.839881e+02 -8.493444e+01  0.000000e+00
     vertex  1.840587e+02 -8.502650e+01  0.000000e+00
     vertex  1.840587e+02 -8.502650e+01  1.510000e+00
   endloop
 endfacet
 facet normal -6.087614e-01 -7.933533e-01  0.000000e+00
   outer loop
     vertex  1.838960e+02 -8.486380e+01  0.000000e+00
     vertex  1.839881e+02 -8.493444e+01  1.510000e+00
     vertex  1.838960e+02 -8.486380e+01  1.510000e+00
   endloop
 endfacet
 facet normal -6.087614e-01 -7.933533e-01 -2.003994e-18
   outer loop
     vertex  1.838960e+02 -8.486380e+01  0.000000e+00
     vertex  1.839881e+02 -8.493444e+01  0.000000e+00
     vertex  1.839881e+02 -8.493444e+01  1.510000e+00
   endloop
 endfacet
 facet normal -1.305262e-01 -9.914449e-01  0.000000e+00
   outer loop
     vertex  1.837888e+02 -8.481940e+01  0.000000e+00
     vertex  1.837888e+02 -8.481940e+01  1.510000e+00
     vertex  1.836737e+02 -8.480425e+01  1.510000e+00
   endloop
 endfacet
 facet normal -3.826834e-01 -9.238795e-01  0.000000e+00
   outer loop
     vertex  1.837888e+02 -8.481940e+01  0.000000e+00
     vertex  1.838960e+02 -8.486380e+01  1.510000e+00
     vertex  1.837888e+02 -8.481940e+01  1.510000e+00
   endloop
 endfacet
 facet normal -3.826834e-01 -9.238795e-01 -2.464558e-18
   outer loop
     vertex  1.837888e+02 -8.481940e+01  0.000000e+00
     vertex  1.838960e+02 -8.486380e+01  0.000000e+00
     vertex  1.838960e+02 -8.486380e+01  1.510000e+00
   endloop
 endfacet
 facet normal -1.305262e-01 -9.914449e-01  0.000000e+00
   outer loop
     vertex  1.836737e+02 -8.480425e+01  0.000000e+00
     vertex  1.837888e+02 -8.481940e+01  0.000000e+00
     vertex  1.836737e+02 -8.480425e+01  1.510000e+00
   endloop
 endfacet
 facet normal  1.305262e-01 -9.914449e-01  5.446228e-19
   outer loop
     vertex  1.835587e+02 -8.481940e+01  0.000000e+00
     vertex  1.836737e+02 -8.480425e+01  0.000000e+00
     vertex  1.836737e+02 -8.480425e+01  1.510000e+00
   endloop
 endfacet
 facet normal  1.305262e-01 -9.914449e-01  0.000000e+00
   outer loop
     vertex  1.835587e+02 -8.481940e+01  0.000000e+00
     vertex  1.836737e+02 -8.480425e+01  1.510000e+00
     vertex  1.835587e+02 -8.481940e+01  1.510000e+00
   endloop
 endfacet
 facet normal  3.826834e-01 -9.238795e-01 -2.796119e-19
   outer loop
     vertex  1.834515e+02 -8.486380e+01  0.000000e+00
     vertex  1.835587e+02 -8.481940e+01  0.000000e+00
     vertex  1.835587e+02 -8.481940e+01  1.510000e+00
   endloop
 endfacet
 facet normal  3.826834e-01 -9.238795e-01  0.000000e+00
   outer loop
     vertex  1.834515e+02 -8.486380e+01  0.000000e+00
     vertex  1.835587e+02 -8.481940e+01  1.510000e+00
     vertex  1.834515e+02 -8.486380e+01  1.510000e+00
   endloop
 endfacet
 facet normal  6.087614e-01 -7.933533e-01 -1.490509e-18
   outer loop
     vertex  1.833594e+02 -8.493444e+01  0.000000e+00
     vertex  1.834515e+02 -8.486380e+01  0.000000e+00
     vertex  1.834515e+02 -8.486380e+01  1.510000e+00
   endloop
 endfacet
 facet normal  7.933533e-01 -6.087614e-01  0.000000e+00
   outer loop
     vertex  1.833594e+02 -8.493444e+01  0.000000e+00
     vertex  1.833594e+02 -8.493444e+01  1.510000e+00
     vertex  1.832888e+02 -8.502650e+01  1.510000e+00
   endloop
 endfacet
 facet normal  6.087614e-01 -7.933533e-01  0.000000e+00
   outer loop
     vertex  1.833594e+02 -8.493444e+01  0.000000e+00
     vertex  1.834515e+02 -8.486380e+01  1.510000e+00
     vertex  1.833594e+02 -8.493444e+01  1.510000e+00
   endloop
 endfacet
 facet normal  7.933533e-01 -6.087614e-01  0.000000e+00
   outer loop
     vertex  1.832888e+02 -8.502650e+01  0.000000e+00
     vertex  1.833594e+02 -8.493444e+01  0.000000e+00
     vertex  1.832888e+02 -8.502650e+01  1.510000e+00
   endloop
 endfacet
 facet normal  9.238795e-01 -3.826834e-01 -2.432461e-18
   outer loop
     vertex  1.832444e+02 -8.513370e+01  0.000000e+00
     vertex  1.832888e+02 -8.502650e+01  0.000000e+00
     vertex  1.832888e+02 -8.502650e+01  1.510000e+00
   endloop
 endfacet
 facet normal  9.238795e-01 -3.826834e-01  0.000000e+00
   outer loop
     vertex  1.832444e+02 -8.513370e+01  0.000000e+00
     vertex  1.832888e+02 -8.502650e+01  1.510000e+00
     vertex  1.832444e+02 -8.513370e+01  1.510000e+00
   endloop
 endfacet
 facet normal  9.914449e-01 -1.305262e-01  5.740299e-20
   outer loop
     vertex  1.832292e+02 -8.524875e+01  0.000000e+00
     vertex  1.832444e+02 -8.513370e+01  0.000000e+00
     vertex  1.832444e+02 -8.513370e+01  1.510000e+00
   endloop
 endfacet
 facet normal  9.914449e-01 -1.305262e-01  0.000000e+00
   outer loop
     vertex  1.832292e+02 -8.524875e+01  0.000000e+00
     vertex  1.832444e+02 -8.513370e+01  1.510000e+00
     vertex  1.832292e+02 -8.524875e+01  1.510000e+00
   endloop
 endfacet
 facet normal  9.914449e-01  1.305262e-01 -0.000000e+00
   outer loop
     vertex  1.832444e+02 -8.536380e+01  0.000000e+00
     vertex  1.832292e+02 -8.524875e+01  1.510000e+00
     vertex  1.832444e+02 -8.536380e+01  1.510000e+00
   endloop
 endfacet
 facet normal  9.914449e-01  1.305262e-01 -5.740299e-20
   outer loop
     vertex  1.832444e+02 -8.536380e+01  0.000000e+00
     vertex  1.832292e+02 -8.524875e+01  0.000000e+00
     vertex  1.832292e+02 -8.524875e+01  1.510000e+00
   endloop
 endfacet
 facet normal  9.238795e-01  3.826834e-01 -0.000000e+00
   outer loop
     vertex  1.832888e+02 -8.547100e+01  0.000000e+00
     vertex  1.832444e+02 -8.536380e+01  1.510000e+00
     vertex  1.832888e+02 -8.547100e+01  1.510000e+00
   endloop
 endfacet
 facet normal  9.238795e-01  3.826834e-01 -1.979625e-18
   outer loop
     vertex  1.832888e+02 -8.547100e+01  0.000000e+00
     vertex  1.832444e+02 -8.536380e+01  0.000000e+00
     vertex  1.832444e+02 -8.536380e+01  1.510000e+00
   endloop
 endfacet
 facet normal  7.933533e-01  6.087614e-01 -1.703637e-18
   outer loop
     vertex  1.833594e+02 -8.556306e+01  0.000000e+00
     vertex  1.832888e+02 -8.547100e+01  0.000000e+00
     vertex  1.832888e+02 -8.547100e+01  1.510000e+00
   endloop
 endfacet
 facet normal  6.087614e-01  7.933533e-01 -0.000000e+00
   outer loop
     vertex  1.833594e+02 -8.556306e+01  0.000000e+00
     vertex  1.833594e+02 -8.556306e+01  1.510000e+00
     vertex  1.834515e+02 -8.563370e+01  1.510000e+00
   endloop
 endfacet
 facet normal  7.933533e-01  6.087614e-01 -0.000000e+00
   outer loop
     vertex  1.833594e+02 -8.556306e+01  0.000000e+00
     vertex  1.832888e+02 -8.547100e+01  1.510000e+00
     vertex  1.833594e+02 -8.556306e+01  1.510000e+00
   endloop
 endfacet
 facet normal  6.087614e-01  7.933533e-01 -0.000000e+00
   outer loop
     vertex  1.834515e+02 -8.563370e+01  0.000000e+00
     vertex  1.833594e+02 -8.556306e+01  0.000000e+00
     vertex  1.834515e+02 -8.563370e+01  1.510000e+00
   endloop
 endfacet
 facet normal  1.305262e-01  9.914449e-01 -0.000000e+00
   outer loop
     vertex  1.835587e+02 -8.567810e+01  0.000000e+00
     vertex  1.835587e+02 -8.567810e+01  1.510000e+00
     vertex  1.836738e+02 -8.569325e+01  1.510000e+00
   endloop
 endfacet
 facet normal  3.826834e-01  9.238795e-01 -0.000000e+00
   outer loop
     vertex  1.835587e+02 -8.567810e+01  0.000000e+00
     vertex  1.834515e+02 -8.563370e+01  1.510000e+00
     vertex  1.835587e+02 -8.567810e+01  1.510000e+00
   endloop
 endfacet
 facet normal  3.826834e-01  9.238795e-01 -2.464558e-18
   outer loop
     vertex  1.835587e+02 -8.567810e+01  0.000000e+00
     vertex  1.834515e+02 -8.563370e+01  0.000000e+00
     vertex  1.834515e+02 -8.563370e+01  1.510000e+00
   endloop
 endfacet
 facet normal  1.305262e-01  9.914449e-01 -0.000000e+00
   outer loop
     vertex  1.836738e+02 -8.569325e+01  0.000000e+00
     vertex  1.835587e+02 -8.567810e+01  0.000000e+00
     vertex  1.836738e+02 -8.569325e+01  1.510000e+00
   endloop
 endfacet
 facet normal -1.305262e-01  9.914449e-01 -1.897608e-19
   outer loop
     vertex  1.863288e+02 -8.567810e+01  0.000000e+00
     vertex  1.862138e+02 -8.569325e+01  0.000000e+00
     vertex  1.862138e+02 -8.569325e+01  1.510000e+00
   endloop
 endfacet
 facet normal -1.305262e-01  9.914449e-01  0.000000e+00
   outer loop
     vertex  1.863288e+02 -8.567810e+01  0.000000e+00
     vertex  1.862138e+02 -8.569325e+01  1.510000e+00
     vertex  1.863288e+02 -8.567810e+01  1.510000e+00
   endloop
 endfacet
 facet normal -3.826834e-01  9.238795e-01  0.000000e+00
   outer loop
     vertex  1.864360e+02 -8.563370e+01  0.000000e+00
     vertex  1.863288e+02 -8.567810e+01  1.510000e+00
     vertex  1.864360e+02 -8.563370e+01  1.510000e+00
   endloop
 endfacet
 facet normal -3.826834e-01  9.238795e-01 -2.796119e-19
   outer loop
     vertex  1.864360e+02 -8.563370e+01  0.000000e+00
     vertex  1.863288e+02 -8.567810e+01  0.000000e+00
     vertex  1.863288e+02 -8.567810e+01  1.510000e+00
   endloop
 endfacet
 facet normal -6.087614e-01  7.933533e-01  0.000000e+00
   outer loop
     vertex  1.865281e+02 -8.556306e+01  0.000000e+00
     vertex  1.864360e+02 -8.563370e+01  1.510000e+00
     vertex  1.865281e+02 -8.556306e+01  1.510000e+00
   endloop
 endfacet
 facet normal -6.087614e-01  7.933533e-01  2.003994e-18
   outer loop
     vertex  1.865281e+02 -8.556306e+01  0.000000e+00
     vertex  1.864360e+02 -8.563370e+01  0.000000e+00
     vertex  1.864360e+02 -8.563370e+01  1.510000e+00
   endloop
 endfacet
 facet normal -7.933533e-01  6.087614e-01  0.000000e+00
   outer loop
     vertex  1.865987e+02 -8.547100e+01  0.000000e+00
     vertex  1.865281e+02 -8.556306e+01  1.510000e+00
     vertex  1.865987e+02 -8.547100e+01  1.510000e+00
   endloop
 endfacet
 facet normal -7.933533e-01  6.087614e-01 -1.490509e-18
   outer loop
     vertex  1.865987e+02 -8.547100e+01  0.000000e+00
     vertex  1.865281e+02 -8.556306e+01  0.000000e+00
     vertex  1.865281e+02 -8.556306e+01  1.510000e+00
   endloop
 endfacet
 facet normal -9.238795e-01  3.826834e-01  0.000000e+00
   outer loop
     vertex  1.866431e+02 -8.536380e+01  0.000000e+00
     vertex  1.865987e+02 -8.547100e+01  1.510000e+00
     vertex  1.866431e+02 -8.536380e+01  1.510000e+00
   endloop
 endfacet
 facet normal -9.238795e-01  3.826834e-01 -2.432461e-18
   outer loop
     vertex  1.866431e+02 -8.536380e+01  0.000000e+00
     vertex  1.865987e+02 -8.547100e+01  0.000000e+00
     vertex  1.865987e+02 -8.547100e+01  1.510000e+00
   endloop
 endfacet
 facet normal -9.914449e-01  1.305262e-01  0.000000e+00
   outer loop
     vertex  1.866583e+02 -8.524875e+01  0.000000e+00
     vertex  1.866431e+02 -8.536380e+01  1.510000e+00
     vertex  1.866583e+02 -8.524875e+01  1.510000e+00
   endloop
 endfacet
 facet normal -9.914449e-01  1.305262e-01  5.740299e-20
   outer loop
     vertex  1.866583e+02 -8.524875e+01  0.000000e+00
     vertex  1.866431e+02 -8.536380e+01  0.000000e+00
     vertex  1.866431e+02 -8.536380e+01  1.510000e+00
   endloop
 endfacet
 facet normal -9.914449e-01 -1.305262e-01  0.000000e+00
   outer loop
     vertex  1.866431e+02 -8.513370e+01  0.000000e+00
     vertex  1.866583e+02 -8.524875e+01  1.510000e+00
     vertex  1.866431e+02 -8.513370e+01  1.510000e+00
   endloop
 endfacet
 facet normal -9.914449e-01 -1.305262e-01 -5.740299e-20
   outer loop
     vertex  1.866431e+02 -8.513370e+01  0.000000e+00
     vertex  1.866583e+02 -8.524875e+01  0.000000e+00
     vertex  1.866583e+02 -8.524875e+01  1.510000e+00
   endloop
 endfacet
 facet normal -9.238795e-01 -3.826834e-01  0.000000e+00
   outer loop
     vertex  1.865987e+02 -8.502650e+01  0.000000e+00
     vertex  1.866431e+02 -8.513370e+01  1.510000e+00
     vertex  1.865987e+02 -8.502650e+01  1.510000e+00
   endloop
 endfacet
 facet normal -9.238795e-01 -3.826834e-01  2.432461e-18
   outer loop
     vertex  1.865987e+02 -8.502650e+01  0.000000e+00
     vertex  1.866431e+02 -8.513370e+01  0.000000e+00
     vertex  1.866431e+02 -8.513370e+01  1.510000e+00
   endloop
 endfacet
 facet normal -7.933533e-01 -6.087614e-01  0.000000e+00
   outer loop
     vertex  1.865281e+02 -8.493444e+01  0.000000e+00
     vertex  1.865987e+02 -8.502650e+01  1.510000e+00
     vertex  1.865281e+02 -8.493444e+01  1.510000e+00
   endloop
 endfacet
 facet normal -7.933533e-01 -6.087614e-01  1.490509e-18
   outer loop
     vertex  1.865281e+02 -8.493444e+01  0.000000e+00
     vertex  1.865987e+02 -8.502650e+01  0.000000e+00
     vertex  1.865987e+02 -8.502650e+01  1.510000e+00
   endloop
 endfacet
 facet normal -6.087614e-01 -7.933533e-01  0.000000e+00
   outer loop
     vertex  1.864360e+02 -8.486380e+01  0.000000e+00
     vertex  1.865281e+02 -8.493444e+01  1.510000e+00
     vertex  1.864360e+02 -8.486380e+01  1.510000e+00
   endloop
 endfacet
 facet normal -6.087614e-01 -7.933533e-01 -2.003994e-18
   outer loop
     vertex  1.864360e+02 -8.486380e+01  0.000000e+00
     vertex  1.865281e+02 -8.493444e+01  0.000000e+00
     vertex  1.865281e+02 -8.493444e+01  1.510000e+00
   endloop
 endfacet
 facet normal -1.305262e-01 -9.914449e-01  0.000000e+00
   outer loop
     vertex  1.863288e+02 -8.481940e+01  0.000000e+00
     vertex  1.863288e+02 -8.481940e+01  1.510000e+00
     vertex  1.862138e+02 -8.480425e+01  1.510000e+00
   endloop
 endfacet
 facet normal -3.826834e-01 -9.238795e-01  0.000000e+00
   outer loop
     vertex  1.863288e+02 -8.481940e+01  0.000000e+00
     vertex  1.864360e+02 -8.486380e+01  1.510000e+00
     vertex  1.863288e+02 -8.481940e+01  1.510000e+00
   endloop
 endfacet
 facet normal -3.826834e-01 -9.238795e-01  2.796119e-19
   outer loop
     vertex  1.863288e+02 -8.481940e+01  0.000000e+00
     vertex  1.864360e+02 -8.486380e+01  0.000000e+00
     vertex  1.864360e+02 -8.486380e+01  1.510000e+00
   endloop
 endfacet
 facet normal -1.305262e-01 -9.914449e-01  0.000000e+00
   outer loop
     vertex  1.862138e+02 -8.480425e+01  0.000000e+00
     vertex  1.863288e+02 -8.481940e+01  0.000000e+00
     vertex  1.862138e+02 -8.480425e+01  1.510000e+00
   endloop
 endfacet
 facet normal  1.305262e-01 -9.914449e-01 -1.897608e-19
   outer loop
     vertex  1.860987e+02 -8.481940e+01  0.000000e+00
     vertex  1.862138e+02 -8.480425e+01  0.000000e+00
     vertex  1.862138e+02 -8.480425e+01  1.510000e+00
   endloop
 endfacet
 facet normal  1.305262e-01 -9.914449e-01  0.000000e+00
   outer loop
     vertex  1.860987e+02 -8.481940e+01  0.000000e+00
     vertex  1.862138e+02 -8.480425e+01  1.510000e+00
     vertex  1.860987e+02 -8.481940e+01  1.510000e+00
   endloop
 endfacet
 facet normal  3.826834e-01 -9.238795e-01 -2.796119e-19
   outer loop
     vertex  1.859915e+02 -8.486380e+01  0.000000e+00
     vertex  1.860987e+02 -8.481940e+01  0.000000e+00
     vertex  1.860987e+02 -8.481940e+01  1.510000e+00
   endloop
 endfacet
 facet normal  3.826834e-01 -9.238795e-01  0.000000e+00
   outer loop
     vertex  1.859915e+02 -8.486380e+01  0.000000e+00
     vertex  1.860987e+02 -8.481940e+01  1.510000e+00
     vertex  1.859915e+02 -8.486380e+01  1.510000e+00
   endloop
 endfacet
 facet normal  6.087614e-01 -7.933533e-01  2.003994e-18
   outer loop
     vertex  1.858994e+02 -8.493444e+01  0.000000e+00
     vertex  1.859915e+02 -8.486380e+01  0.000000e+00
     vertex  1.859915e+02 -8.486380e+01  1.510000e+00
   endloop
 endfacet
 facet normal  7.933533e-01 -6.087614e-01  0.000000e+00
   outer loop
     vertex  1.858994e+02 -8.493444e+01  0.000000e+00
     vertex  1.858994e+02 -8.493444e+01  1.510000e+00
     vertex  1.858288e+02 -8.502650e+01  1.510000e+00
   endloop
 endfacet
 facet normal  6.087614e-01 -7.933533e-01  0.000000e+00
   outer loop
     vertex  1.858994e+02 -8.493444e+01  0.000000e+00
     vertex  1.859915e+02 -8.486380e+01  1.510000e+00
     vertex  1.858994e+02 -8.493444e+01  1.510000e+00
   endloop
 endfacet
 facet normal  7.933533e-01 -6.087614e-01  0.000000e+00
   outer loop
     vertex  1.858288e+02 -8.502650e+01  0.000000e+00
     vertex  1.858994e+02 -8.493444e+01  0.000000e+00
     vertex  1.858288e+02 -8.502650e+01  1.510000e+00
   endloop
 endfacet
 facet normal  9.238795e-01 -3.826834e-01 -2.432461e-18
   outer loop
     vertex  1.857844e+02 -8.513370e+01  0.000000e+00
     vertex  1.858288e+02 -8.502650e+01  0.000000e+00
     vertex  1.858288e+02 -8.502650e+01  1.510000e+00
   endloop
 endfacet
 facet normal  9.238795e-01 -3.826834e-01  0.000000e+00
   outer loop
     vertex  1.857844e+02 -8.513370e+01  0.000000e+00
     vertex  1.858288e+02 -8.502650e+01  1.510000e+00
     vertex  1.857844e+02 -8.513370e+01  1.510000e+00
   endloop
 endfacet
 facet normal  9.914449e-01 -1.305262e-01  5.740299e-20
   outer loop
     vertex  1.857692e+02 -8.524875e+01  0.000000e+00
     vertex  1.857844e+02 -8.513370e+01  0.000000e+00
     vertex  1.857844e+02 -8.513370e+01  1.510000e+00
   endloop
 endfacet
 facet normal  9.914449e-01 -1.305262e-01  0.000000e+00
   outer loop
     vertex  1.857692e+02 -8.524875e+01  0.000000e+00
     vertex  1.857844e+02 -8.513370e+01  1.510000e+00
     vertex  1.857692e+02 -8.524875e+01  1.510000e+00
   endloop
 endfacet
 facet normal  9.914449e-01  1.305262e-01 -0.000000e+00
   outer loop
     vertex  1.857844e+02 -8.536380e+01  0.000000e+00
     vertex  1.857692e+02 -8.524875e+01  1.510000e+00
     vertex  1.857844e+02 -8.536380e+01  1.510000e+00
   endloop
 endfacet
 facet normal  9.914449e-01  1.305262e-01 -5.740299e-20
   outer loop
     vertex  1.857844e+02 -8.536380e+01  0.000000e+00
     vertex  1.857692e+02 -8.524875e+01  0.000000e+00
     vertex  1.857692e+02 -8.524875e+01  1.510000e+00
   endloop
 endfacet
 facet normal  9.238795e-01  3.826834e-01 -0.000000e+00
   outer loop
     vertex  1.858288e+02 -8.547100e+01  0.000000e+00
     vertex  1.857844e+02 -8.536380e+01  1.510000e+00
     vertex  1.858288e+02 -8.547100e+01  1.510000e+00
   endloop
 endfacet
 facet normal  9.238795e-01  3.826834e-01  2.432461e-18
   outer loop
     vertex  1.858288e+02 -8.547100e+01  0.000000e+00
     vertex  1.857844e+02 -8.536380e+01  0.000000e+00
     vertex  1.857844e+02 -8.536380e+01  1.510000e+00
   endloop
 endfacet
 facet normal  7.933533e-01  6.087614e-01  1.490509e-18
   outer loop
     vertex  1.858994e+02 -8.556306e+01  0.000000e+00
     vertex  1.858288e+02 -8.547100e+01  0.000000e+00
     vertex  1.858288e+02 -8.547100e+01  1.510000e+00
   endloop
 endfacet
 facet normal  6.087614e-01  7.933533e-01 -0.000000e+00
   outer loop
     vertex  1.858994e+02 -8.556306e+01  0.000000e+00
     vertex  1.858994e+02 -8.556306e+01  1.510000e+00
     vertex  1.859915e+02 -8.563370e+01  1.510000e+00
   endloop
 endfacet
 facet normal  7.933533e-01  6.087614e-01 -0.000000e+00
   outer loop
     vertex  1.858994e+02 -8.556306e+01  0.000000e+00
     vertex  1.858288e+02 -8.547100e+01  1.510000e+00
     vertex  1.858994e+02 -8.556306e+01  1.510000e+00
   endloop
 endfacet
 facet normal  6.087614e-01  7.933533e-01 -0.000000e+00
   outer loop
     vertex  1.859915e+02 -8.563370e+01  0.000000e+00
     vertex  1.858994e+02 -8.556306e+01  0.000000e+00
     vertex  1.859915e+02 -8.563370e+01  1.510000e+00
   endloop
 endfacet
 facet normal  1.305262e-01  9.914449e-01 -0.000000e+00
   outer loop
     vertex  1.860987e+02 -8.567810e+01  0.000000e+00
     vertex  1.860987e+02 -8.567810e+01  1.510000e+00
     vertex  1.862138e+02 -8.569325e+01  1.510000e+00
   endloop
 endfacet
 facet normal  3.826834e-01  9.238795e-01 -0.000000e+00
   outer loop
     vertex  1.860987e+02 -8.567810e+01  0.000000e+00
     vertex  1.859915e+02 -8.563370e+01  1.510000e+00
     vertex  1.860987e+02 -8.567810e+01  1.510000e+00
   endloop
 endfacet
 facet normal  3.826834e-01  9.238795e-01  2.796119e-19
   outer loop
     vertex  1.860987e+02 -8.567810e+01  0.000000e+00
     vertex  1.859915e+02 -8.563370e+01  0.000000e+00
     vertex  1.859915e+02 -8.563370e+01  1.510000e+00
   endloop
 endfacet
 facet normal  1.305262e-01  9.914449e-01 -0.000000e+00
   outer loop
     vertex  1.862138e+02 -8.569325e+01  0.000000e+00
     vertex  1.860987e+02 -8.567810e+01  0.000000e+00
     vertex  1.862138e+02 -8.569325e+01  1.510000e+00
   endloop
 endfacet
endsolid
